fs_type,D,W,F,profile_name,p_read,p_write,p_mkdir,p_ls,p_mv,p_find,distribution,locality,zipf_s,operations,repeats,avg_latency_us,p99_latency_us,throughput_ops_sec,memory_usage_bytes
A,2,5,0.3,backup,0.1,0.7,0,0,0.2,0,uniform,0,0,2000,2,0.148005,0.4165,6.7571e+06,1582
A,2,5,0.3,backup,0.1,0.7,0,0,0.2,0,zipf,0.3,1.5,2000,2,0.135375,0.3545,7.38758e+06,1558
A,2,5,0.3,backup,0.1,0.7,0,0,0.2,0,zipf,0.8,2,2000,2,0.251316,0.6875,4.01784e+06,1542
A,2,5,0.6,backup,0.1,0.7,0,0,0.2,0,uniform,0,0,2000,2,0.14677,0.3955,6.81381e+06,3196
A,2,5,0.6,backup,0.1,0.7,0,0,0.2,0,zipf,0.3,1.5,2000,2,0.162033,0.396,6.17184e+06,3172
A,2,5,0.6,backup,0.1,0.7,0,0,0.2,0,zipf,0.8,2,2000,2,0.1683,0.4165,5.94181e+06,2991
A,2,5,0.95,backup,0.1,0.7,0,0,0.2,0,uniform,0,0,2000,2,0.156781,0.396,6.38271e+06,4840
A,2,5,0.95,backup,0.1,0.7,0,0,0.2,0,zipf,0.3,1.5,2000,2,0.156116,0.4165,6.4063e+06,4776
A,2,5,0.95,backup,0.1,0.7,0,0,0.2,0,zipf,0.8,2,2000,2,0.15753,0.396,6.34846e+06,4688
A,2,10,0.3,backup,0.1,0.7,0,0,0.2,0,uniform,0,0,2000,2,0.156821,0.4165,6.37854e+06,6054
A,2,10,0.3,backup,0.1,0.7,0,0,0.2,0,zipf,0.3,1.5,2000,2,0.15743,0.396,6.35373e+06,5841
A,2,10,0.3,backup,0.1,0.7,0,0,0.2,0,zipf,0.8,2,2000,2,0.151634,0.375,6.59545e+06,5681
A,2,10,0.6,backup,0.1,0.7,0,0,0.2,0,uniform,0,0,2000,2,0.181322,0.479,5.51789e+06,11680
A,2,10,0.6,backup,0.1,0.7,0,0,0.2,0,zipf,0.3,1.5,2000,2,0.167706,0.438,5.96629e+06,11392
A,2,10,0.6,backup,0.1,0.7,0,0,0.2,0,zipf,0.8,2,2000,2,0.167288,0.4375,5.97846e+06,11025
A,2,10,0.95,backup,0.1,0.7,0,0,0.2,0,uniform,0,0,2000,2,0.181239,0.479,5.51938e+06,12746
A,2,10,0.95,backup,0.1,0.7,0,0,0.2,0,zipf,0.3,1.5,2000,2,0.182837,0.479,5.47239e+06,12410
A,2,10,0.95,backup,0.1,0.7,0,0,0.2,0,zipf,0.8,2,2000,2,0.170539,0.438,5.86485e+06,11923
A,2,15,0.3,backup,0.1,0.7,0,0,0.2,0,uniform,0,0,2000,2,0.181183,0.4585,5.52156e+06,12308
A,2,15,0.3,backup,0.1,0.7,0,0,0.2,0,zipf,0.3,1.5,2000,2,0.164873,0.438,6.06898e+06,12332
A,2,15,0.3,backup,0.1,0.7,0,0,0.2,0,zipf,0.8,2,2000,2,0.148423,0.396,6.73991e+06,12031
A,2,15,0.6,backup,0.1,0.7,0,0,0.2,0,uniform,0,0,2000,2,0.187297,0.4795,5.34273e+06,21446
A,2,15,0.6,backup,0.1,0.7,0,0,0.2,0,zipf,0.3,1.5,2000,2,0.194319,0.521,5.14834e+06,20905
A,2,15,0.6,backup,0.1,0.7,0,0,0.2,0,zipf,0.8,2,2000,2,0.182153,0.479,5.49214e+06,19126
A,2,15,0.95,backup,0.1,0.7,0,0,0.2,0,uniform,0,0,2000,2,0.19112,0.4795,5.23476e+06,21438
A,2,15,0.95,backup,0.1,0.7,0,0,0.2,0,zipf,0.3,1.5,2000,2,0.18803,0.4795,5.32025e+06,20804
A,2,15,0.95,backup,0.1,0.7,0,0,0.2,0,zipf,0.8,2,2000,2,0.17829,0.4585,5.60991e+06,19517
A,5,5,0.3,backup,0.1,0.7,0,0,0.2,0,uniform,0,0,2000,2,0.316127,0.9795,3.19327e+06,58372
A,5,5,0.3,backup,0.1,0.7,0,0,0.2,0,zipf,0.3,1.5,2000,2,0.511741,1.2915,1.95455e+06,52233
A,5,5,0.3,backup,0.1,0.7,0,0,0.2,0,zipf,0.8,2,2000,2,0.433614,1.104,2.30629e+06,46031
A,5,5,0.6,backup,0.1,0.7,0,0,0.2,0,uniform,0,0,2000,2,0.489773,1.271,2.04284e+06,57924
A,5,5,0.6,backup,0.1,0.7,0,0,0.2,0,zipf,0.3,1.5,2000,2,0.313661,0.7915,3.18964e+06,52323
A,5,5,0.6,backup,0.1,0.7,0,0,0.2,0,zipf,0.8,2,2000,2,0.286651,0.7085,3.48905e+06,45922
A,5,5,0.95,backup,0.1,0.7,0,0,0.2,0,uniform,0,0,2000,2,0.307355,0.771,3.2554e+06,58132
A,5,5,0.95,backup,0.1,0.7,0,0,0.2,0,zipf,0.3,1.5,2000,2,0.314514,0.7295,3.18012e+06,51180
A,5,5,0.95,backup,0.1,0.7,0,0,0.2,0,zipf,0.8,2,2000,2,0.283725,0.6875,3.52505e+06,45704
A,5,10,0.3,backup,0.1,0.7,0,0,0.2,0,uniform,0,0,2000,2,0.684155,1.75,1.46577e+06,944620
A,5,10,0.3,backup,0.1,0.7,0,0,0.2,0,zipf,0.3,1.5,2000,2,0.340042,0.937,2.95573e+06,858250
A,5,10,0.3,backup,0.1,0.7,0,0,0.2,0,zipf,0.8,2,2000,2,0.289618,0.729,3.45385e+06,845944
A,5,10,0.6,backup,0.1,0.7,0,0,0.2,0,uniform,0,0,2000,2,0.360946,0.896,2.77517e+06,947602
A,5,10,0.6,backup,0.1,0.7,0,0,0.2,0,zipf,0.3,1.5,2000,2,0.516166,1.3965,1.96301e+06,858107
A,5,10,0.6,backup,0.1,0.7,0,0,0.2,0,zipf,0.8,2,2000,2,0.308091,0.7505,3.24713e+06,845066
A,5,10,0.95,backup,0.1,0.7,0,0,0.2,0,uniform,0,0,2000,2,0.461541,1.3125,2.21103e+06,946809
A,5,10,0.95,backup,0.1,0.7,0,0,0.2,0,zipf,0.3,1.5,2000,2,0.318097,0.8125,3.14752e+06,859388
A,5,10,0.95,backup,0.1,0.7,0,0,0.2,0,zipf,0.8,2,2000,2,0.293433,0.7495,3.40844e+06,845112
A,5,15,0.3,backup,0.1,0.7,0,0,0.2,0,uniform,0,0,2000,2,0.734311,2.771,1.37234e+06,7868647
A,5,15,0.3,backup,0.1,0.7,0,0,0.2,0,zipf,0.3,1.5,2000,2,0.47456,1.5,2.11619e+06,7765197
A,5,15,0.3,backup,0.1,0.7,0,0,0.2,0,zipf,0.8,2,2000,2,0.362683,1.1455,2.7597e+06,7751930
A,5,15,0.6,backup,0.1,0.7,0,0,0.2,0,uniform,0,0,2000,2,0.854344,2.3335,1.21545e+06,7872707
A,5,15,0.6,backup,0.1,0.7,0,0,0.2,0,zipf,0.3,1.5,2000,2,0.43162,1.396,2.31688e+06,7766400
A,5,15,0.6,backup,0.1,0.7,0,0,0.2,0,zipf,0.8,2,2000,2,0.365573,1.3125,2.74509e+06,7748879
A,5,15,0.95,backup,0.1,0.7,0,0,0.2,0,uniform,0,0,2000,2,0.682472,1.8125,1.50345e+06,7871949
A,5,15,0.95,backup,0.1,0.7,0,0,0.2,0,zipf,0.3,1.5,2000,2,0.613325,1.9585,1.72921e+06,7764689
A,5,15,0.95,backup,0.1,0.7,0,0,0.2,0,zipf,0.8,2,2000,2,0.491479,1.5625,2.17783e+06,7749078
A,10,5,0.3,backup,0.1,0.7,0,0,0.2,0,uniform,0,0,2000,2,0.829775,2.3125,1.20531e+06,6786090
A,10,5,0.3,backup,0.1,0.7,0,0,0.2,0,zipf,0.3,1.5,2000,2,0.522696,1.7085,1.91448e+06,6675844
A,10,5,0.3,backup,0.1,0.7,0,0,0.2,0,zipf,0.8,2,2000,2,0.607797,1.9995,1.78352e+06,6660116
A,10,5,0.6,backup,0.1,0.7,0,0,0.2,0,uniform,0,0,2000,2,0.811395,2.2285,1.23272e+06,6784974
A,10,5,0.6,backup,0.1,0.7,0,0,0.2,0,zipf,0.3,1.5,2000,2,0.547646,1.771,1.82669e+06,6678936
A,10,5,0.6,backup,0.1,0.7,0,0,0.2,0,zipf,0.8,2,2000,2,0.432405,1.375,2.31283e+06,6661819
A,10,5,0.95,backup,0.1,0.7,0,0,0.2,0,uniform,0,0,2000,2,0.675436,1.771,1.48962e+06,4160314
A,10,5,0.95,backup,0.1,0.7,0,0,0.2,0,zipf,0.3,1.5,2000,2,1.58581,8.875,669186,4050959
A,10,5,0.95,backup,0.1,0.7,0,0,0.2,0,zipf,0.8,2,2000,2,0.430725,1.313,2.32171e+06,4035259
A,10,10,0.3,backup,0.1,0.7,0,0,0.2,0,uniform,0,0,2000,2,12.2028,89.6255,252216,364634043
A,10,10,0.3,backup,0.1,0.7,0,0,0.2,0,zipf,0.3,1.5,2000,2,10.2422,235.312,591412,364522453
A,10,10,0.3,backup,0.1,0.7,0,0,0.2,0,zipf,0.8,2,2000,2,1.6852,29.7495,931039,364505796
A,10,10,0.6,backup,0.1,0.7,0,0,0.2,0,uniform,0,0,2000,2,12.0693,74.0205,205160,364638382
A,10,10,0.6,backup,0.1,0.7,0,0,0.2,0,zipf,0.3,1.5,2000,2,1.3921,11.3755,869432,364526546
A,10,10,0.6,backup,0.1,0.7,0,0,0.2,0,zipf,0.8,2,2000,2,0.935886,9.917,1.22584e+06,364511491
A,10,10,0.95,backup,0.1,0.7,0,0,0.2,0,uniform,0,0,2000,2,4.58498,22.854,251650,364633888
A,10,10,0.95,backup,0.1,0.7,0,0,0.2,0,zipf,0.3,1.5,2000,2,1.90122,16.6875,758106,364522325
A,10,10,0.95,backup,0.1,0.7,0,0,0.2,0,zipf,0.8,2,2000,2,0.993364,12.0835,1.17493e+06,364509352
A,10,15,0.3,backup,0.1,0.7,0,0,0.2,0,uniform,0,0,2000,2,12.1532,90.333,269775,364639461
A,10,15,0.3,backup,0.1,0.7,0,0,0.2,0,zipf,0.3,1.5,2000,2,3.84455,67.958,656726,364525419
A,10,15,0.3,backup,0.1,0.7,0,0,0.2,0,zipf,0.8,2,2000,2,2.04429,29.25,888085,364511741
A,10,15,0.6,backup,0.1,0.7,0,0,0.2,0,uniform,0,0,2000,2,11.9226,83.125,258083,364636117
A,10,15,0.6,backup,0.1,0.7,0,0,0.2,0,zipf,0.3,1.5,2000,2,2.26968,22.0205,699075,364529637
A,10,15,0.6,backup,0.1,0.7,0,0,0.2,0,zipf,0.8,2,2000,2,1.42705,16.896,1.04479e+06,364511899
A,10,15,0.95,backup,0.1,0.7,0,0,0.2,0,uniform,0,0,2000,2,25.3424,141.459,143810,364637156
A,10,15,0.95,backup,0.1,0.7,0,0,0.2,0,zipf,0.3,1.5,2000,2,2.7457,36.646,508775,364527006
A,10,15,0.95,backup,0.1,0.7,0,0,0.2,0,zipf,0.8,2,2000,2,1.96813,27.792,920254,364510805
A,10,2,0.3,backup,0.1,0.7,0,0,0.2,0,uniform,0,0,2000,2,0.35417,0.9585,2.84457e+06,6934
A,10,2,0.3,backup,0.1,0.7,0,0,0.2,0,zipf,0.3,1.5,2000,2,0.251986,0.792,3.96929e+06,6886
A,10,2,0.3,backup,0.1,0.7,0,0,0.2,0,zipf,0.8,2,2000,2,0.253962,0.834,3.93776e+06,6646
A,10,2,0.6,backup,0.1,0.7,0,0,0.2,0,uniform,0,0,2000,2,0.314127,0.896,3.1875e+06,6982
A,10,2,0.6,backup,0.1,0.7,0,0,0.2,0,zipf,0.3,1.5,2000,2,0.265375,0.8545,3.76848e+06,6766
A,10,2,0.6,backup,0.1,0.7,0,0,0.2,0,zipf,0.8,2,2000,2,0.244677,0.8335,4.08741e+06,6566
A,10,2,0.95,backup,0.1,0.7,0,0,0.2,0,uniform,0,0,2000,2,0.306809,0.875,3.25943e+06,6918
A,10,2,0.95,backup,0.1,0.7,0,0,0.2,0,zipf,0.3,1.5,2000,2,0.251522,0.854,3.98068e+06,6830
A,10,2,0.95,backup,0.1,0.7,0,0,0.2,0,zipf,0.8,2,2000,2,0.271461,0.875,3.69546e+06,6481
A,15,2,0.3,backup,0.1,0.7,0,0,0.2,0,uniform,0,0,2000,2,0.383549,1.104,2.60774e+06,19318
A,15,2,0.3,backup,0.1,0.7,0,0,0.2,0,zipf,0.3,1.5,2000,2,0.390503,1.1455,2.56115e+06,18713
A,15,2,0.3,backup,0.1,0.7,0,0,0.2,0,zipf,0.8,2,2000,2,0.407231,1.437,2.47281e+06,17251
A,15,2,0.6,backup,0.1,0.7,0,0,0.2,0,uniform,0,0,2000,2,0.400947,1.1045,2.49411e+06,19246
A,15,2,0.6,backup,0.1,0.7,0,0,0.2,0,zipf,0.3,1.5,2000,2,0.39868,1.1045,2.50848e+06,18719
A,15,2,0.6,backup,0.1,0.7,0,0,0.2,0,zipf,0.8,2,2000,2,0.363839,1.021,2.74855e+06,16411
A,15,2,0.95,backup,0.1,0.7,0,0,0.2,0,uniform,0,0,2000,2,0.414894,1.25,2.42081e+06,19174
A,15,2,0.95,backup,0.1,0.7,0,0,0.2,0,zipf,0.3,1.5,2000,2,0.396414,1.125,2.52267e+06,18735
A,15,2,0.95,backup,0.1,0.7,0,0,0.2,0,zipf,0.8,2,2000,2,0.436047,1.2295,2.29339e+06,17376
A,20,2,0.3,backup,0.1,0.7,0,0,0.2,0,uniform,0,0,2000,2,0.546687,1.792,1.87213e+06,41394
A,20,2,0.3,backup,0.1,0.7,0,0,0.2,0,zipf,0.3,1.5,2000,2,0.533382,1.4795,1.87756e+06,38514
A,20,2,0.3,backup,0.1,0.7,0,0,0.2,0,zipf,0.8,2,2000,2,0.595134,1.5835,1.68031e+06,33777
A,20,2,0.6,backup,0.1,0.7,0,0,0.2,0,uniform,0,0,2000,2,0.621886,2.0415,1.60965e+06,41306
A,20,2,0.6,backup,0.1,0.7,0,0,0.2,0,zipf,0.3,1.5,2000,2,0.813296,2.3125,1.23044e+06,38394
A,20,2,0.6,backup,0.1,0.7,0,0,0.2,0,zipf,0.8,2,2000,2,0.590091,1.5835,1.69964e+06,33990
A,20,2,0.95,backup,0.1,0.7,0,0,0.2,0,uniform,0,0,2000,2,0.586607,1.7705,1.71781e+06,41434
A,20,2,0.95,backup,0.1,0.7,0,0,0.2,0,zipf,0.3,1.5,2000,2,0.743645,2.1245,1.34897e+06,38427
A,20,2,0.95,backup,0.1,0.7,0,0,0.2,0,zipf,0.8,2,2000,2,0.767824,4.6045,1.34113e+06,34282
A,15,3,0.3,backup,0.1,0.7,0,0,0.2,0,uniform,0,0,2000,2,0.681433,1.6875,1.46998e+06,870160
A,15,3,0.3,backup,0.1,0.7,0,0,0.2,0,zipf,0.3,1.5,2000,2,0.603814,1.5005,1.65634e+06,780519
A,15,3,0.3,backup,0.1,0.7,0,0,0.2,0,zipf,0.8,2,2000,2,0.716422,1.9375,1.44446e+06,766652
A,15,3,0.6,backup,0.1,0.7,0,0,0.2,0,uniform,0,0,2000,2,0.841023,2.25,1.20063e+06,870956
A,15,3,0.6,backup,0.1,0.7,0,0,0.2,0,zipf,0.3,1.5,2000,2,1.02734,2.896,974327,781038
A,15,3,0.6,backup,0.1,0.7,0,0,0.2,0,zipf,0.8,2,2000,2,0.604277,1.583,1.65561e+06,765775
A,15,3,0.95,backup,0.1,0.7,0,0,0.2,0,uniform,0,0,2000,2,0.653078,1.5625,1.53207e+06,871456
A,15,3,0.95,backup,0.1,0.7,0,0,0.2,0,zipf,0.3,1.5,2000,2,0.646124,1.6045,1.54838e+06,780241
A,15,3,0.95,backup,0.1,0.7,0,0,0.2,0,zipf,0.8,2,2000,2,0.606303,1.479,1.64938e+06,766535
A,2,30,0.3,backup,0.1,0.7,0,0,0.2,0,uniform,0,0,2000,2,0.409172,1.0415,2.45656e+06,49754
A,2,30,0.3,backup,0.1,0.7,0,0,0.2,0,zipf,0.3,1.5,2000,2,0.281908,0.7085,3.54877e+06,46400
A,2,30,0.3,backup,0.1,0.7,0,0,0.2,0,zipf,0.8,2,2000,2,0.246996,0.646,4.04925e+06,42495
A,2,30,0.6,backup,0.1,0.7,0,0,0.2,0,uniform,0,0,2000,2,0.280204,0.7505,3.57272e+06,82712
A,2,30,0.6,backup,0.1,0.7,0,0,0.2,0,zipf,0.3,1.5,2000,2,0.292377,0.771,3.42141e+06,74977
A,2,30,0.6,backup,0.1,0.7,0,0,0.2,0,zipf,0.8,2,2000,2,0.268974,0.688,3.71888e+06,68809
A,2,30,0.95,backup,0.1,0.7,0,0,0.2,0,uniform,0,0,2000,2,0.285507,0.771,3.50544e+06,83154
A,2,30,0.95,backup,0.1,0.7,0,0,0.2,0,zipf,0.3,1.5,2000,2,0.301144,0.771,3.32229e+06,74276
A,2,30,0.95,backup,0.1,0.7,0,0,0.2,0,zipf,0.8,2,2000,2,0.260604,0.688,3.83932e+06,69442
A,2,50,0.3,backup,0.1,0.7,0,0,0.2,0,uniform,0,0,2000,2,0.318105,0.854,3.1486e+06,132728
A,2,50,0.3,backup,0.1,0.7,0,0,0.2,0,zipf,0.3,1.5,2000,2,0.300335,0.813,3.33161e+06,113790
A,2,50,0.3,backup,0.1,0.7,0,0,0.2,0,zipf,0.8,2,2000,2,0.283288,0.7085,3.53052e+06,105105
A,2,50,0.6,backup,0.1,0.7,0,0,0.2,0,uniform,0,0,2000,2,0.34671,0.979,2.88917e+06,216237
A,2,50,0.6,backup,0.1,0.7,0,0,0.2,0,zipf,0.3,1.5,2000,2,0.328787,0.896,3.0434e+06,182576
A,2,50,0.6,backup,0.1,0.7,0,0,0.2,0,zipf,0.8,2,2000,2,0.301419,0.8125,3.31809e+06,172084
A,2,50,0.95,backup,0.1,0.7,0,0,0.2,0,uniform,0,0,2000,2,0.512235,1.417,1.95383e+06,216551
A,2,50,0.95,backup,0.1,0.7,0,0,0.2,0,zipf,0.3,1.5,2000,2,0.459,1.229,2.18008e+06,181208
A,2,50,0.95,backup,0.1,0.7,0,0,0.2,0,zipf,0.8,2,2000,2,0.42163,1.146,2.3778e+06,172258
A,3,30,0.3,backup,0.1,0.7,0,0,0.2,0,uniform,0,0,2000,2,0.602815,1.8955,1.67205e+06,860855
A,3,30,0.3,backup,0.1,0.7,0,0,0.2,0,zipf,0.3,1.5,2000,2,0.384869,1.042,2.59874e+06,782247
A,3,30,0.3,backup,0.1,0.7,0,0,0.2,0,zipf,0.8,2,2000,2,0.342122,0.9165,2.92433e+06,770591
A,3,30,0.6,backup,0.1,0.7,0,0,0.2,0,uniform,0,0,2000,2,0.424192,1.0835,2.36115e+06,863261
A,3,30,0.6,backup,0.1,0.7,0,0,0.2,0,zipf,0.3,1.5,2000,2,0.386604,1.1665,2.58902e+06,782840
A,3,30,0.6,backup,0.1,0.7,0,0,0.2,0,zipf,0.8,2,2000,2,0.485128,1.354,2.07168e+06,768363
A,3,30,0.95,backup,0.1,0.7,0,0,0.2,0,uniform,0,0,2000,2,0.406415,1.0835,2.46513e+06,862192
A,3,30,0.95,backup,0.1,0.7,0,0,0.2,0,zipf,0.3,1.5,2000,2,0.376209,1.042,2.65899e+06,786008
A,3,30,0.95,backup,0.1,0.7,0,0,0.2,0,zipf,0.8,2,2000,2,0.339439,0.896,2.94624e+06,767891
A,3,50,0.3,backup,0.1,0.7,0,0,0.2,0,uniform,0,0,2000,2,0.87331,2.4165,1.22416e+06,4391376
A,3,50,0.3,backup,0.1,0.7,0,0,0.2,0,zipf,0.3,1.5,2000,2,0.463097,1.5415,2.1599e+06,4296202
A,3,50,0.3,backup,0.1,0.7,0,0,0.2,0,zipf,0.8,2,2000,2,0.432747,1.458,2.31695e+06,4277700
A,3,50,0.6,backup,0.1,0.7,0,0,0.2,0,uniform,0,0,2000,2,1.00472,2.854,995390,4394456
A,3,50,0.6,backup,0.1,0.7,0,0,0.2,0,zipf,0.3,1.5,2000,2,0.478147,1.5415,2.09167e+06,4291869
A,3,50,0.6,backup,0.1,0.7,0,0,0.2,0,zipf,0.8,2,2000,2,0.372995,1.1255,2.6837e+06,4273494
A,3,50,0.95,backup,0.1,0.7,0,0,0.2,0,uniform,0,0,2000,2,0.625574,1.646,1.60025e+06,4389435
A,3,50,0.95,backup,0.1,0.7,0,0,0.2,0,zipf,0.3,1.5,2000,2,0.612682,1.9165,1.69055e+06,4293440
A,3,50,0.95,backup,0.1,0.7,0,0,0.2,0,zipf,0.8,2,2000,2,0.490665,1.563,2.09177e+06,4278786
A,2,5,0.3,build_system,0.5,0.25,0.1,0.05,0.05,0.05,uniform,0,0,2000,2,0.569197,5.188,1.75821e+06,28574
A,2,5,0.3,build_system,0.5,0.25,0.1,0.05,0.05,0.05,zipf,0.3,1.5,2000,2,0.7166,8.25,1.41284e+06,27194
A,2,5,0.3,build_system,0.5,0.25,0.1,0.05,0.05,0.05,zipf,0.8,2,2000,2,0.511329,5.4375,1.95699e+06,23980
A,2,5,0.6,build_system,0.5,0.25,0.1,0.05,0.05,0.05,uniform,0,0,2000,2,0.526578,2.063,2.00598e+06,28566
A,2,5,0.6,build_system,0.5,0.25,0.1,0.05,0.05,0.05,zipf,0.3,1.5,2000,2,0.401109,2.938,2.50112e+06,26788
A,2,5,0.6,build_system,0.5,0.25,0.1,0.05,0.05,0.05,zipf,0.8,2,2000,2,0.407161,5.2705,2.45608e+06,26860
A,2,5,0.95,build_system,0.5,0.25,0.1,0.05,0.05,0.05,uniform,0,0,2000,2,0.307224,1.5415,3.25528e+06,23530
A,2,5,0.95,build_system,0.5,0.25,0.1,0.05,0.05,0.05,zipf,0.3,1.5,2000,2,0.408015,4.854,2.45145e+06,27692
A,2,5,0.95,build_system,0.5,0.25,0.1,0.05,0.05,0.05,zipf,0.8,2,2000,2,0.412267,5.5,2.4295e+06,29674
A,2,10,0.3,build_system,0.5,0.25,0.1,0.05,0.05,0.05,uniform,0,0,2000,2,0.347313,2.0005,2.88098e+06,32026
A,2,10,0.3,build_system,0.5,0.25,0.1,0.05,0.05,0.05,zipf,0.3,1.5,2000,2,0.359855,2.417,2.78029e+06,29666
A,2,10,0.3,build_system,0.5,0.25,0.1,0.05,0.05,0.05,zipf,0.8,2,2000,2,0.344357,2.125,2.90461e+06,30201
A,2,10,0.6,build_system,0.5,0.25,0.1,0.05,0.05,0.05,uniform,0,0,2000,2,0.330365,1.2495,3.02976e+06,34542
A,2,10,0.6,build_system,0.5,0.25,0.1,0.05,0.05,0.05,zipf,0.3,1.5,2000,2,0.359097,2.812,2.78645e+06,36228
A,2,10,0.6,build_system,0.5,0.25,0.1,0.05,0.05,0.05,zipf,0.8,2,2000,2,0.354214,1.6665,2.82427e+06,37503
A,2,10,0.95,build_system,0.5,0.25,0.1,0.05,0.05,0.05,uniform,0,0,2000,2,0.352686,1.2505,2.8403e+06,39478
A,2,10,0.95,build_system,0.5,0.25,0.1,0.05,0.05,0.05,zipf,0.3,1.5,2000,2,0.354074,2.0415,2.82844e+06,34658
A,2,10,0.95,build_system,0.5,0.25,0.1,0.05,0.05,0.05,zipf,0.8,2,2000,2,0.349975,2.2915,2.85968e+06,36657
A,2,15,0.3,build_system,0.5,0.25,0.1,0.05,0.05,0.05,uniform,0,0,2000,2,0.357478,1.0835,2.7999e+06,36874
A,2,15,0.3,build_system,0.5,0.25,0.1,0.05,0.05,0.05,zipf,0.3,1.5,2000,2,0.342586,2.333,2.92078e+06,33546
A,2,15,0.3,build_system,0.5,0.25,0.1,0.05,0.05,0.05,zipf,0.8,2,2000,2,0.35336,2.7705,2.83136e+06,36672
A,2,15,0.6,build_system,0.5,0.25,0.1,0.05,0.05,0.05,uniform,0,0,2000,2,0.325582,1.083,3.07217e+06,38502
A,2,15,0.6,build_system,0.5,0.25,0.1,0.05,0.05,0.05,zipf,0.3,1.5,2000,2,0.352854,2.209,2.83476e+06,40904
A,2,15,0.6,build_system,0.5,0.25,0.1,0.05,0.05,0.05,zipf,0.8,2,2000,2,0.349905,2.042,2.85872e+06,37682
A,2,15,0.95,build_system,0.5,0.25,0.1,0.05,0.05,0.05,uniform,0,0,2000,2,0.369994,1.2295,2.70639e+06,39850
A,2,15,0.95,build_system,0.5,0.25,0.1,0.05,0.05,0.05,zipf,0.3,1.5,2000,2,0.336336,1.4165,2.97512e+06,38299
A,2,15,0.95,build_system,0.5,0.25,0.1,0.05,0.05,0.05,zipf,0.8,2,2000,2,0.321779,1.4585,3.10817e+06,38018
A,5,5,0.3,build_system,0.5,0.25,0.1,0.05,0.05,0.05,uniform,0,0,2000,2,0.562637,2.6875,1.77797e+06,79260
A,5,5,0.3,build_system,0.5,0.25,0.1,0.05,0.05,0.05,zipf,0.3,1.5,2000,2,0.661627,5.7085,1.51465e+06,73268
A,5,5,0.3,build_system,0.5,0.25,0.1,0.05,0.05,0.05,zipf,0.8,2,2000,2,0.698823,7.542,1.43159e+06,67706
A,5,5,0.6,build_system,0.5,0.25,0.1,0.05,0.05,0.05,uniform,0,0,2000,2,0.648982,2.5415,1.54148e+06,78864
A,5,5,0.6,build_system,0.5,0.25,0.1,0.05,0.05,0.05,zipf,0.3,1.5,2000,2,0.575257,5.0205,1.74252e+06,69328
A,5,5,0.6,build_system,0.5,0.25,0.1,0.05,0.05,0.05,zipf,0.8,2,2000,2,0.61216,5.437,1.634e+06,67048
A,5,5,0.95,build_system,0.5,0.25,0.1,0.05,0.05,0.05,uniform,0,0,2000,2,0.568394,2.4375,1.76044e+06,75064
A,5,5,0.95,build_system,0.5,0.25,0.1,0.05,0.05,0.05,zipf,0.3,1.5,2000,2,0.606517,5.75,1.65124e+06,70495
A,5,5,0.95,build_system,0.5,0.25,0.1,0.05,0.05,0.05,zipf,0.8,2,2000,2,0.790651,10.896,1.265e+06,69132
A,5,10,0.3,build_system,0.5,0.25,0.1,0.05,0.05,0.05,uniform,0,0,2000,2,0.659033,1.896,1.52168e+06,835915
A,5,10,0.3,build_system,0.5,0.25,0.1,0.05,0.05,0.05,zipf,0.3,1.5,2000,2,0.707715,3.9165,1.41331e+06,801572
A,5,10,0.3,build_system,0.5,0.25,0.1,0.05,0.05,0.05,zipf,0.8,2,2000,2,0.691085,4.625,1.44729e+06,798602
A,5,10,0.6,build_system,0.5,0.25,0.1,0.05,0.05,0.05,uniform,0,0,2000,2,0.857049,2.75,1.1668e+06,836785
A,5,10,0.6,build_system,0.5,0.25,0.1,0.05,0.05,0.05,zipf,0.3,1.5,2000,2,0.821842,5.7915,1.21775e+06,804411
A,5,10,0.6,build_system,0.5,0.25,0.1,0.05,0.05,0.05,zipf,0.8,2,2000,2,0.910267,7.313,1.12968e+06,797012
A,5,10,0.95,build_system,0.5,0.25,0.1,0.05,0.05,0.05,uniform,0,0,2000,2,0.911147,3,1.10275e+06,836925
A,5,10,0.95,build_system,0.5,0.25,0.1,0.05,0.05,0.05,zipf,0.3,1.5,2000,2,1.0168,10.0415,1.00801e+06,804027
A,5,10,0.95,build_system,0.5,0.25,0.1,0.05,0.05,0.05,zipf,0.8,2,2000,2,1.4552,4.7295,921798,795855
A,5,15,0.3,build_system,0.5,0.25,0.1,0.05,0.05,0.05,uniform,0,0,2000,2,1.42354,4.4165,703506,7510387
A,5,15,0.3,build_system,0.5,0.25,0.1,0.05,0.05,0.05,zipf,0.3,1.5,2000,2,1.79916,6.229,559391,7475104
A,5,15,0.3,build_system,0.5,0.25,0.1,0.05,0.05,0.05,zipf,0.8,2,2000,2,1.09652,8.125,912554,7468060
A,5,15,0.6,build_system,0.5,0.25,0.1,0.05,0.05,0.05,uniform,0,0,2000,2,1.43085,4.166,699205,7081557
A,5,15,0.6,build_system,0.5,0.25,0.1,0.05,0.05,0.05,zipf,0.3,1.5,2000,2,1.06678,5.708,938621,7045287
A,5,15,0.6,build_system,0.5,0.25,0.1,0.05,0.05,0.05,zipf,0.8,2,2000,2,0.901737,6,1.10908e+06,7041716
A,5,15,0.95,build_system,0.5,0.25,0.1,0.05,0.05,0.05,uniform,0,0,2000,2,1.47153,3.9165,693395,7079138
A,5,15,0.95,build_system,0.5,0.25,0.1,0.05,0.05,0.05,zipf,0.3,1.5,2000,2,1.08387,5.3965,929601,7045446
A,5,15,0.95,build_system,0.5,0.25,0.1,0.05,0.05,0.05,zipf,0.8,2,2000,2,0.935966,6.8335,1.07095e+06,7043769
A,10,5,0.3,build_system,0.5,0.25,0.1,0.05,0.05,0.05,uniform,0,0,2000,2,1.61873,5,617787,4360801
A,10,5,0.3,build_system,0.5,0.25,0.1,0.05,0.05,0.05,zipf,0.3,1.5,2000,2,1.37506,4.9995,727851,4325531
A,10,5,0.3,build_system,0.5,0.25,0.1,0.05,0.05,0.05,zipf,0.8,2,2000,2,1.39838,8.8545,717735,4321370
A,10,5,0.6,build_system,0.5,0.25,0.1,0.05,0.05,0.05,uniform,0,0,2000,2,1.90054,5.4375,526184,4361547
A,10,5,0.6,build_system,0.5,0.25,0.1,0.05,0.05,0.05,zipf,0.3,1.5,2000,2,1.44618,5.646,692148,4324877
A,10,5,0.6,build_system,0.5,0.25,0.1,0.05,0.05,0.05,zipf,0.8,2,2000,2,1.71244,9.125,603983,4321698
A,10,5,0.95,build_system,0.5,0.25,0.1,0.05,0.05,0.05,uniform,0,0,2000,2,3.50173,13.2085,287277,6550523
A,10,5,0.95,build_system,0.5,0.25,0.1,0.05,0.05,0.05,zipf,0.3,1.5,2000,2,7.22154,10.7915,249205,6518629
A,10,5,0.95,build_system,0.5,0.25,0.1,0.05,0.05,0.05,zipf,0.8,2,2000,2,1.2463,7.2715,809727,6507187
A,10,10,0.3,build_system,0.5,0.25,0.1,0.05,0.05,0.05,uniform,0,0,2000,2,88.5233,816.521,11745.9,364566014
A,10,10,0.3,build_system,0.5,0.25,0.1,0.05,0.05,0.05,zipf,0.3,1.5,2000,2,11.1423,187.604,97058.3,364531305
A,10,10,0.3,build_system,0.5,0.25,0.1,0.05,0.05,0.05,zipf,0.8,2,2000,2,4.07084,41.125,418638,364525315
A,10,10,0.6,build_system,0.5,0.25,0.1,0.05,0.05,0.05,uniform,0,0,2000,2,24.6356,274.25,78180.6,364569851
A,10,10,0.6,build_system,0.5,0.25,0.1,0.05,0.05,0.05,zipf,0.3,1.5,2000,2,28.7962,599.875,38225,364531211
A,10,10,0.6,build_system,0.5,0.25,0.1,0.05,0.05,0.05,zipf,0.8,2,2000,2,3.15356,41.3745,456366,364524906
A,10,10,0.95,build_system,0.5,0.25,0.1,0.05,0.05,0.05,uniform,0,0,2000,2,36.923,487.771,122411,364573116
A,10,10,0.95,build_system,0.5,0.25,0.1,0.05,0.05,0.05,zipf,0.3,1.5,2000,2,10.351,189.188,195059,364533660
A,10,10,0.95,build_system,0.5,0.25,0.1,0.05,0.05,0.05,zipf,0.8,2,2000,2,15.1389,359.312,68527.4,364529962
A,10,15,0.3,build_system,0.5,0.25,0.1,0.05,0.05,0.05,uniform,0,0,2000,2,38.2089,454,119553,364573243
A,10,15,0.3,build_system,0.5,0.25,0.1,0.05,0.05,0.05,zipf,0.3,1.5,2000,2,5.69461,62.979,218585,364533709
A,10,15,0.3,build_system,0.5,0.25,0.1,0.05,0.05,0.05,zipf,0.8,2,2000,2,8.61787,187.834,177685,364527856
A,10,15,0.6,build_system,0.5,0.25,0.1,0.05,0.05,0.05,uniform,0,0,2000,2,11.0277,52.1875,156777,364578496
A,10,15,0.6,build_system,0.5,0.25,0.1,0.05,0.05,0.05,zipf,0.3,1.5,2000,2,40.5423,732.812,26217.9,364543519
A,10,15,0.6,build_system,0.5,0.25,0.1,0.05,0.05,0.05,zipf,0.8,2,2000,2,6.75435,148.708,165781,364534885
A,10,15,0.95,build_system,0.5,0.25,0.1,0.05,0.05,0.05,uniform,0,0,2000,2,40.149,446.562,26127.4,364571871
A,10,15,0.95,build_system,0.5,0.25,0.1,0.05,0.05,0.05,zipf,0.3,1.5,2000,2,10.893,169.583,140566,364533043
A,10,15,0.95,build_system,0.5,0.25,0.1,0.05,0.05,0.05,zipf,0.8,2,2000,2,3.22513,45.8955,377575,364526701
A,10,2,0.3,build_system,0.5,0.25,0.1,0.05,0.05,0.05,uniform,0,0,2000,2,1.93568,13.583,705558,28810
A,10,2,0.3,build_system,0.5,0.25,0.1,0.05,0.05,0.05,zipf,0.3,1.5,2000,2,1.31382,21.1045,771636,30127
A,10,2,0.3,build_system,0.5,0.25,0.1,0.05,0.05,0.05,zipf,0.8,2,2000,2,1.15713,15.6665,864229,31939
A,10,2,0.6,build_system,0.5,0.25,0.1,0.05,0.05,0.05,uniform,0,0,2000,2,1.14403,20.958,876962,32242
A,10,2,0.6,build_system,0.5,0.25,0.1,0.05,0.05,0.05,zipf,0.3,1.5,2000,2,1.14666,15.3335,872197,27321
A,10,2,0.6,build_system,0.5,0.25,0.1,0.05,0.05,0.05,zipf,0.8,2,2000,2,2.6015,16.396,549533,30187
A,10,2,0.95,build_system,0.5,0.25,0.1,0.05,0.05,0.05,uniform,0,0,2000,2,1.64516,21.125,632981,29630
A,10,2,0.95,build_system,0.5,0.25,0.1,0.05,0.05,0.05,zipf,0.3,1.5,2000,2,1.83196,27.2715,548214,27181
A,10,2,0.95,build_system,0.5,0.25,0.1,0.05,0.05,0.05,zipf,0.8,2,2000,2,1.06355,11.4375,940309,27255
A,15,2,0.3,build_system,0.5,0.25,0.1,0.05,0.05,0.05,uniform,0,0,2000,2,1.21196,21.625,826434,32994
A,15,2,0.3,build_system,0.5,0.25,0.1,0.05,0.05,0.05,zipf,0.3,1.5,2000,2,3.10502,26.4375,446666,30225
A,15,2,0.3,build_system,0.5,0.25,0.1,0.05,0.05,0.05,zipf,0.8,2,2000,2,2.90005,33.4375,353176,35960
A,15,2,0.6,build_system,0.5,0.25,0.1,0.05,0.05,0.05,uniform,0,0,2000,2,1.30342,20.417,768979,33484
A,15,2,0.6,build_system,0.5,0.25,0.1,0.05,0.05,0.05,zipf,0.3,1.5,2000,2,1.5271,30.583,654941,34636
A,15,2,0.6,build_system,0.5,0.25,0.1,0.05,0.05,0.05,zipf,0.8,2,2000,2,1.54903,26.1045,645640,36144
A,15,2,0.95,build_system,0.5,0.25,0.1,0.05,0.05,0.05,uniform,0,0,2000,2,1.42013,15.3335,737772,34978
A,15,2,0.95,build_system,0.5,0.25,0.1,0.05,0.05,0.05,zipf,0.3,1.5,2000,2,1.59501,29.625,633172,38019
A,15,2,0.95,build_system,0.5,0.25,0.1,0.05,0.05,0.05,zipf,0.8,2,2000,2,1.74063,26.4375,593508,30252
A,20,2,0.3,build_system,0.5,0.25,0.1,0.05,0.05,0.05,uniform,0,0,2000,2,1.49895,21.167,667135,50892
A,20,2,0.3,build_system,0.5,0.25,0.1,0.05,0.05,0.05,zipf,0.3,1.5,2000,2,1.41509,12.3125,706668,50908
A,20,2,0.3,build_system,0.5,0.25,0.1,0.05,0.05,0.05,zipf,0.8,2,2000,2,1.49397,12.8125,671848,47957
A,20,2,0.6,build_system,0.5,0.25,0.1,0.05,0.05,0.05,uniform,0,0,2000,2,1.55819,21.792,644106,48351
A,20,2,0.6,build_system,0.5,0.25,0.1,0.05,0.05,0.05,zipf,0.3,1.5,2000,2,1.51285,9.2295,674712,48534
A,20,2,0.6,build_system,0.5,0.25,0.1,0.05,0.05,0.05,zipf,0.8,2,2000,2,1.31436,10.521,760908,46045
A,20,2,0.95,build_system,0.5,0.25,0.1,0.05,0.05,0.05,uniform,0,0,2000,2,1.43004,7.8755,701939,49154
A,20,2,0.95,build_system,0.5,0.25,0.1,0.05,0.05,0.05,zipf,0.3,1.5,2000,2,1.51296,21.25,661631,52513
A,20,2,0.95,build_system,0.5,0.25,0.1,0.05,0.05,0.05,zipf,0.8,2,2000,2,1.52451,16.6255,659246,46603
A,15,3,0.3,build_system,0.5,0.25,0.1,0.05,0.05,0.05,uniform,0,0,2000,2,1.71684,6.9165,595113,1008485
A,15,3,0.3,build_system,0.5,0.25,0.1,0.05,0.05,0.05,zipf,0.3,1.5,2000,2,1.75152,12.4795,571031,968434
A,15,3,0.3,build_system,0.5,0.25,0.1,0.05,0.05,0.05,zipf,0.8,2,2000,2,1.5868,13.0205,630955,964298
A,15,3,0.6,build_system,0.5,0.25,0.1,0.05,0.05,0.05,uniform,0,0,2000,2,2.40434,5.563,416052,998636
A,15,3,0.6,build_system,0.5,0.25,0.1,0.05,0.05,0.05,zipf,0.3,1.5,2000,2,1.66888,13.0415,600754,971145
A,15,3,0.6,build_system,0.5,0.25,0.1,0.05,0.05,0.05,zipf,0.8,2,2000,2,1.41318,9.125,707671,964107
A,15,3,0.95,build_system,0.5,0.25,0.1,0.05,0.05,0.05,uniform,0,0,2000,2,1.6799,9.1665,601418,1003862
A,15,3,0.95,build_system,0.5,0.25,0.1,0.05,0.05,0.05,zipf,0.3,1.5,2000,2,1.44297,10.229,694935,966234
A,15,3,0.95,build_system,0.5,0.25,0.1,0.05,0.05,0.05,zipf,0.8,2,2000,2,1.38974,9.125,721072,962228
A,2,30,0.3,build_system,0.5,0.25,0.1,0.05,0.05,0.05,uniform,0,0,2000,2,0.671919,2.5,1.5387e+06,71435
A,2,30,0.3,build_system,0.5,0.25,0.1,0.05,0.05,0.05,zipf,0.3,1.5,2000,2,0.576542,2.4995,1.73558e+06,64198
A,2,30,0.3,build_system,0.5,0.25,0.1,0.05,0.05,0.05,zipf,0.8,2,2000,2,0.507728,1.958,1.9705e+06,61236
A,2,30,0.6,build_system,0.5,0.25,0.1,0.05,0.05,0.05,uniform,0,0,2000,2,0.581285,1.6455,1.7235e+06,107418
A,2,30,0.6,build_system,0.5,0.25,0.1,0.05,0.05,0.05,zipf,0.3,1.5,2000,2,0.580847,4.0835,1.72312e+06,98301
A,2,30,0.6,build_system,0.5,0.25,0.1,0.05,0.05,0.05,zipf,0.8,2,2000,2,0.503699,2.4585,1.98548e+06,93389
A,2,30,0.95,build_system,0.5,0.25,0.1,0.05,0.05,0.05,uniform,0,0,2000,2,0.538089,1.6875,1.87522e+06,108461
A,2,30,0.95,build_system,0.5,0.25,0.1,0.05,0.05,0.05,zipf,0.3,1.5,2000,2,0.583402,3.9585,1.71647e+06,97596
A,2,30,0.95,build_system,0.5,0.25,0.1,0.05,0.05,0.05,zipf,0.8,2,2000,2,0.524772,3.229,1.90644e+06,95280
A,2,50,0.3,build_system,0.5,0.25,0.1,0.05,0.05,0.05,uniform,0,0,2000,2,0.651024,1.958,1.55557e+06,147508
A,2,50,0.3,build_system,0.5,0.25,0.1,0.05,0.05,0.05,zipf,0.3,1.5,2000,2,0.707295,5.083,1.41512e+06,125503
A,2,50,0.3,build_system,0.5,0.25,0.1,0.05,0.05,0.05,zipf,0.8,2,2000,2,0.59506,4.3335,1.68659e+06,126336
A,2,50,0.6,build_system,0.5,0.25,0.1,0.05,0.05,0.05,uniform,0,0,2000,2,0.711889,2.0625,1.40798e+06,220074
A,2,50,0.6,build_system,0.5,0.25,0.1,0.05,0.05,0.05,zipf,0.3,1.5,2000,2,0.666961,5.25,1.49976e+06,201983
A,2,50,0.6,build_system,0.5,0.25,0.1,0.05,0.05,0.05,zipf,0.8,2,2000,2,0.675096,4.2295,1.48156e+06,194636
A,2,50,0.95,build_system,0.5,0.25,0.1,0.05,0.05,0.05,uniform,0,0,2000,2,0.595608,1.7505,1.67999e+06,222719
A,2,50,0.95,build_system,0.5,0.25,0.1,0.05,0.05,0.05,zipf,0.3,1.5,2000,2,0.714184,3.917,1.41726e+06,199363
A,2,50,0.95,build_system,0.5,0.25,0.1,0.05,0.05,0.05,zipf,0.8,2,2000,2,0.563583,3.396,1.77494e+06,197358
A,3,30,0.3,build_system,0.5,0.25,0.1,0.05,0.05,0.05,uniform,0,0,2000,2,0.838034,2.4375,1.19472e+06,1030255
A,3,30,0.3,build_system,0.5,0.25,0.1,0.05,0.05,0.05,zipf,0.3,1.5,2000,2,0.726131,4.2705,1.37844e+06,996547
A,3,30,0.3,build_system,0.5,0.25,0.1,0.05,0.05,0.05,zipf,0.8,2,2000,2,0.64648,3.7085,1.54768e+06,991588
A,3,30,0.6,build_system,0.5,0.25,0.1,0.05,0.05,0.05,uniform,0,0,2000,2,0.860353,2.375,1.17158e+06,1034004
A,3,30,0.6,build_system,0.5,0.25,0.1,0.05,0.05,0.05,zipf,0.3,1.5,2000,2,0.746734,3.6875,1.34664e+06,996155
A,3,30,0.6,build_system,0.5,0.25,0.1,0.05,0.05,0.05,zipf,0.8,2,2000,2,0.832443,5.8545,1.20218e+06,996879
A,3,30,0.95,build_system,0.5,0.25,0.1,0.05,0.05,0.05,uniform,0,0,2000,2,0.899402,2.771,1.13725e+06,1028666
A,3,30,0.95,build_system,0.5,0.25,0.1,0.05,0.05,0.05,zipf,0.3,1.5,2000,2,0.726484,3.708,1.3778e+06,996594
A,3,30,0.95,build_system,0.5,0.25,0.1,0.05,0.05,0.05,zipf,0.8,2,2000,2,0.673142,4.104,1.48836e+06,993550
A,3,50,0.3,build_system,0.5,0.25,0.1,0.05,0.05,0.05,uniform,0,0,2000,2,1.34125,3.8335,745858,4480424
A,3,50,0.3,build_system,0.5,0.25,0.1,0.05,0.05,0.05,zipf,0.3,1.5,2000,2,1.11306,7.354,904872,4454356
A,3,50,0.3,build_system,0.5,0.25,0.1,0.05,0.05,0.05,zipf,0.8,2,2000,2,0.861684,6.083,1.16138e+06,4444358
A,3,50,0.6,build_system,0.5,0.25,0.1,0.05,0.05,0.05,uniform,0,0,2000,2,1.52158,4.521,663261,4484233
A,3,50,0.6,build_system,0.5,0.25,0.1,0.05,0.05,0.05,zipf,0.3,1.5,2000,2,1.14412,9.021,897057,4452869
A,3,50,0.6,build_system,0.5,0.25,0.1,0.05,0.05,0.05,zipf,0.8,2,2000,2,1.05178,6.771,950830,4443276
A,3,50,0.95,build_system,0.5,0.25,0.1,0.05,0.05,0.05,uniform,0,0,2000,2,1.42308,3.917,703004,4483953
A,3,50,0.95,build_system,0.5,0.25,0.1,0.05,0.05,0.05,zipf,0.3,1.5,2000,2,1.1272,6.7915,887760,4448658
A,3,50,0.95,build_system,0.5,0.25,0.1,0.05,0.05,0.05,zipf,0.8,2,2000,2,0.854675,5.9795,1.17265e+06,4446566
A,2,5,0.3,database,0.55,0.45,0,0,0,0,uniform,0,0,2000,2,0.266093,0.3335,3.76222e+06,1272
A,2,5,0.3,database,0.55,0.45,0,0,0,0,zipf,0.3,1.5,2000,2,0.260934,0.292,3.83242e+06,1272
A,2,5,0.3,database,0.55,0.45,0,0,0,0,zipf,0.8,2,2000,2,0.348178,0.292,3.09195e+06,1272
A,2,5,0.6,database,0.55,0.45,0,0,0,0,uniform,0,0,2000,2,0.237755,0.3125,4.2061e+06,2616
A,2,5,0.6,database,0.55,0.45,0,0,0,0,zipf,0.3,1.5,2000,2,0.234981,0.292,4.31554e+06,2616
A,2,5,0.6,database,0.55,0.45,0,0,0,0,zipf,0.8,2,2000,2,0.176615,0.25,5.66305e+06,2616
A,2,5,0.95,database,0.55,0.45,0,0,0,0,uniform,0,0,2000,2,0.185043,0.25,5.40418e+06,3070
A,2,5,0.95,database,0.55,0.45,0,0,0,0,zipf,0.3,1.5,2000,2,0.248947,0.25,4.42882e+06,2977
A,2,5,0.95,database,0.55,0.45,0,0,0,0,zipf,0.8,2,2000,2,0.146536,0.209,6.82548e+06,2977
A,2,10,0.3,database,0.55,0.45,0,0,0,0,uniform,0,0,2000,2,0.161807,0.2295,6.18199e+06,5186
A,2,10,0.3,database,0.55,0.45,0,0,0,0,zipf,0.3,1.5,2000,2,0.179466,0.2295,5.5869e+06,5186
A,2,10,0.3,database,0.55,0.45,0,0,0,0,zipf,0.8,2,2000,2,0.160276,0.25,6.23963e+06,5186
A,2,10,0.6,database,0.55,0.45,0,0,0,0,uniform,0,0,2000,2,0.192281,0.271,5.20073e+06,10980
A,2,10,0.6,database,0.55,0.45,0,0,0,0,zipf,0.3,1.5,2000,2,0.185336,0.2705,5.39563e+06,10794
A,2,10,0.6,database,0.55,0.45,0,0,0,0,zipf,0.8,2,2000,2,0.175764,0.25,5.68952e+06,10422
A,2,10,0.95,database,0.55,0.45,0,0,0,0,uniform,0,0,2000,2,0.199361,0.271,5.01607e+06,12070
A,2,10,0.95,database,0.55,0.45,0,0,0,0,zipf,0.3,1.5,2000,2,0.192734,0.292,5.1885e+06,11977
A,2,10,0.95,database,0.55,0.45,0,0,0,0,zipf,0.8,2,2000,2,0.179762,0.2705,5.56292e+06,11419
A,2,15,0.3,database,0.55,0.45,0,0,0,0,uniform,0,0,2000,2,0.183616,0.271,5.44623e+06,11688
A,2,15,0.3,database,0.55,0.45,0,0,0,0,zipf,0.3,1.5,2000,2,0.173454,0.271,5.76686e+06,11688
A,2,15,0.3,database,0.55,0.45,0,0,0,0,zipf,0.8,2,2000,2,0.151635,0.2915,6.61057e+06,11409
A,2,15,0.6,database,0.55,0.45,0,0,0,0,uniform,0,0,2000,2,0.186474,0.2705,5.36269e+06,15130
A,2,15,0.6,database,0.55,0.45,0,0,0,0,zipf,0.3,1.5,2000,2,0.187364,0.25,5.33721e+06,14944
A,2,15,0.6,database,0.55,0.45,0,0,0,0,zipf,0.8,2,2000,2,0.173838,0.25,5.75248e+06,14479
A,2,15,0.95,database,0.55,0.45,0,0,0,0,uniform,0,0,2000,2,0.183715,0.25,5.44321e+06,15130
A,2,15,0.95,database,0.55,0.45,0,0,0,0,zipf,0.3,1.5,2000,2,0.187164,0.25,5.34298e+06,15037
A,2,15,0.95,database,0.55,0.45,0,0,0,0,zipf,0.8,2,2000,2,0.173209,0.25,5.77336e+06,14479
A,5,5,0.3,database,0.55,0.45,0,0,0,0,uniform,0,0,2000,2,0.356245,0.4795,2.80758e+06,53594
A,5,5,0.3,database,0.55,0.45,0,0,0,0,zipf,0.3,1.5,2000,2,0.335858,0.5415,2.97866e+06,47921
A,5,5,0.3,database,0.55,0.45,0,0,0,0,zipf,0.8,2,2000,2,0.324453,0.521,3.09724e+06,42992
A,5,5,0.6,database,0.55,0.45,0,0,0,0,uniform,0,0,2000,2,0.351477,0.4795,2.84679e+06,53687
A,5,5,0.6,database,0.55,0.45,0,0,0,0,zipf,0.3,1.5,2000,2,0.299266,0.458,3.34166e+06,49130
A,5,5,0.6,database,0.55,0.45,0,0,0,0,zipf,0.8,2,2000,2,0.312676,0.4795,3.23271e+06,43550
A,5,5,0.95,database,0.55,0.45,0,0,0,0,uniform,0,0,2000,2,0.393084,0.521,2.54416e+06,53501
A,5,5,0.95,database,0.55,0.45,0,0,0,0,zipf,0.3,1.5,2000,2,0.3524,0.5205,2.83849e+06,48665
A,5,5,0.95,database,0.55,0.45,0,0,0,0,zipf,0.8,2,2000,2,0.328019,0.4585,3.04884e+06,42992
A,5,10,0.3,database,0.55,0.45,0,0,0,0,uniform,0,0,2000,2,0.541231,0.9165,1.84808e+06,838116
A,5,10,0.3,database,0.55,0.45,0,0,0,0,zipf,0.3,1.5,2000,2,0.426126,0.813,2.35502e+06,782409
A,5,10,0.3,database,0.55,0.45,0,0,0,0,zipf,0.8,2,2000,2,0.353814,0.625,2.82701e+06,772737
A,5,10,0.6,database,0.55,0.45,0,0,0,0,uniform,0,0,2000,2,0.507429,0.667,1.9727e+06,837558
A,5,10,0.6,database,0.55,0.45,0,0,0,0,zipf,0.3,1.5,2000,2,0.386904,0.646,2.58651e+06,783060
A,5,10,0.6,database,0.55,0.45,0,0,0,0,zipf,0.8,2,2000,2,0.365973,0.5835,2.73265e+06,772086
A,5,10,0.95,database,0.55,0.45,0,0,0,0,uniform,0,0,2000,2,0.572284,1,1.75881e+06,834024
A,5,10,0.95,database,0.55,0.45,0,0,0,0,zipf,0.3,1.5,2000,2,0.487359,0.9995,2.05231e+06,783711
A,5,10,0.95,database,0.55,0.45,0,0,0,0,zipf,0.8,2,2000,2,0.529087,1.021,1.89036e+06,772551
A,5,15,0.3,database,0.55,0.45,0,0,0,0,uniform,0,0,2000,2,1.286,2.4375,777627,7520919
A,5,15,0.3,database,0.55,0.45,0,0,0,0,zipf,0.3,1.5,2000,2,0.66718,2.167,1.49967e+06,7455447
A,5,15,0.3,database,0.55,0.45,0,0,0,0,zipf,0.8,2,2000,2,0.563369,1.813,1.77598e+06,7443450
A,5,15,0.6,database,0.55,0.45,0,0,0,0,uniform,0,0,2000,2,1.25331,2.188,798803,7093181
A,5,15,0.6,database,0.55,0.45,0,0,0,0,zipf,0.3,1.5,2000,2,0.95662,2.3545,1.11994e+06,7028453
A,5,15,0.6,database,0.55,0.45,0,0,0,0,zipf,0.8,2,2000,2,0.60847,1.646,1.68244e+06,7016921
A,5,15,0.95,database,0.55,0.45,0,0,0,0,uniform,0,0,2000,2,1.36785,2.3125,736359,7085090
A,5,15,0.95,database,0.55,0.45,0,0,0,0,zipf,0.3,1.5,2000,2,0.954263,2.2085,1.09353e+06,7029197
A,5,15,0.95,database,0.55,0.45,0,0,0,0,zipf,0.8,2,2000,2,0.596914,1.4585,1.67692e+06,7017386
A,10,5,0.3,database,0.55,0.45,0,0,0,0,uniform,0,0,2000,2,1.38259,2.479,730873,4370984
A,10,5,0.3,database,0.55,0.45,0,0,0,0,zipf,0.3,1.5,2000,2,0.854661,2.417,1.17085e+06,4305977
A,10,5,0.3,database,0.55,0.45,0,0,0,0,zipf,0.8,2,2000,2,0.724091,1.771,1.38369e+06,4294073
A,10,5,0.6,database,0.55,0.45,0,0,0,0,uniform,0,0,2000,2,1.42442,2.521,719783,4369961
A,10,5,0.6,database,0.55,0.45,0,0,0,0,zipf,0.3,1.5,2000,2,0.862752,2.479,1.16282e+06,4305605
A,10,5,0.6,database,0.55,0.45,0,0,0,0,zipf,0.8,2,2000,2,0.683453,2.146,1.46316e+06,4293980
A,10,5,0.95,database,0.55,0.45,0,0,0,0,uniform,0,0,2000,2,1.56763,2.9375,639901,4367171
A,10,5,0.95,database,0.55,0.45,0,0,0,0,zipf,0.3,1.5,2000,2,0.950136,3.896,1.05933e+06,4303745
A,10,5,0.95,database,0.55,0.45,0,0,0,0,zipf,0.8,2,2000,2,0.789666,2.7085,1.26673e+06,4293515
A,10,10,0.3,database,0.55,0.45,0,0,0,0,uniform,0,0,2000,2,66.9055,611.771,15455.4,364574666
A,10,10,0.3,database,0.55,0.45,0,0,0,0,zipf,0.3,1.5,2000,2,9.58788,220.334,115814,364509659
A,10,10,0.3,database,0.55,0.45,0,0,0,0,zipf,0.8,2,2000,2,2.32737,21.6875,743445,364496918
A,10,10,0.6,database,0.55,0.45,0,0,0,0,uniform,0,0,2000,2,34.2457,455.75,62538.3,364580461
A,10,10,0.6,database,0.55,0.45,0,0,0,0,zipf,0.3,1.5,2000,2,13.9042,261.688,86313.8,364510711
A,10,10,0.6,database,0.55,0.45,0,0,0,0,zipf,0.8,2,2000,2,1.47942,19.2705,719252,364500481
A,10,10,0.95,database,0.55,0.45,0,0,0,0,uniform,0,0,2000,2,32.4147,436.02,152574,364583144
A,10,10,0.95,database,0.55,0.45,0,0,0,0,zipf,0.3,1.5,2000,2,5.95379,64.0625,443253,364514138
A,10,10,0.95,database,0.55,0.45,0,0,0,0,zipf,0.8,2,2000,2,2.52362,58.896,418178,364503257
A,10,15,0.3,database,0.55,0.45,0,0,0,0,uniform,0,0,2000,2,31.6132,431.52,92687,364583542
A,10,15,0.3,database,0.55,0.45,0,0,0,0,zipf,0.3,1.5,2000,2,11.5394,134.666,86758.5,364515001
A,10,15,0.3,database,0.55,0.45,0,0,0,0,zipf,0.8,2,2000,2,1.99753,36.5415,538916,364502074
A,10,15,0.6,database,0.55,0.45,0,0,0,0,uniform,0,0,2000,2,8.72431,33.8545,180633,364584210
A,10,15,0.6,database,0.55,0.45,0,0,0,0,zipf,0.3,1.5,2000,2,24.2315,569.875,41583.3,364518366
A,10,15,0.6,database,0.55,0.45,0,0,0,0,zipf,0.8,2,2000,2,2.98722,33.104,522295,364505067
A,10,15,0.95,database,0.55,0.45,0,0,0,0,uniform,0,0,2000,2,15.728,156.729,145479,364579345
A,10,15,0.95,database,0.55,0.45,0,0,0,0,zipf,0.3,1.5,2000,2,2.27154,20.708,563760,364516849
A,10,15,0.95,database,0.55,0.45,0,0,0,0,zipf,0.8,2,2000,2,2.31338,34.417,804199,364501969
A,10,2,0.3,database,0.55,0.45,0,0,0,0,uniform,0,0,2000,2,0.488657,1.1455,2.06692e+06,7638
A,10,2,0.3,database,0.55,0.45,0,0,0,0,zipf,0.3,1.5,2000,2,0.409792,0.584,2.44028e+06,7545
A,10,2,0.3,database,0.55,0.45,0,0,0,0,zipf,0.8,2,2000,2,0.389933,0.583,2.56455e+06,7452
A,10,2,0.6,database,0.55,0.45,0,0,0,0,uniform,0,0,2000,2,0.406718,0.583,2.45876e+06,7638
A,10,2,0.6,database,0.55,0.45,0,0,0,0,zipf,0.3,1.5,2000,2,0.40141,0.583,2.49125e+06,7545
A,10,2,0.6,database,0.55,0.45,0,0,0,0,zipf,0.8,2,2000,2,0.359638,0.542,2.7806e+06,7359
A,10,2,0.95,database,0.55,0.45,0,0,0,0,uniform,0,0,2000,2,0.365941,0.542,2.73269e+06,7638
A,10,2,0.95,database,0.55,0.45,0,0,0,0,zipf,0.3,1.5,2000,2,0.412272,0.688,2.43099e+06,7545
A,10,2,0.95,database,0.55,0.45,0,0,0,0,zipf,0.8,2,2000,2,0.394384,0.563,2.53665e+06,7359
A,15,2,0.3,database,0.55,0.45,0,0,0,0,uniform,0,0,2000,2,0.533429,0.729,1.87477e+06,21986
A,15,2,0.3,database,0.55,0.45,0,0,0,0,zipf,0.3,1.5,2000,2,0.503519,0.7085,1.98603e+06,21335
A,15,2,0.3,database,0.55,0.45,0,0,0,0,zipf,0.8,2,2000,2,0.554895,0.9375,1.8022e+06,18824
A,15,2,0.6,database,0.55,0.45,0,0,0,0,uniform,0,0,2000,2,0.556884,0.792,1.79722e+06,21986
A,15,2,0.6,database,0.55,0.45,0,0,0,0,zipf,0.3,1.5,2000,2,0.595775,0.896,1.67899e+06,21149
A,15,2,0.6,database,0.55,0.45,0,0,0,0,zipf,0.8,2,2000,2,0.554124,0.792,1.80535e+06,18917
A,15,2,0.95,database,0.55,0.45,0,0,0,0,uniform,0,0,2000,2,0.552037,0.7705,1.81148e+06,21986
A,15,2,0.95,database,0.55,0.45,0,0,0,0,zipf,0.3,1.5,2000,2,0.562468,0.7705,1.77788e+06,21428
A,15,2,0.95,database,0.55,0.45,0,0,0,0,zipf,0.8,2,2000,2,0.531031,0.7295,1.88598e+06,18917
A,20,2,0.3,database,0.55,0.45,0,0,0,0,uniform,0,0,2000,2,0.608145,0.896,1.64448e+06,31966
A,20,2,0.3,database,0.55,0.45,0,0,0,0,zipf,0.3,1.5,2000,2,0.574372,0.875,1.74104e+06,29734
A,20,2,0.3,database,0.55,0.45,0,0,0,0,zipf,0.8,2,2000,2,0.661063,1.1255,1.51323e+06,26944
A,20,2,0.6,database,0.55,0.45,0,0,0,0,uniform,0,0,2000,2,0.726651,1.0625,1.37622e+06,31966
A,20,2,0.6,database,0.55,0.45,0,0,0,0,zipf,0.3,1.5,2000,2,0.6712,1.0415,1.49087e+06,29827
A,20,2,0.6,database,0.55,0.45,0,0,0,0,zipf,0.8,2,2000,2,0.627187,0.9995,1.60108e+06,26386
A,20,2,0.95,database,0.55,0.45,0,0,0,0,uniform,0,0,2000,2,0.788661,1.7085,1.26813e+06,31966
A,20,2,0.95,database,0.55,0.45,0,0,0,0,zipf,0.3,1.5,2000,2,0.703924,1.229,1.4217e+06,29641
A,20,2,0.95,database,0.55,0.45,0,0,0,0,zipf,0.8,2,2000,2,0.746753,1.458,1.34316e+06,26944
A,15,3,0.3,database,0.55,0.45,0,0,0,0,uniform,0,0,2000,2,1.09782,1.8535,914552,441730
A,15,3,0.3,database,0.55,0.45,0,0,0,0,zipf,0.3,1.5,2000,2,0.744674,1.3335,1.34288e+06,391417
A,15,3,0.3,database,0.55,0.45,0,0,0,0,zipf,0.8,2,2000,2,0.974695,1.5,1.04975e+06,382954
A,15,3,0.6,database,0.55,0.45,0,0,0,0,uniform,0,0,2000,2,1.05895,1.75,944919,662313
A,15,3,0.6,database,0.55,0.45,0,0,0,0,zipf,0.3,1.5,2000,2,0.869944,1.5415,1.14965e+06,606048
A,15,3,0.6,database,0.55,0.45,0,0,0,0,zipf,0.8,2,2000,2,0.828157,2.021,1.20773e+06,597678
A,15,3,0.95,database,0.55,0.45,0,0,0,0,uniform,0,0,2000,2,1.07765,2.208,929221,663429
A,15,3,0.95,database,0.55,0.45,0,0,0,0,zipf,0.3,1.5,2000,2,0.869752,2.313,1.14987e+06,607722
A,15,3,0.95,database,0.55,0.45,0,0,0,0,zipf,0.8,2,2000,2,0.897073,2.854,1.1151e+06,597678
A,2,30,0.3,database,0.55,0.45,0,0,0,0,uniform,0,0,2000,2,0.328617,0.4795,3.04712e+06,45614
A,2,30,0.3,database,0.55,0.45,0,0,0,0,zipf,0.3,1.5,2000,2,0.324768,0.459,3.07913e+06,42359
A,2,30,0.3,database,0.55,0.45,0,0,0,0,zipf,0.8,2,2000,2,0.31494,0.459,3.17521e+06,39662
A,2,30,0.6,database,0.55,0.45,0,0,0,0,uniform,0,0,2000,2,0.36495,0.5415,2.74072e+06,91871
A,2,30,0.6,database,0.55,0.45,0,0,0,0,zipf,0.3,1.5,2000,2,0.335893,0.5,2.97737e+06,80525
A,2,30,0.6,database,0.55,0.45,0,0,0,0,zipf,0.8,2,2000,2,0.292256,0.479,3.42213e+06,76712
A,2,30,0.95,database,0.55,0.45,0,0,0,0,uniform,0,0,2000,2,0.39674,0.6045,2.52141e+06,103513
A,2,30,0.95,database,0.55,0.45,0,0,0,0,zipf,0.3,1.5,2000,2,0.31677,0.6875,3.16007e+06,90493
A,2,30,0.95,database,0.55,0.45,0,0,0,0,zipf,0.8,2,2000,2,0.267345,0.458,3.7405e+06,85657
A,2,50,0.3,database,0.55,0.45,0,0,0,0,uniform,0,0,2000,2,0.366779,0.583,2.72812e+06,124451
A,2,50,0.3,database,0.55,0.45,0,0,0,0,zipf,0.3,1.5,2000,2,0.453059,1,2.22937e+06,107711
A,2,50,0.3,database,0.55,0.45,0,0,0,0,zipf,0.8,2,2000,2,0.384498,0.6455,2.66095e+06,102038
A,2,50,0.6,database,0.55,0.45,0,0,0,0,uniform,0,0,2000,2,0.516312,1.104,1.93682e+06,232721
A,2,50,0.6,database,0.55,0.45,0,0,0,0,zipf,0.3,1.5,2000,2,0.405623,0.771,2.47876e+06,204077
A,2,50,0.6,database,0.55,0.45,0,0,0,0,zipf,0.8,2,2000,2,0.346451,0.604,2.88657e+06,196823
A,2,50,0.95,database,0.55,0.45,0,0,0,0,uniform,0,0,2000,2,0.424887,0.708,2.35672e+06,237873
A,2,50,0.95,database,0.55,0.45,0,0,0,0,zipf,0.3,1.5,2000,2,0.385223,1.2505,2.60324e+06,206811
A,2,50,0.95,database,0.55,0.45,0,0,0,0,zipf,0.8,2,2000,2,0.307092,0.771,3.26746e+06,199464
A,3,30,0.3,database,0.55,0.45,0,0,0,0,uniform,0,0,2000,2,1.00128,2.8545,1.11418e+06,1094304
A,3,30,0.3,database,0.55,0.45,0,0,0,0,zipf,0.3,1.5,2000,2,0.581909,2.729,1.76036e+06,1041294
A,3,30,0.3,database,0.55,0.45,0,0,0,0,zipf,0.8,2,2000,2,0.443129,0.813,2.25716e+06,1030413
A,3,30,0.6,database,0.55,0.45,0,0,0,0,uniform,0,0,2000,2,1.09191,3.1255,917548,1112635
A,3,30,0.6,database,0.55,0.45,0,0,0,0,zipf,0.3,1.5,2000,2,0.50753,1.1455,1.97034e+06,1060834
A,3,30,0.6,database,0.55,0.45,0,0,0,0,zipf,0.8,2,2000,2,0.414513,1.1455,2.41306e+06,1050976
A,3,30,0.95,database,0.55,0.45,0,0,0,0,uniform,0,0,2000,2,0.732257,1.854,1.36591e+06,1117192
A,3,30,0.95,database,0.55,0.45,0,0,0,0,zipf,0.3,1.5,2000,2,2.28789,2.417,802590,1060462
A,3,30,0.95,database,0.55,0.45,0,0,0,0,zipf,0.8,2,2000,2,0.401457,0.6665,2.49134e+06,1050418
A,3,50,0.3,database,0.55,0.45,0,0,0,0,uniform,0,0,2000,2,1.20157,2.4165,867010,3852687
A,3,50,0.3,database,0.55,0.45,0,0,0,0,zipf,0.3,1.5,2000,2,0.731952,2.7085,1.38341e+06,3797817
A,3,50,0.3,database,0.55,0.45,0,0,0,0,zipf,0.8,2,2000,2,0.667409,2.042,1.5848e+06,3786657
A,3,50,0.6,database,0.55,0.45,0,0,0,0,uniform,0,0,2000,2,0.827162,1.521,1.22235e+06,3850548
A,3,50,0.6,database,0.55,0.45,0,0,0,0,zipf,0.3,1.5,2000,2,0.615769,1.5625,1.62694e+06,3794376
A,3,50,0.6,database,0.55,0.45,0,0,0,0,zipf,0.8,2,2000,2,0.50941,1.271,1.96397e+06,3787680
A,3,50,0.95,database,0.55,0.45,0,0,0,0,uniform,0,0,2000,2,1.25029,2.771,802866,3856221
A,3,50,0.95,database,0.55,0.45,0,0,0,0,zipf,0.3,1.5,2000,2,0.635196,2.2915,1.57643e+06,3795120
A,3,50,0.95,database,0.55,0.45,0,0,0,0,zipf,0.8,2,2000,2,0.597813,1.229,1.67348e+06,3786750
A,2,5,0.3,file_manager,0.2,0.05,0.45,0.1,0.1,0.1,uniform,0,0,2000,2,1.86772,33.7285,537871,110332
A,2,5,0.3,file_manager,0.2,0.05,0.45,0.1,0.1,0.1,zipf,0.3,1.5,2000,2,2.18472,29.6875,458780,105822
A,2,5,0.3,file_manager,0.2,0.05,0.45,0.1,0.1,0.1,zipf,0.8,2,2000,2,2.43546,38.2705,410607,110964
A,2,5,0.6,file_manager,0.2,0.05,0.45,0.1,0.1,0.1,uniform,0,0,2000,2,0.832332,6.937,1.20158e+06,113606
A,2,5,0.6,file_manager,0.2,0.05,0.45,0.1,0.1,0.1,zipf,0.3,1.5,2000,2,1.70252,26.646,587517,109973
A,2,5,0.6,file_manager,0.2,0.05,0.45,0.1,0.1,0.1,zipf,0.8,2,2000,2,1.80794,33.7705,555664,109751
A,2,5,0.95,file_manager,0.2,0.05,0.45,0.1,0.1,0.1,uniform,0,0,2000,2,0.990319,10.625,1.00983e+06,112772
A,2,5,0.95,file_manager,0.2,0.05,0.45,0.1,0.1,0.1,zipf,0.3,1.5,2000,2,1.45643,25.875,686635,110225
A,2,5,0.95,file_manager,0.2,0.05,0.45,0.1,0.1,0.1,zipf,0.8,2,2000,2,1.68487,29.4795,593517,110752
A,2,10,0.3,file_manager,0.2,0.05,0.45,0.1,0.1,0.1,uniform,0,0,2000,2,0.88915,7.5005,1.12473e+06,109990
A,2,10,0.3,file_manager,0.2,0.05,0.45,0.1,0.1,0.1,zipf,0.3,1.5,2000,2,1.25761,10.8125,795598,120725
A,2,10,0.3,file_manager,0.2,0.05,0.45,0.1,0.1,0.1,zipf,0.8,2,2000,2,1.16302,10.166,859947,112089
A,2,10,0.6,file_manager,0.2,0.05,0.45,0.1,0.1,0.1,uniform,0,0,2000,2,0.686844,4.479,1.4566e+06,120625
A,2,10,0.6,file_manager,0.2,0.05,0.45,0.1,0.1,0.1,zipf,0.3,1.5,2000,2,1.15885,9.6875,862930,115263
A,2,10,0.6,file_manager,0.2,0.05,0.45,0.1,0.1,0.1,zipf,0.8,2,2000,2,1.37579,13.1255,726890,116948
A,2,10,0.95,file_manager,0.2,0.05,0.45,0.1,0.1,0.1,uniform,0,0,2000,2,0.839704,7.333,1.19116e+06,118020
A,2,10,0.95,file_manager,0.2,0.05,0.45,0.1,0.1,0.1,zipf,0.3,1.5,2000,2,1.03882,10.1455,962752,120776
A,2,10,0.95,file_manager,0.2,0.05,0.45,0.1,0.1,0.1,zipf,0.8,2,2000,2,1.20007,12.7295,833351,120428
A,2,15,0.3,file_manager,0.2,0.05,0.45,0.1,0.1,0.1,uniform,0,0,2000,2,0.905811,8,1.10404e+06,121486
A,2,15,0.3,file_manager,0.2,0.05,0.45,0.1,0.1,0.1,zipf,0.3,1.5,2000,2,1.85064,32.1875,541342,120463
A,2,15,0.3,file_manager,0.2,0.05,0.45,0.1,0.1,0.1,zipf,0.8,2,2000,2,2.5043,40.9165,399704,122583
A,2,15,0.6,file_manager,0.2,0.05,0.45,0.1,0.1,0.1,uniform,0,0,2000,2,0.881113,5.333,1.13695e+06,124993
A,2,15,0.6,file_manager,0.2,0.05,0.45,0.1,0.1,0.1,zipf,0.3,1.5,2000,2,1.44657,12.542,691408,124423
A,2,15,0.6,file_manager,0.2,0.05,0.45,0.1,0.1,0.1,zipf,0.8,2,2000,2,1.87241,14.917,539434,121735
A,2,15,0.95,file_manager,0.2,0.05,0.45,0.1,0.1,0.1,uniform,0,0,2000,2,0.842483,5.8335,1.18722e+06,124872
A,2,15,0.95,file_manager,0.2,0.05,0.45,0.1,0.1,0.1,zipf,0.3,1.5,2000,2,1.47274,12.25,681870,120289
A,2,15,0.95,file_manager,0.2,0.05,0.45,0.1,0.1,0.1,zipf,0.8,2,2000,2,1.79661,17.375,557201,125037
A,5,5,0.3,file_manager,0.2,0.05,0.45,0.1,0.1,0.1,uniform,0,0,2000,2,1.80477,13.7915,554096,152975
A,5,5,0.3,file_manager,0.2,0.05,0.45,0.1,0.1,0.1,zipf,0.3,1.5,2000,2,2.33986,31.7705,428386,156161
A,5,5,0.3,file_manager,0.2,0.05,0.45,0.1,0.1,0.1,zipf,0.8,2,2000,2,3.33809,40.5625,302688,147475
A,5,5,0.6,file_manager,0.2,0.05,0.45,0.1,0.1,0.1,uniform,0,0,2000,2,1.50573,8.854,664179,157367
A,5,5,0.6,file_manager,0.2,0.05,0.45,0.1,0.1,0.1,zipf,0.3,1.5,2000,2,2.26692,27.563,441624,153204
A,5,5,0.6,file_manager,0.2,0.05,0.45,0.1,0.1,0.1,zipf,0.8,2,2000,2,2.83359,37.6665,353807,148352
A,5,5,0.95,file_manager,0.2,0.05,0.45,0.1,0.1,0.1,uniform,0,0,2000,2,1.11058,6.271,900443,165586
A,5,5,0.95,file_manager,0.2,0.05,0.45,0.1,0.1,0.1,zipf,0.3,1.5,2000,2,2.48432,41.5835,402527,161602
A,5,5,0.95,file_manager,0.2,0.05,0.45,0.1,0.1,0.1,zipf,0.8,2,2000,2,2.62056,44.021,381607,156087
A,5,10,0.3,file_manager,0.2,0.05,0.45,0.1,0.1,0.1,uniform,0,0,2000,2,1.95756,4.146,515816,1433449
A,5,10,0.3,file_manager,0.2,0.05,0.45,0.1,0.1,0.1,zipf,0.3,1.5,2000,2,2.38005,29.9165,420602,1419325
A,5,10,0.3,file_manager,0.2,0.05,0.45,0.1,0.1,0.1,zipf,0.8,2,2000,2,2.81293,43.6245,355611,1416672
A,5,10,0.6,file_manager,0.2,0.05,0.45,0.1,0.1,0.1,uniform,0,0,2000,2,1.50635,3.708,663857,1429185
A,5,10,0.6,file_manager,0.2,0.05,0.45,0.1,0.1,0.1,zipf,0.3,1.5,2000,2,2.85863,50.3335,353912,1419938
A,5,10,0.6,file_manager,0.2,0.05,0.45,0.1,0.1,0.1,zipf,0.8,2,2000,2,3.31523,53.5205,303439,1417130
A,5,10,0.95,file_manager,0.2,0.05,0.45,0.1,0.1,0.1,uniform,0,0,2000,2,1.44593,4.1665,692163,1432660
A,5,10,0.95,file_manager,0.2,0.05,0.45,0.1,0.1,0.1,zipf,0.3,1.5,2000,2,2.48228,33.625,403566,1414654
A,5,10,0.95,file_manager,0.2,0.05,0.45,0.1,0.1,0.1,zipf,0.8,2,2000,2,3.31758,57.8335,301430,1414213
A,5,15,0.3,file_manager,0.2,0.05,0.45,0.1,0.1,0.1,uniform,0,0,2000,2,2.20316,5.25,454090,7147324
A,5,15,0.3,file_manager,0.2,0.05,0.45,0.1,0.1,0.1,zipf,0.3,1.5,2000,2,2.2717,27.4795,440223,7127034
A,5,15,0.3,file_manager,0.2,0.05,0.45,0.1,0.1,0.1,zipf,0.8,2,2000,2,3.20777,58.646,313671,7120774
A,5,15,0.6,file_manager,0.2,0.05,0.45,0.1,0.1,0.1,uniform,0,0,2000,2,1.98982,4.7915,502562,7142294
A,5,15,0.6,file_manager,0.2,0.05,0.45,0.1,0.1,0.1,zipf,0.3,1.5,2000,2,2.86661,31.8745,351942,7126645
A,5,15,0.6,file_manager,0.2,0.05,0.45,0.1,0.1,0.1,zipf,0.8,2,2000,2,3.27873,53.771,304996,7123477
A,5,15,0.95,file_manager,0.2,0.05,0.45,0.1,0.1,0.1,uniform,0,0,2000,2,1.72821,4.333,578633,6754731
A,5,15,0.95,file_manager,0.2,0.05,0.45,0.1,0.1,0.1,zipf,0.3,1.5,2000,2,2.49465,33.021,401220,6739125
A,5,15,0.95,file_manager,0.2,0.05,0.45,0.1,0.1,0.1,zipf,0.8,2,2000,2,5.84393,55,177027,6737164
A,10,5,0.3,file_manager,0.2,0.05,0.45,0.1,0.1,0.1,uniform,0,0,2000,2,2.61423,6.8745,382904,4415533
A,10,5,0.3,file_manager,0.2,0.05,0.45,0.1,0.1,0.1,zipf,0.3,1.5,2000,2,4.29277,38.521,245015,4394608
A,10,5,0.3,file_manager,0.2,0.05,0.45,0.1,0.1,0.1,zipf,0.8,2,2000,2,5.21954,54.8125,201423,4402523
A,10,5,0.6,file_manager,0.2,0.05,0.45,0.1,0.1,0.1,uniform,0,0,2000,2,3.71758,14.1255,283232,6608941
A,10,5,0.6,file_manager,0.2,0.05,0.45,0.1,0.1,0.1,zipf,0.3,1.5,2000,2,2.66255,22.521,375588,6593322
A,10,5,0.6,file_manager,0.2,0.05,0.45,0.1,0.1,0.1,zipf,0.8,2,2000,2,3.11802,39.25,323964,6590599
A,10,5,0.95,file_manager,0.2,0.05,0.45,0.1,0.1,0.1,uniform,0,0,2000,2,3.52153,23.667,284383,6606917
A,10,5,0.95,file_manager,0.2,0.05,0.45,0.1,0.1,0.1,zipf,0.3,1.5,2000,2,3.18122,33.104,314394,6589460
A,10,5,0.95,file_manager,0.2,0.05,0.45,0.1,0.1,0.1,zipf,0.8,2,2000,2,3.71893,43.771,268987,6591188
A,10,10,0.3,file_manager,0.2,0.05,0.45,0.1,0.1,0.1,uniform,0,0,2000,2,52.7881,416.146,19353.8,364644885
A,10,10,0.3,file_manager,0.2,0.05,0.45,0.1,0.1,0.1,zipf,0.3,1.5,2000,2,38.3715,810.104,43166.5,364630466
A,10,10,0.3,file_manager,0.2,0.05,0.45,0.1,0.1,0.1,zipf,0.8,2,2000,2,14.4038,180.188,136149,364625102
A,10,10,0.6,file_manager,0.2,0.05,0.45,0.1,0.1,0.1,uniform,0,0,2000,2,61.4615,864.792,48453.6,364622587
A,10,10,0.6,file_manager,0.2,0.05,0.45,0.1,0.1,0.1,zipf,0.3,1.5,2000,2,22.6794,293.166,49684.3,364612333
A,10,10,0.6,file_manager,0.2,0.05,0.45,0.1,0.1,0.1,zipf,0.8,2,2000,2,8.97133,124.688,115666,364605192
A,10,10,0.95,file_manager,0.2,0.05,0.45,0.1,0.1,0.1,uniform,0,0,2000,2,30.1143,351.105,111769,364625467
A,10,10,0.95,file_manager,0.2,0.05,0.45,0.1,0.1,0.1,zipf,0.3,1.5,2000,2,14.9272,240.75,126744,364609423
A,10,10,0.95,file_manager,0.2,0.05,0.45,0.1,0.1,0.1,zipf,0.8,2,2000,2,12.1777,224.896,101569,364606243
A,10,15,0.3,file_manager,0.2,0.05,0.45,0.1,0.1,0.1,uniform,0,0,2000,2,22.0129,336.333,97044,364626417
A,10,15,0.3,file_manager,0.2,0.05,0.45,0.1,0.1,0.1,zipf,0.3,1.5,2000,2,22.8925,303.209,44958.7,364607857
A,10,15,0.3,file_manager,0.2,0.05,0.45,0.1,0.1,0.1,zipf,0.8,2,2000,2,19.6505,272.52,93681.4,364608455
A,10,15,0.6,file_manager,0.2,0.05,0.45,0.1,0.1,0.1,uniform,0,0,2000,2,11.2693,53.604,115229,364636105
A,10,15,0.6,file_manager,0.2,0.05,0.45,0.1,0.1,0.1,zipf,0.3,1.5,2000,2,15.1216,181.562,74068.7,364615970
A,10,15,0.6,file_manager,0.2,0.05,0.45,0.1,0.1,0.1,zipf,0.8,2,2000,2,9.71641,137.813,107467,364614225
A,10,15,0.95,file_manager,0.2,0.05,0.45,0.1,0.1,0.1,uniform,0,0,2000,2,36.9577,290.521,27814.1,364627068
A,10,15,0.95,file_manager,0.2,0.05,0.45,0.1,0.1,0.1,zipf,0.3,1.5,2000,2,21.8854,475.959,92487.5,364607528
A,10,15,0.95,file_manager,0.2,0.05,0.45,0.1,0.1,0.1,zipf,0.8,2,2000,2,8.34256,124.666,146646,364607409
A,10,2,0.3,file_manager,0.2,0.05,0.45,0.1,0.1,0.1,uniform,0,0,2000,2,6.72992,117.334,148744,117044
A,10,2,0.3,file_manager,0.2,0.05,0.45,0.1,0.1,0.1,zipf,0.3,1.5,2000,2,5.03887,88.8745,200248,113461
A,10,2,0.3,file_manager,0.2,0.05,0.45,0.1,0.1,0.1,zipf,0.8,2,2000,2,6.67185,66.521,173552,115811
A,10,2,0.6,file_manager,0.2,0.05,0.45,0.1,0.1,0.1,uniform,0,0,2000,2,4.43797,97.479,225863,110922
A,10,2,0.6,file_manager,0.2,0.05,0.45,0.1,0.1,0.1,zipf,0.3,1.5,2000,2,5.40908,101.584,186163,113367
A,10,2,0.6,file_manager,0.2,0.05,0.45,0.1,0.1,0.1,zipf,0.8,2,2000,2,5.36419,76.3335,186521,118276
A,10,2,0.95,file_manager,0.2,0.05,0.45,0.1,0.1,0.1,uniform,0,0,2000,2,4.04575,87.9375,247676,119608
A,10,2,0.95,file_manager,0.2,0.05,0.45,0.1,0.1,0.1,zipf,0.3,1.5,2000,2,4.76564,87.0625,209836,115261
A,10,2,0.95,file_manager,0.2,0.05,0.45,0.1,0.1,0.1,zipf,0.8,2,2000,2,3.79624,53.1665,263464,115124
A,15,2,0.3,file_manager,0.2,0.05,0.45,0.1,0.1,0.1,uniform,0,0,2000,2,5.23174,122.583,191205,120820
A,15,2,0.3,file_manager,0.2,0.05,0.45,0.1,0.1,0.1,zipf,0.3,1.5,2000,2,6.8076,127.354,146962,117663
A,15,2,0.3,file_manager,0.2,0.05,0.45,0.1,0.1,0.1,zipf,0.8,2,2000,2,7.58448,140.584,131907,120989
A,15,2,0.6,file_manager,0.2,0.05,0.45,0.1,0.1,0.1,uniform,0,0,2000,2,4.13814,103.312,241738,116350
A,15,2,0.6,file_manager,0.2,0.05,0.45,0.1,0.1,0.1,zipf,0.3,1.5,2000,2,5.5104,118.417,181576,116959
A,15,2,0.6,file_manager,0.2,0.05,0.45,0.1,0.1,0.1,zipf,0.8,2,2000,2,6.8615,124.021,145748,121488
A,15,2,0.95,file_manager,0.2,0.05,0.45,0.1,0.1,0.1,uniform,0,0,2000,2,4.54379,103.479,220118,120896
A,15,2,0.95,file_manager,0.2,0.05,0.45,0.1,0.1,0.1,zipf,0.3,1.5,2000,2,5.61988,124.459,178309,120282
A,15,2,0.95,file_manager,0.2,0.05,0.45,0.1,0.1,0.1,zipf,0.8,2,2000,2,6.68365,127.021,149622,116434
A,20,2,0.3,file_manager,0.2,0.05,0.45,0.1,0.1,0.1,uniform,0,0,2000,2,3.18163,65.063,314572,133035
A,20,2,0.3,file_manager,0.2,0.05,0.45,0.1,0.1,0.1,zipf,0.3,1.5,2000,2,4.03651,58.0415,247746,136292
A,20,2,0.3,file_manager,0.2,0.05,0.45,0.1,0.1,0.1,zipf,0.8,2,2000,2,4.29091,81.3535,233589,128138
A,20,2,0.6,file_manager,0.2,0.05,0.45,0.1,0.1,0.1,uniform,0,0,2000,2,3.1795,60.5,316376,134584
A,20,2,0.6,file_manager,0.2,0.05,0.45,0.1,0.1,0.1,zipf,0.3,1.5,2000,2,3.97444,66.6875,251718,129337
A,20,2,0.6,file_manager,0.2,0.05,0.45,0.1,0.1,0.1,zipf,0.8,2,2000,2,4.94295,99.5625,202402,128868
A,20,2,0.95,file_manager,0.2,0.05,0.45,0.1,0.1,0.1,uniform,0,0,2000,2,3.40816,71.417,293420,133586
A,20,2,0.95,file_manager,0.2,0.05,0.45,0.1,0.1,0.1,zipf,0.3,1.5,2000,2,4.18879,69.5,238837,132243
A,20,2,0.95,file_manager,0.2,0.05,0.45,0.1,0.1,0.1,zipf,0.8,2,2000,2,4.08881,74.9375,244818,129318
A,15,3,0.3,file_manager,0.2,0.05,0.45,0.1,0.1,0.1,uniform,0,0,2000,2,2.53743,11.6245,395855,1059713
A,15,3,0.3,file_manager,0.2,0.05,0.45,0.1,0.1,0.1,zipf,0.3,1.5,2000,2,3.22049,37.896,310522,1049631
A,15,3,0.3,file_manager,0.2,0.05,0.45,0.1,0.1,0.1,zipf,0.8,2,2000,2,3.1904,36.354,314595,1048949
A,15,3,0.6,file_manager,0.2,0.05,0.45,0.1,0.1,0.1,uniform,0,0,2000,2,2.56902,14.7495,390056,1056042
A,15,3,0.6,file_manager,0.2,0.05,0.45,0.1,0.1,0.1,zipf,0.3,1.5,2000,2,3.27499,32.4375,307201,1047890
A,15,3,0.6,file_manager,0.2,0.05,0.45,0.1,0.1,0.1,zipf,0.8,2,2000,2,14.5403,39,168111,1049363
A,15,3,0.95,file_manager,0.2,0.05,0.45,0.1,0.1,0.1,uniform,0,0,2000,2,2.44182,13.229,409787,892835
A,15,3,0.95,file_manager,0.2,0.05,0.45,0.1,0.1,0.1,zipf,0.3,1.5,2000,2,3.18273,34.9375,316231,882411
A,15,3,0.95,file_manager,0.2,0.05,0.45,0.1,0.1,0.1,zipf,0.8,2,2000,2,3.66762,40.8545,272798,882690
A,2,30,0.3,file_manager,0.2,0.05,0.45,0.1,0.1,0.1,uniform,0,0,2000,2,0.844919,2.916,1.18477e+06,150129
A,2,30,0.3,file_manager,0.2,0.05,0.45,0.1,0.1,0.1,zipf,0.3,1.5,2000,2,1.65485,24.7915,604553,149508
A,2,30,0.3,file_manager,0.2,0.05,0.45,0.1,0.1,0.1,zipf,0.8,2,2000,2,2.23056,35.771,452698,145514
A,2,30,0.6,file_manager,0.2,0.05,0.45,0.1,0.1,0.1,uniform,0,0,2000,2,0.757893,1.5415,1.31961e+06,185083
A,2,30,0.6,file_manager,0.2,0.05,0.45,0.1,0.1,0.1,zipf,0.3,1.5,2000,2,1.64492,21.9165,608026,181420
A,2,30,0.6,file_manager,0.2,0.05,0.45,0.1,0.1,0.1,zipf,0.8,2,2000,2,2.11687,30.875,473225,179516
A,2,30,0.95,file_manager,0.2,0.05,0.45,0.1,0.1,0.1,uniform,0,0,2000,2,1.01184,3.417,988302,179783
A,2,30,0.95,file_manager,0.2,0.05,0.45,0.1,0.1,0.1,zipf,0.3,1.5,2000,2,1.56492,23.479,640028,177403
A,2,30,0.95,file_manager,0.2,0.05,0.45,0.1,0.1,0.1,zipf,0.8,2,2000,2,2.47133,34.562,406060,176852
A,2,50,0.3,file_manager,0.2,0.05,0.45,0.1,0.1,0.1,uniform,0,0,2000,2,0.828514,1.9375,1.21107e+06,211338
A,2,50,0.3,file_manager,0.2,0.05,0.45,0.1,0.1,0.1,zipf,0.3,1.5,2000,2,2.02563,30.5835,496461,205800
A,2,50,0.3,file_manager,0.2,0.05,0.45,0.1,0.1,0.1,zipf,0.8,2,2000,2,1.98375,32.688,504504,204808
A,2,50,0.6,file_manager,0.2,0.05,0.45,0.1,0.1,0.1,uniform,0,0,2000,2,1.06118,2.166,944375,278026
A,2,50,0.6,file_manager,0.2,0.05,0.45,0.1,0.1,0.1,zipf,0.3,1.5,2000,2,1.74134,26.2915,574497,279007
A,2,50,0.6,file_manager,0.2,0.05,0.45,0.1,0.1,0.1,zipf,0.8,2,2000,2,2.79903,36.6455,360850,279467
A,2,50,0.95,file_manager,0.2,0.05,0.45,0.1,0.1,0.1,uniform,0,0,2000,2,0.964718,2.229,1.03676e+06,285753
A,2,50,0.95,file_manager,0.2,0.05,0.45,0.1,0.1,0.1,zipf,0.3,1.5,2000,2,1.80395,26.1045,554705,280002
A,2,50,0.95,file_manager,0.2,0.05,0.45,0.1,0.1,0.1,zipf,0.8,2,2000,2,2.62922,38.417,386965,274207
A,3,30,0.3,file_manager,0.2,0.05,0.45,0.1,0.1,0.1,uniform,0,0,2000,2,1.4512,7.313,693645,955881
A,3,30,0.3,file_manager,0.2,0.05,0.45,0.1,0.1,0.1,zipf,0.3,1.5,2000,2,1.93587,24.0625,516653,949107
A,3,30,0.3,file_manager,0.2,0.05,0.45,0.1,0.1,0.1,zipf,0.8,2,2000,2,2.32468,37.021,430180,947610
A,3,30,0.6,file_manager,0.2,0.05,0.45,0.1,0.1,0.1,uniform,0,0,2000,2,1.07038,2.229,934250,963877
A,3,30,0.6,file_manager,0.2,0.05,0.45,0.1,0.1,0.1,zipf,0.3,1.5,2000,2,2.04468,25.5205,489075,947433
A,3,30,0.6,file_manager,0.2,0.05,0.45,0.1,0.1,0.1,zipf,0.8,2,2000,2,2.25527,29.292,443812,946809
A,3,30,0.95,file_manager,0.2,0.05,0.45,0.1,0.1,0.1,uniform,0,0,2000,2,1.21711,3.312,826253,960964
A,3,30,0.95,file_manager,0.2,0.05,0.45,0.1,0.1,0.1,zipf,0.3,1.5,2000,2,1.8471,22.5005,541433,950161
A,3,30,0.95,file_manager,0.2,0.05,0.45,0.1,0.1,0.1,zipf,0.8,2,2000,2,2.77655,40.437,369114,950871
A,3,50,0.3,file_manager,0.2,0.05,0.45,0.1,0.1,0.1,uniform,0,0,2000,2,1.8679,8.4585,535374,4544828
A,3,50,0.3,file_manager,0.2,0.05,0.45,0.1,0.1,0.1,zipf,0.3,1.5,2000,2,2.54371,34.979,393133,4520216
A,3,50,0.3,file_manager,0.2,0.05,0.45,0.1,0.1,0.1,zipf,0.8,2,2000,2,2.54153,36.0415,393945,4521160
A,3,50,0.6,file_manager,0.2,0.05,0.45,0.1,0.1,0.1,uniform,0,0,2000,2,1.61476,3.646,622989,4539914
A,3,50,0.6,file_manager,0.2,0.05,0.45,0.1,0.1,0.1,zipf,0.3,1.5,2000,2,2.2803,26.7085,440371,4519839
A,3,50,0.6,file_manager,0.2,0.05,0.45,0.1,0.1,0.1,zipf,0.8,2,2000,2,3.01589,45.125,331716,4522936
A,3,50,0.95,file_manager,0.2,0.05,0.45,0.1,0.1,0.1,uniform,0,0,2000,2,1.68678,4.125,593719,4415211
A,3,50,0.95,file_manager,0.2,0.05,0.45,0.1,0.1,0.1,zipf,0.3,1.5,2000,2,2.67306,32.833,374664,4400344
A,3,50,0.95,file_manager,0.2,0.05,0.45,0.1,0.1,0.1,zipf,0.8,2,2000,2,3.12405,46.917,320099,4391868
A,2,5,0.3,refactoring,0.1,0.1,0.1,0.1,0.5,0.1,uniform,0,0,2000,2,0.447168,4.417,2.23766e+06,27342
A,2,5,0.3,refactoring,0.1,0.1,0.1,0.1,0.5,0.1,zipf,0.3,1.5,2000,2,0.353083,2.3955,2.83277e+06,24452
A,2,5,0.3,refactoring,0.1,0.1,0.1,0.1,0.5,0.1,zipf,0.8,2,2000,2,0.360451,2.229,2.77508e+06,26158
A,2,5,0.6,refactoring,0.1,0.1,0.1,0.1,0.5,0.1,uniform,0,0,2000,2,0.344535,2.8745,2.90273e+06,27798
A,2,5,0.6,refactoring,0.1,0.1,0.1,0.1,0.5,0.1,zipf,0.3,1.5,2000,2,0.466494,3.75,2.16057e+06,28427
A,2,5,0.6,refactoring,0.1,0.1,0.1,0.1,0.5,0.1,zipf,0.8,2,2000,2,0.410604,3.3545,2.43558e+06,26415
A,2,5,0.95,refactoring,0.1,0.1,0.1,0.1,0.5,0.1,uniform,0,0,2000,2,0.347231,2.021,2.87995e+06,28486
A,2,5,0.95,refactoring,0.1,0.1,0.1,0.1,0.5,0.1,zipf,0.3,1.5,2000,2,0.394556,2.125,2.53472e+06,29252
A,2,5,0.95,refactoring,0.1,0.1,0.1,0.1,0.5,0.1,zipf,0.8,2,2000,2,0.386853,2.2505,2.58499e+06,30941
A,2,10,0.3,refactoring,0.1,0.1,0.1,0.1,0.5,0.1,uniform,0,0,2000,2,0.324412,1.4165,3.08398e+06,30762
A,2,10,0.3,refactoring,0.1,0.1,0.1,0.1,0.5,0.1,zipf,0.3,1.5,2000,2,0.490203,3,2.18964e+06,28985
A,2,10,0.3,refactoring,0.1,0.1,0.1,0.1,0.5,0.1,zipf,0.8,2,2000,2,0.551658,4.021,1.86785e+06,31143
A,2,10,0.6,refactoring,0.1,0.1,0.1,0.1,0.5,0.1,uniform,0,0,2000,2,0.472471,1.5,2.2257e+06,36150
A,2,10,0.6,refactoring,0.1,0.1,0.1,0.1,0.5,0.1,zipf,0.3,1.5,2000,2,0.35177,1.417,2.84322e+06,31613
A,2,10,0.6,refactoring,0.1,0.1,0.1,0.1,0.5,0.1,zipf,0.8,2,2000,2,0.33499,1.6875,2.98635e+06,34699
A,2,10,0.95,refactoring,0.1,0.1,0.1,0.1,0.5,0.1,uniform,0,0,2000,2,0.335143,1.0415,2.98504e+06,40374
A,2,10,0.95,refactoring,0.1,0.1,0.1,0.1,0.5,0.1,zipf,0.3,1.5,2000,2,0.449227,4.2085,2.22685e+06,35015
A,2,10,0.95,refactoring,0.1,0.1,0.1,0.1,0.5,0.1,zipf,0.8,2,2000,2,0.394708,3.2085,2.53447e+06,32916
A,2,15,0.3,refactoring,0.1,0.1,0.1,0.1,0.5,0.1,uniform,0,0,2000,2,0.312902,0.6455,3.19712e+06,35932
A,2,15,0.3,refactoring,0.1,0.1,0.1,0.1,0.5,0.1,zipf,0.3,1.5,2000,2,0.406392,2.0835,2.46396e+06,36326
A,2,15,0.3,refactoring,0.1,0.1,0.1,0.1,0.5,0.1,zipf,0.8,2,2000,2,0.353664,2.063,2.82791e+06,34429
A,2,15,0.6,refactoring,0.1,0.1,0.1,0.1,0.5,0.1,uniform,0,0,2000,2,0.352102,1.3955,2.84175e+06,45775
A,2,15,0.6,refactoring,0.1,0.1,0.1,0.1,0.5,0.1,zipf,0.3,1.5,2000,2,0.471919,3.646,2.12039e+06,42465
A,2,15,0.6,refactoring,0.1,0.1,0.1,0.1,0.5,0.1,zipf,0.8,2,2000,2,0.523085,5.188,1.91858e+06,40775
A,2,15,0.95,refactoring,0.1,0.1,0.1,0.1,0.5,0.1,uniform,0,0,2000,2,0.56836,1.5415,1.75963e+06,43192
A,2,15,0.95,refactoring,0.1,0.1,0.1,0.1,0.5,0.1,zipf,0.3,1.5,2000,2,0.438016,3.167,2.28511e+06,41921
A,2,15,0.95,refactoring,0.1,0.1,0.1,0.1,0.5,0.1,zipf,0.8,2,2000,2,0.488208,5.688,2.04831e+06,42410
A,5,5,0.3,refactoring,0.1,0.1,0.1,0.1,0.5,0.1,uniform,0,0,2000,2,0.609839,1.688,1.64435e+06,76339
A,5,5,0.3,refactoring,0.1,0.1,0.1,0.1,0.5,0.1,zipf,0.3,1.5,2000,2,0.621329,5.4165,1.61023e+06,69996
A,5,5,0.3,refactoring,0.1,0.1,0.1,0.1,0.5,0.1,zipf,0.8,2,2000,2,0.644032,6.7085,1.55367e+06,68967
A,5,5,0.6,refactoring,0.1,0.1,0.1,0.1,0.5,0.1,uniform,0,0,2000,2,0.510858,2.396,1.95855e+06,79918
A,5,5,0.6,refactoring,0.1,0.1,0.1,0.1,0.5,0.1,zipf,0.3,1.5,2000,2,0.649477,5.917,1.54006e+06,69418
A,5,5,0.6,refactoring,0.1,0.1,0.1,0.1,0.5,0.1,zipf,0.8,2,2000,2,0.588318,5.146,1.70005e+06,69006
A,5,5,0.95,refactoring,0.1,0.1,0.1,0.1,0.5,0.1,uniform,0,0,2000,2,0.501414,2.4795,1.99507e+06,77171
A,5,5,0.95,refactoring,0.1,0.1,0.1,0.1,0.5,0.1,zipf,0.3,1.5,2000,2,0.767357,6.7705,1.3049e+06,70827
A,5,5,0.95,refactoring,0.1,0.1,0.1,0.1,0.5,0.1,zipf,0.8,2,2000,2,1.06079,9.5835,943059,66327
A,5,10,0.3,refactoring,0.1,0.1,0.1,0.1,0.5,0.1,uniform,0,0,2000,2,0.749586,2.0835,1.34342e+06,892652
A,5,10,0.3,refactoring,0.1,0.1,0.1,0.1,0.5,0.1,zipf,0.3,1.5,2000,2,0.709462,5.5205,1.41119e+06,869379
A,5,10,0.3,refactoring,0.1,0.1,0.1,0.1,0.5,0.1,zipf,0.8,2,2000,2,0.636123,5.437,1.57245e+06,864999
A,5,10,0.6,refactoring,0.1,0.1,0.1,0.1,0.5,0.1,uniform,0,0,2000,2,0.590447,1.125,1.69671e+06,893649
A,5,10,0.6,refactoring,0.1,0.1,0.1,0.1,0.5,0.1,zipf,0.3,1.5,2000,2,0.860959,7.2085,1.1694e+06,869311
A,5,10,0.6,refactoring,0.1,0.1,0.1,0.1,0.5,0.1,zipf,0.8,2,2000,2,0.651682,5.458,1.53532e+06,862649
A,5,10,0.95,refactoring,0.1,0.1,0.1,0.1,0.5,0.1,uniform,0,0,2000,2,0.877073,2.125,1.17359e+06,887261
A,5,10,0.95,refactoring,0.1,0.1,0.1,0.1,0.5,0.1,zipf,0.3,1.5,2000,2,0.800341,6.7085,1.24955e+06,867051
A,5,10,0.95,refactoring,0.1,0.1,0.1,0.1,0.5,0.1,zipf,0.8,2,2000,2,0.779757,7.3535,1.28263e+06,862816
A,5,15,0.3,refactoring,0.1,0.1,0.1,0.1,0.5,0.1,uniform,0,0,2000,2,1.26956,3.3545,869972,7800936
A,5,15,0.3,refactoring,0.1,0.1,0.1,0.1,0.5,0.1,zipf,0.3,1.5,2000,2,0.785857,4.041,1.27351e+06,7771376
A,5,15,0.3,refactoring,0.1,0.1,0.1,0.1,0.5,0.1,zipf,0.8,2,2000,2,0.770599,6.6035,1.29877e+06,7766341
A,5,15,0.6,refactoring,0.1,0.1,0.1,0.1,0.5,0.1,uniform,0,0,2000,2,1.03492,2.6665,967817,7802628
A,5,15,0.6,refactoring,0.1,0.1,0.1,0.1,0.5,0.1,zipf,0.3,1.5,2000,2,1.09157,5.646,941154,7772915
A,5,15,0.6,refactoring,0.1,0.1,0.1,0.1,0.5,0.1,zipf,0.8,2,2000,2,0.842043,6.8335,1.18797e+06,7766299
A,5,15,0.95,refactoring,0.1,0.1,0.1,0.1,0.5,0.1,uniform,0,0,2000,2,1.28216,2.8125,815172,7801643
A,5,15,0.95,refactoring,0.1,0.1,0.1,0.1,0.5,0.1,zipf,0.3,1.5,2000,2,1.1327,7.354,916367,7771163
A,5,15,0.95,refactoring,0.1,0.1,0.1,0.1,0.5,0.1,zipf,0.8,2,2000,2,0.881741,7.5205,1.13532e+06,7767452
A,10,5,0.3,refactoring,0.1,0.1,0.1,0.1,0.5,0.1,uniform,0,0,2000,2,1.44549,3.646,710748,6714926
A,10,5,0.3,refactoring,0.1,0.1,0.1,0.1,0.5,0.1,zipf,0.3,1.5,2000,2,1.28782,8,803934,6687762
A,10,5,0.3,refactoring,0.1,0.1,0.1,0.1,0.5,0.1,zipf,0.8,2,2000,2,1.26819,7.375,845474,6682079
A,10,5,0.6,refactoring,0.1,0.1,0.1,0.1,0.5,0.1,uniform,0,0,2000,2,1.17914,2.438,853785,4091285
A,10,5,0.6,refactoring,0.1,0.1,0.1,0.1,0.5,0.1,zipf,0.3,1.5,2000,2,0.997712,5.9795,1.00272e+06,4063542
A,10,5,0.6,refactoring,0.1,0.1,0.1,0.1,0.5,0.1,zipf,0.8,2,2000,2,1.26153,8.2085,857509,4053858
A,10,5,0.95,refactoring,0.1,0.1,0.1,0.1,0.5,0.1,uniform,0,0,2000,2,1.59646,4.1045,655355,4092529
A,10,5,0.95,refactoring,0.1,0.1,0.1,0.1,0.5,0.1,zipf,0.3,1.5,2000,2,1.15624,6.25,869168,4064137
A,10,5,0.95,refactoring,0.1,0.1,0.1,0.1,0.5,0.1,zipf,0.8,2,2000,2,1.02307,7.542,979478,4056251
A,10,10,0.3,refactoring,0.1,0.1,0.1,0.1,0.5,0.1,uniform,0,0,2000,2,6.1244,20.666,224955,364560428
A,10,10,0.3,refactoring,0.1,0.1,0.1,0.1,0.5,0.1,zipf,0.3,1.5,2000,2,5.1001,67.9165,380428,364530662
A,10,10,0.3,refactoring,0.1,0.1,0.1,0.1,0.5,0.1,zipf,0.8,2,2000,2,1.90256,18.1035,588779,364525918
A,10,10,0.6,refactoring,0.1,0.1,0.1,0.1,0.5,0.1,uniform,0,0,2000,2,13.6278,77.0835,149406,364564935
A,10,10,0.6,refactoring,0.1,0.1,0.1,0.1,0.5,0.1,zipf,0.3,1.5,2000,2,1.93915,11.8745,557205,364533658
A,10,10,0.6,refactoring,0.1,0.1,0.1,0.1,0.5,0.1,zipf,0.8,2,2000,2,1.48724,15.5,704043,364531416
A,10,10,0.95,refactoring,0.1,0.1,0.1,0.1,0.5,0.1,uniform,0,0,2000,2,3.38391,10.396,298696,364560842
A,10,10,0.95,refactoring,0.1,0.1,0.1,0.1,0.5,0.1,zipf,0.3,1.5,2000,2,2.15388,14.021,497946,364531883
A,10,10,0.95,refactoring,0.1,0.1,0.1,0.1,0.5,0.1,zipf,0.8,2,2000,2,2.3766,24.083,439545,364527730
A,10,15,0.3,refactoring,0.1,0.1,0.1,0.1,0.5,0.1,uniform,0,0,2000,2,9.97035,102.209,216110,364559967
A,10,15,0.3,refactoring,0.1,0.1,0.1,0.1,0.5,0.1,zipf,0.3,1.5,2000,2,4.00761,37.8125,313600,364539277
A,10,15,0.3,refactoring,0.1,0.1,0.1,0.1,0.5,0.1,zipf,0.8,2,2000,2,3.31368,44.625,383627,364532249
A,10,15,0.6,refactoring,0.1,0.1,0.1,0.1,0.5,0.1,uniform,0,0,2000,2,19.4371,116.251,83577.1,364569194
A,10,15,0.6,refactoring,0.1,0.1,0.1,0.1,0.5,0.1,zipf,0.3,1.5,2000,2,4.48477,66.416,390827,364539047
A,10,15,0.6,refactoring,0.1,0.1,0.1,0.1,0.5,0.1,zipf,0.8,2,2000,2,1.93247,18.375,616405,364531832
A,10,15,0.95,refactoring,0.1,0.1,0.1,0.1,0.5,0.1,uniform,0,0,2000,2,28.2104,151.125,106245,364573537
A,10,15,0.95,refactoring,0.1,0.1,0.1,0.1,0.5,0.1,zipf,0.3,1.5,2000,2,3.40467,37.8125,429642,364545496
A,10,15,0.95,refactoring,0.1,0.1,0.1,0.1,0.5,0.1,zipf,0.8,2,2000,2,3.46692,50.604,484789,364538442
A,10,2,0.3,refactoring,0.1,0.1,0.1,0.1,0.5,0.1,uniform,0,0,2000,2,1.299,13.312,864912,35434
A,10,2,0.3,refactoring,0.1,0.1,0.1,0.1,0.5,0.1,zipf,0.3,1.5,2000,2,1.14708,10.0415,928208,32118
A,10,2,0.3,refactoring,0.1,0.1,0.1,0.1,0.5,0.1,zipf,0.8,2,2000,2,0.690224,8.3955,1.44897e+06,31756
A,10,2,0.6,refactoring,0.1,0.1,0.1,0.1,0.5,0.1,uniform,0,0,2000,2,0.878542,12.4165,1.13882e+06,31658
A,10,2,0.6,refactoring,0.1,0.1,0.1,0.1,0.5,0.1,zipf,0.3,1.5,2000,2,0.70225,9.2915,1.42404e+06,31948
A,10,2,0.6,refactoring,0.1,0.1,0.1,0.1,0.5,0.1,zipf,0.8,2,2000,2,0.699392,9.3335,1.43046e+06,31137
A,10,2,0.95,refactoring,0.1,0.1,0.1,0.1,0.5,0.1,uniform,0,0,2000,2,0.935648,12.333,1.07032e+06,32080
A,10,2,0.95,refactoring,0.1,0.1,0.1,0.1,0.5,0.1,zipf,0.3,1.5,2000,2,0.756026,8.5625,1.32326e+06,31381
A,10,2,0.95,refactoring,0.1,0.1,0.1,0.1,0.5,0.1,zipf,0.8,2,2000,2,0.717279,8.875,1.39434e+06,29944
A,15,2,0.3,refactoring,0.1,0.1,0.1,0.1,0.5,0.1,uniform,0,0,2000,2,0.789806,5.5625,1.26685e+06,41215
A,15,2,0.3,refactoring,0.1,0.1,0.1,0.1,0.5,0.1,zipf,0.3,1.5,2000,2,1.0033,11.1455,996714,41231
A,15,2,0.3,refactoring,0.1,0.1,0.1,0.1,0.5,0.1,zipf,0.8,2,2000,2,0.924397,8.1665,1.08214e+06,35064
A,15,2,0.6,refactoring,0.1,0.1,0.1,0.1,0.5,0.1,uniform,0,0,2000,2,0.909028,11.708,1.10072e+06,46784
A,15,2,0.6,refactoring,0.1,0.1,0.1,0.1,0.5,0.1,zipf,0.3,1.5,2000,2,1.4701,16.229,689044,41850
A,15,2,0.6,refactoring,0.1,0.1,0.1,0.1,0.5,0.1,zipf,0.8,2,2000,2,1.34991,12.104,799263,38373
A,15,2,0.95,refactoring,0.1,0.1,0.1,0.1,0.5,0.1,uniform,0,0,2000,2,1.00732,10.667,1.03007e+06,43841
A,15,2,0.95,refactoring,0.1,0.1,0.1,0.1,0.5,0.1,zipf,0.3,1.5,2000,2,1.32052,13.375,758291,38991
A,15,2,0.95,refactoring,0.1,0.1,0.1,0.1,0.5,0.1,zipf,0.8,2,2000,2,1.03121,10.771,970748,41344
A,20,2,0.3,refactoring,0.1,0.1,0.1,0.1,0.5,0.1,uniform,0,0,2000,2,0.901191,8.271,1.11144e+06,62383
A,20,2,0.3,refactoring,0.1,0.1,0.1,0.1,0.5,0.1,zipf,0.3,1.5,2000,2,1.04647,8.479,956317,59314
A,20,2,0.3,refactoring,0.1,0.1,0.1,0.1,0.5,0.1,zipf,0.8,2,2000,2,1.1639,8.7915,859265,54723
A,20,2,0.6,refactoring,0.1,0.1,0.1,0.1,0.5,0.1,uniform,0,0,2000,2,0.873993,5.7495,1.15214e+06,64046
A,20,2,0.6,refactoring,0.1,0.1,0.1,0.1,0.5,0.1,zipf,0.3,1.5,2000,2,1.37984,8.9585,755097,56054
A,20,2,0.6,refactoring,0.1,0.1,0.1,0.1,0.5,0.1,zipf,0.8,2,2000,2,1.99423,14.2915,525771,53474
A,20,2,0.95,refactoring,0.1,0.1,0.1,0.1,0.5,0.1,uniform,0,0,2000,2,1.54101,11.625,648951,63868
A,20,2,0.95,refactoring,0.1,0.1,0.1,0.1,0.5,0.1,zipf,0.3,1.5,2000,2,1.26719,10.229,789147,61857
A,20,2,0.95,refactoring,0.1,0.1,0.1,0.1,0.5,0.1,zipf,0.8,2,2000,2,1.61376,13.2505,646036,55097
A,15,3,0.3,refactoring,0.1,0.1,0.1,0.1,0.5,0.1,uniform,0,0,2000,2,1.39166,4.9375,718764,819095
A,15,3,0.3,refactoring,0.1,0.1,0.1,0.1,0.5,0.1,zipf,0.3,1.5,2000,2,1.74705,9.146,595953,795240
A,15,3,0.3,refactoring,0.1,0.1,0.1,0.1,0.5,0.1,zipf,0.8,2,2000,2,1.30962,7.5,773344,788521
A,15,3,0.6,refactoring,0.1,0.1,0.1,0.1,0.5,0.1,uniform,0,0,2000,2,1.15734,4.646,864215,817453
A,15,3,0.6,refactoring,0.1,0.1,0.1,0.1,0.5,0.1,zipf,0.3,1.5,2000,2,1.34673,7.25,742645,793708
A,15,3,0.6,refactoring,0.1,0.1,0.1,0.1,0.5,0.1,zipf,0.8,2,2000,2,1.22182,5.7915,819221,790051
A,15,3,0.95,refactoring,0.1,0.1,0.1,0.1,0.5,0.1,uniform,0,0,2000,2,1.6742,9.333,608304,816963
A,15,3,0.95,refactoring,0.1,0.1,0.1,0.1,0.5,0.1,zipf,0.3,1.5,2000,2,1.37631,7.2915,726725,796093
A,15,3,0.95,refactoring,0.1,0.1,0.1,0.1,0.5,0.1,zipf,0.8,2,2000,2,1.67641,8.0835,611039,790600
A,2,30,0.3,refactoring,0.1,0.1,0.1,0.1,0.5,0.1,uniform,0,0,2000,2,0.621421,1.208,1.60956e+06,73098
A,2,30,0.3,refactoring,0.1,0.1,0.1,0.1,0.5,0.1,zipf,0.3,1.5,2000,2,0.526735,3.729,1.8995e+06,59762
A,2,30,0.3,refactoring,0.1,0.1,0.1,0.1,0.5,0.1,zipf,0.8,2,2000,2,0.558391,5.4375,1.79127e+06,62888
A,2,30,0.6,refactoring,0.1,0.1,0.1,0.1,0.5,0.1,uniform,0,0,2000,2,0.465524,0.896,2.14899e+06,99235
A,2,30,0.6,refactoring,0.1,0.1,0.1,0.1,0.5,0.1,zipf,0.3,1.5,2000,2,0.645417,5.646,1.55016e+06,93074
A,2,30,0.6,refactoring,0.1,0.1,0.1,0.1,0.5,0.1,zipf,0.8,2,2000,2,0.579404,5.2505,1.72649e+06,84588
A,2,30,0.95,refactoring,0.1,0.1,0.1,0.1,0.5,0.1,uniform,0,0,2000,2,0.457347,0.8545,2.18855e+06,100258
A,2,30,0.95,refactoring,0.1,0.1,0.1,0.1,0.5,0.1,zipf,0.3,1.5,2000,2,0.598981,3.833,1.67055e+06,88672
A,2,30,0.95,refactoring,0.1,0.1,0.1,0.1,0.5,0.1,zipf,0.8,2,2000,2,0.608712,6.437,1.64292e+06,89097
A,2,50,0.3,refactoring,0.1,0.1,0.1,0.1,0.5,0.1,uniform,0,0,2000,2,0.494346,0.9165,2.0249e+06,140772
A,2,50,0.3,refactoring,0.1,0.1,0.1,0.1,0.5,0.1,zipf,0.3,1.5,2000,2,0.657121,5.0625,1.52211e+06,126406
A,2,50,0.3,refactoring,0.1,0.1,0.1,0.1,0.5,0.1,zipf,0.8,2,2000,2,0.582492,4.896,1.71731e+06,123898
A,2,50,0.6,refactoring,0.1,0.1,0.1,0.1,0.5,0.1,uniform,0,0,2000,2,0.54107,1.021,1.84979e+06,204662
A,2,50,0.6,refactoring,0.1,0.1,0.1,0.1,0.5,0.1,zipf,0.3,1.5,2000,2,0.676607,5.7505,1.48006e+06,193451
A,2,50,0.6,refactoring,0.1,0.1,0.1,0.1,0.5,0.1,zipf,0.8,2,2000,2,0.63053,5.167,1.58619e+06,185036
A,2,50,0.95,refactoring,0.1,0.1,0.1,0.1,0.5,0.1,uniform,0,0,2000,2,0.602517,1.104,1.66075e+06,208818
A,2,50,0.95,refactoring,0.1,0.1,0.1,0.1,0.5,0.1,zipf,0.3,1.5,2000,2,0.662416,5.208,1.50996e+06,190642
A,2,50,0.95,refactoring,0.1,0.1,0.1,0.1,0.5,0.1,zipf,0.8,2,2000,2,0.682959,6.75,1.4643e+06,186866
A,3,30,0.3,refactoring,0.1,0.1,0.1,0.1,0.5,0.1,uniform,0,0,2000,2,0.962903,2.104,1.04618e+06,804468
A,3,30,0.3,refactoring,0.1,0.1,0.1,0.1,0.5,0.1,zipf,0.3,1.5,2000,2,0.78333,7.729,1.27983e+06,794117
A,3,30,0.3,refactoring,0.1,0.1,0.1,0.1,0.5,0.1,zipf,0.8,2,2000,2,0.671131,4.5835,1.4904e+06,783354
A,3,30,0.6,refactoring,0.1,0.1,0.1,0.1,0.5,0.1,uniform,0,0,2000,2,0.642149,1.271,1.56127e+06,806075
A,3,30,0.6,refactoring,0.1,0.1,0.1,0.1,0.5,0.1,zipf,0.3,1.5,2000,2,0.76247,4.771,1.31289e+06,787307
A,3,30,0.6,refactoring,0.1,0.1,0.1,0.1,0.5,0.1,zipf,0.8,2,2000,2,0.750651,6.417,1.33234e+06,784143
A,3,30,0.95,refactoring,0.1,0.1,0.1,0.1,0.5,0.1,uniform,0,0,2000,2,0.977039,2,1.02354e+06,807683
A,3,30,0.95,refactoring,0.1,0.1,0.1,0.1,0.5,0.1,zipf,0.3,1.5,2000,2,0.750766,5.8545,1.33673e+06,788268
A,3,30,0.95,refactoring,0.1,0.1,0.1,0.1,0.5,0.1,zipf,0.8,2,2000,2,0.764935,7.5835,1.30763e+06,785348
A,3,50,0.3,refactoring,0.1,0.1,0.1,0.1,0.5,0.1,uniform,0,0,2000,2,0.914446,1.896,1.09594e+06,4319193
A,3,50,0.3,refactoring,0.1,0.1,0.1,0.1,0.5,0.1,zipf,0.3,1.5,2000,2,1.46745,9.0625,688592,4298101
A,3,50,0.3,refactoring,0.1,0.1,0.1,0.1,0.5,0.1,zipf,0.8,2,2000,2,0.849538,6.4585,1.17731e+06,4289409
A,3,50,0.6,refactoring,0.1,0.1,0.1,0.1,0.5,0.1,uniform,0,0,2000,2,0.979721,2.083,1.02629e+06,4318567
A,3,50,0.6,refactoring,0.1,0.1,0.1,0.1,0.5,0.1,zipf,0.3,1.5,2000,2,0.896358,5.104,1.11708e+06,4299254
A,3,50,0.6,refactoring,0.1,0.1,0.1,0.1,0.5,0.1,zipf,0.8,2,2000,2,0.830208,6.041,1.20533e+06,4291432
A,3,50,0.95,refactoring,0.1,0.1,0.1,0.1,0.5,0.1,uniform,0,0,2000,2,1.19266,3.7505,857576,4316173
A,3,50,0.95,refactoring,0.1,0.1,0.1,0.1,0.5,0.1,zipf,0.3,1.5,2000,2,0.926884,6.542,1.0793e+06,4301667
A,3,50,0.95,refactoring,0.1,0.1,0.1,0.1,0.5,0.1,zipf,0.8,2,2000,2,0.795049,6.312,1.25973e+06,4289789
A,2,5,0.3,reshaping,0.05,0.1,0.35,0.05,0.4,0.05,uniform,0,0,2000,2,0.976291,17.2705,1.04151e+06,87462
A,2,5,0.3,reshaping,0.05,0.1,0.35,0.05,0.4,0.05,zipf,0.3,1.5,2000,2,1.05478,9.646,982706,88362
A,2,5,0.3,reshaping,0.05,0.1,0.35,0.05,0.4,0.05,zipf,0.8,2,2000,2,0.686678,6.604,1.4565e+06,84760
A,2,5,0.6,reshaping,0.05,0.1,0.35,0.05,0.4,0.05,uniform,0,0,2000,2,0.482562,4.021,2.0725e+06,88118
A,2,5,0.6,reshaping,0.05,0.1,0.35,0.05,0.4,0.05,zipf,0.3,1.5,2000,2,0.648511,7.563,1.54215e+06,93212
A,2,5,0.6,reshaping,0.05,0.1,0.35,0.05,0.4,0.05,zipf,0.8,2,2000,2,0.67103,8.875,1.49033e+06,89054
A,2,5,0.95,reshaping,0.05,0.1,0.35,0.05,0.4,0.05,uniform,0,0,2000,2,0.463591,4.021,2.15737e+06,91680
A,2,5,0.95,reshaping,0.05,0.1,0.35,0.05,0.4,0.05,zipf,0.3,1.5,2000,2,0.562189,5.4585,1.77918e+06,88172
A,2,5,0.95,reshaping,0.05,0.1,0.35,0.05,0.4,0.05,zipf,0.8,2,2000,2,0.597154,4.896,1.67481e+06,93369
A,2,10,0.3,reshaping,0.05,0.1,0.35,0.05,0.4,0.05,uniform,0,0,2000,2,0.371788,1.8335,2.6913e+06,87424
A,2,10,0.3,reshaping,0.05,0.1,0.35,0.05,0.4,0.05,zipf,0.3,1.5,2000,2,0.566109,9.312,1.76661e+06,93199
A,2,10,0.3,reshaping,0.05,0.1,0.35,0.05,0.4,0.05,zipf,0.8,2,2000,2,0.540272,6.7085,1.85116e+06,89916
A,2,10,0.6,reshaping,0.05,0.1,0.35,0.05,0.4,0.05,uniform,0,0,2000,2,0.366015,0.896,2.73319e+06,96244
A,2,10,0.6,reshaping,0.05,0.1,0.35,0.05,0.4,0.05,zipf,0.3,1.5,2000,2,0.48186,4.25,2.07578e+06,95373
A,2,10,0.6,reshaping,0.05,0.1,0.35,0.05,0.4,0.05,zipf,0.8,2,2000,2,0.432395,3.708,2.31329e+06,94381
A,2,10,0.95,reshaping,0.05,0.1,0.35,0.05,0.4,0.05,uniform,0,0,2000,2,0.384336,1.292,2.60259e+06,95632
A,2,10,0.95,reshaping,0.05,0.1,0.35,0.05,0.4,0.05,zipf,0.3,1.5,2000,2,0.526529,6.041,1.89957e+06,96155
A,2,10,0.95,reshaping,0.05,0.1,0.35,0.05,0.4,0.05,zipf,0.8,2,2000,2,0.706867,12.5,1.41488e+06,92908
A,2,15,0.3,reshaping,0.05,0.1,0.35,0.05,0.4,0.05,uniform,0,0,2000,2,0.360181,0.9795,2.77782e+06,98652
A,2,15,0.3,reshaping,0.05,0.1,0.35,0.05,0.4,0.05,zipf,0.3,1.5,2000,2,0.472693,4.6455,2.11607e+06,92625
A,2,15,0.3,reshaping,0.05,0.1,0.35,0.05,0.4,0.05,zipf,0.8,2,2000,2,0.480537,4.146,2.08151e+06,92916
A,2,15,0.6,reshaping,0.05,0.1,0.35,0.05,0.4,0.05,uniform,0,0,2000,2,0.362055,0.8335,2.7638e+06,104707
A,2,15,0.6,reshaping,0.05,0.1,0.35,0.05,0.4,0.05,zipf,0.3,1.5,2000,2,0.810543,7.833,1.28095e+06,96932
A,2,15,0.6,reshaping,0.05,0.1,0.35,0.05,0.4,0.05,zipf,0.8,2,2000,2,0.734995,11.542,1.37527e+06,105962
A,2,15,0.95,reshaping,0.05,0.1,0.35,0.05,0.4,0.05,uniform,0,0,2000,2,0.368668,0.9165,2.71426e+06,104341
A,2,15,0.95,reshaping,0.05,0.1,0.35,0.05,0.4,0.05,zipf,0.3,1.5,2000,2,0.502903,2.646,1.99021e+06,99247
A,2,15,0.95,reshaping,0.05,0.1,0.35,0.05,0.4,0.05,zipf,0.8,2,2000,2,1.15158,20.667,882576,105871
A,5,5,0.3,reshaping,0.05,0.1,0.35,0.05,0.4,0.05,uniform,0,0,2000,2,0.771252,2.9165,1.38752e+06,139643
A,5,5,0.3,reshaping,0.05,0.1,0.35,0.05,0.4,0.05,zipf,0.3,1.5,2000,2,0.817759,9.9165,1.22327e+06,128454
A,5,5,0.3,reshaping,0.05,0.1,0.35,0.05,0.4,0.05,zipf,0.8,2,2000,2,1.02123,16.021,979221,126218
A,5,5,0.6,reshaping,0.05,0.1,0.35,0.05,0.4,0.05,uniform,0,0,2000,2,0.530406,2.479,1.88647e+06,140807
A,5,5,0.6,reshaping,0.05,0.1,0.35,0.05,0.4,0.05,zipf,0.3,1.5,2000,2,0.74229,8.1455,1.34754e+06,133840
A,5,5,0.6,reshaping,0.05,0.1,0.35,0.05,0.4,0.05,zipf,0.8,2,2000,2,0.899833,15.125,1.11132e+06,128361
A,5,5,0.95,reshaping,0.05,0.1,0.35,0.05,0.4,0.05,uniform,0,0,2000,2,0.608565,2.2085,1.65578e+06,140999
A,5,5,0.95,reshaping,0.05,0.1,0.35,0.05,0.4,0.05,zipf,0.3,1.5,2000,2,0.780018,10.8545,1.29211e+06,126059
A,5,5,0.95,reshaping,0.05,0.1,0.35,0.05,0.4,0.05,zipf,0.8,2,2000,2,0.860035,13.229,1.16291e+06,126987
A,5,10,0.3,reshaping,0.05,0.1,0.35,0.05,0.4,0.05,uniform,0,0,2000,2,0.601869,1.2085,1.66521e+06,950510
A,5,10,0.3,reshaping,0.05,0.1,0.35,0.05,0.4,0.05,zipf,0.3,1.5,2000,2,0.89546,7.2915,1.11765e+06,931084
A,5,10,0.3,reshaping,0.05,0.1,0.35,0.05,0.4,0.05,zipf,0.8,2,2000,2,0.944118,15.125,1.0611e+06,923026
A,5,10,0.6,reshaping,0.05,0.1,0.35,0.05,0.4,0.05,uniform,0,0,2000,2,0.575659,0.9795,1.73982e+06,950478
A,5,10,0.6,reshaping,0.05,0.1,0.35,0.05,0.4,0.05,zipf,0.3,1.5,2000,2,1.10855,8.25,940229,929415
A,5,10,0.6,reshaping,0.05,0.1,0.35,0.05,0.4,0.05,zipf,0.8,2,2000,2,1.26513,18.7505,843998,919349
A,5,10,0.95,reshaping,0.05,0.1,0.35,0.05,0.4,0.05,uniform,0,0,2000,2,0.674822,1.833,1.48724e+06,951112
A,5,10,0.95,reshaping,0.05,0.1,0.35,0.05,0.4,0.05,zipf,0.3,1.5,2000,2,0.950214,12.0415,1.0546e+06,933915
A,5,10,0.95,reshaping,0.05,0.1,0.35,0.05,0.4,0.05,zipf,0.8,2,2000,2,0.854405,8.75,1.1812e+06,924097
A,5,15,0.3,reshaping,0.05,0.1,0.35,0.05,0.4,0.05,uniform,0,0,2000,2,0.969282,2.8125,1.03184e+06,7860485
A,5,15,0.3,reshaping,0.05,0.1,0.35,0.05,0.4,0.05,zipf,0.3,1.5,2000,2,0.898192,8.042,1.11411e+06,7832716
A,5,15,0.3,reshaping,0.05,0.1,0.35,0.05,0.4,0.05,zipf,0.8,2,2000,2,1.14663,15.354,873285,7825438
A,5,15,0.6,reshaping,0.05,0.1,0.35,0.05,0.4,0.05,uniform,0,0,2000,2,0.909756,1.8545,1.10046e+06,7863344
A,5,15,0.6,reshaping,0.05,0.1,0.35,0.05,0.4,0.05,zipf,0.3,1.5,2000,2,0.896779,6.9375,1.11574e+06,7831649
A,5,15,0.6,reshaping,0.05,0.1,0.35,0.05,0.4,0.05,zipf,0.8,2,2000,2,1.01158,11.8125,990050,7825402
A,5,15,0.95,reshaping,0.05,0.1,0.35,0.05,0.4,0.05,uniform,0,0,2000,2,1.19253,2.792,856098,7866632
A,5,15,0.95,reshaping,0.05,0.1,0.35,0.05,0.4,0.05,zipf,0.3,1.5,2000,2,1.06569,5.8545,963556,7831633
A,5,15,0.95,reshaping,0.05,0.1,0.35,0.05,0.4,0.05,zipf,0.8,2,2000,2,1.05921,16.146,944624,7829711
A,10,5,0.3,reshaping,0.05,0.1,0.35,0.05,0.4,0.05,uniform,0,0,2000,2,1.1995,2.458,834226,6781634
A,10,5,0.3,reshaping,0.05,0.1,0.35,0.05,0.4,0.05,zipf,0.3,1.5,2000,2,1.54668,9.708,684594,6748135
A,10,5,0.3,reshaping,0.05,0.1,0.35,0.05,0.4,0.05,zipf,0.8,2,2000,2,1.13964,11.9375,884953,6739498
A,10,5,0.6,reshaping,0.05,0.1,0.35,0.05,0.4,0.05,uniform,0,0,2000,2,1.53864,3.5,721731,4152213
A,10,5,0.6,reshaping,0.05,0.1,0.35,0.05,0.4,0.05,zipf,0.3,1.5,2000,2,1.06235,9.2085,941580,4122889
A,10,5,0.6,reshaping,0.05,0.1,0.35,0.05,0.4,0.05,zipf,0.8,2,2000,2,1.17259,12.791,865760,4119344
A,10,5,0.95,reshaping,0.05,0.1,0.35,0.05,0.4,0.05,uniform,0,0,2000,2,1.26146,4.0835,794820,4152640
A,10,5,0.95,reshaping,0.05,0.1,0.35,0.05,0.4,0.05,zipf,0.3,1.5,2000,2,1.24332,8.5215,817097,4126270
A,10,5,0.95,reshaping,0.05,0.1,0.35,0.05,0.4,0.05,zipf,0.8,2,2000,2,1.50605,23.8125,681080,4118021
A,10,10,0.3,reshaping,0.05,0.1,0.35,0.05,0.4,0.05,uniform,0,0,2000,2,7.97162,53.021,225148,364624185
A,10,10,0.3,reshaping,0.05,0.1,0.35,0.05,0.4,0.05,zipf,0.3,1.5,2000,2,5.9791,91.7715,276154,364586490
A,10,10,0.3,reshaping,0.05,0.1,0.35,0.05,0.4,0.05,zipf,0.8,2,2000,2,3.01283,30.354,429621,364585586
A,10,10,0.6,reshaping,0.05,0.1,0.35,0.05,0.4,0.05,uniform,0,0,2000,2,5.0386,19.9585,234335,364627216
A,10,10,0.6,reshaping,0.05,0.1,0.35,0.05,0.4,0.05,zipf,0.3,1.5,2000,2,2.31022,17.4165,469573,364593957
A,10,10,0.6,reshaping,0.05,0.1,0.35,0.05,0.4,0.05,zipf,0.8,2,2000,2,1.83477,19.062,558633,364586751
A,10,10,0.95,reshaping,0.05,0.1,0.35,0.05,0.4,0.05,uniform,0,0,2000,2,4.39064,17.5835,229963,364630726
A,10,10,0.95,reshaping,0.05,0.1,0.35,0.05,0.4,0.05,zipf,0.3,1.5,2000,2,2.97126,22.5835,429198,364597034
A,10,10,0.95,reshaping,0.05,0.1,0.35,0.05,0.4,0.05,zipf,0.8,2,2000,2,2.38685,29.125,475048,364593865
A,10,15,0.3,reshaping,0.05,0.1,0.35,0.05,0.4,0.05,uniform,0,0,2000,2,12.4008,88.7505,215504,364623696
A,10,15,0.3,reshaping,0.05,0.1,0.35,0.05,0.4,0.05,zipf,0.3,1.5,2000,2,4.83237,51.4375,391639,364591395
A,10,15,0.3,reshaping,0.05,0.1,0.35,0.05,0.4,0.05,zipf,0.8,2,2000,2,2.68004,23.7915,466700,364591264
A,10,15,0.6,reshaping,0.05,0.1,0.35,0.05,0.4,0.05,uniform,0,0,2000,2,13.5669,112.438,189420,364631394
A,10,15,0.6,reshaping,0.05,0.1,0.35,0.05,0.4,0.05,zipf,0.3,1.5,2000,2,4.24491,52.666,375501,364600676
A,10,15,0.6,reshaping,0.05,0.1,0.35,0.05,0.4,0.05,zipf,0.8,2,2000,2,2.87756,32.521,462100,364593923
A,10,15,0.95,reshaping,0.05,0.1,0.35,0.05,0.4,0.05,uniform,0,0,2000,2,27.8905,140.271,116099,364642010
A,10,15,0.95,reshaping,0.05,0.1,0.35,0.05,0.4,0.05,zipf,0.3,1.5,2000,2,3.82892,47.1045,361320,364605870
A,10,15,0.95,reshaping,0.05,0.1,0.35,0.05,0.4,0.05,zipf,0.8,2,2000,2,2.90335,33.7085,444309,364600461
A,10,2,0.3,reshaping,0.05,0.1,0.35,0.05,0.4,0.05,uniform,0,0,2000,2,1.38484,28.5625,741279,91326
A,10,2,0.3,reshaping,0.05,0.1,0.35,0.05,0.4,0.05,zipf,0.3,1.5,2000,2,0.844162,9.021,1.18461e+06,92327
A,10,2,0.3,reshaping,0.05,0.1,0.35,0.05,0.4,0.05,zipf,0.8,2,2000,2,1.51731,30.1875,693122,90613
A,10,2,0.6,reshaping,0.05,0.1,0.35,0.05,0.4,0.05,uniform,0,0,2000,2,1.69019,33.104,602663,97484
A,10,2,0.6,reshaping,0.05,0.1,0.35,0.05,0.4,0.05,zipf,0.3,1.5,2000,2,0.899045,14.1045,1.11245e+06,92539
A,10,2,0.6,reshaping,0.05,0.1,0.35,0.05,0.4,0.05,zipf,0.8,2,2000,2,1.42405,20.7915,708261,96367
A,10,2,0.95,reshaping,0.05,0.1,0.35,0.05,0.4,0.05,uniform,0,0,2000,2,1.31077,27.396,764608,89090
A,10,2,0.95,reshaping,0.05,0.1,0.35,0.05,0.4,0.05,zipf,0.3,1.5,2000,2,1.05848,18.5,945351,94397
A,10,2,0.95,reshaping,0.05,0.1,0.35,0.05,0.4,0.05,zipf,0.8,2,2000,2,1.15875,24.8335,863135,91851
A,15,2,0.3,reshaping,0.05,0.1,0.35,0.05,0.4,0.05,uniform,0,0,2000,2,1.62221,13.417,616459,102453
A,15,2,0.3,reshaping,0.05,0.1,0.35,0.05,0.4,0.05,zipf,0.3,1.5,2000,2,1.98882,28.5,503761,99474
A,15,2,0.3,reshaping,0.05,0.1,0.35,0.05,0.4,0.05,zipf,0.8,2,2000,2,1.87634,32.3745,535326,104685
A,15,2,0.6,reshaping,0.05,0.1,0.35,0.05,0.4,0.05,uniform,0,0,2000,2,1.8116,26.312,552007,101894
A,15,2,0.6,reshaping,0.05,0.1,0.35,0.05,0.4,0.05,zipf,0.3,1.5,2000,2,1.49074,25.3335,676418,103568
A,15,2,0.6,reshaping,0.05,0.1,0.35,0.05,0.4,0.05,zipf,0.8,2,2000,2,1.51043,22.0415,663720,101408
A,15,2,0.95,reshaping,0.05,0.1,0.35,0.05,0.4,0.05,uniform,0,0,2000,2,1.44025,10.021,694450,105916
A,15,2,0.95,reshaping,0.05,0.1,0.35,0.05,0.4,0.05,zipf,0.3,1.5,2000,2,1.84268,29.333,543625,96579
A,15,2,0.95,reshaping,0.05,0.1,0.35,0.05,0.4,0.05,zipf,0.8,2,2000,2,1.56052,23.417,648274,99406
A,20,2,0.3,reshaping,0.05,0.1,0.35,0.05,0.4,0.05,uniform,0,0,2000,2,1.02452,7.771,976098,119946
A,20,2,0.3,reshaping,0.05,0.1,0.35,0.05,0.4,0.05,zipf,0.3,1.5,2000,2,1.27951,13.292,781763,117141
A,20,2,0.3,reshaping,0.05,0.1,0.35,0.05,0.4,0.05,zipf,0.8,2,2000,2,1.50728,21.6665,663451,115217
A,20,2,0.6,reshaping,0.05,0.1,0.35,0.05,0.4,0.05,uniform,0,0,2000,2,0.918072,6.5,1.08949e+06,124675
A,20,2,0.6,reshaping,0.05,0.1,0.35,0.05,0.4,0.05,zipf,0.3,1.5,2000,2,1.41502,15.3125,718159,121278
A,20,2,0.6,reshaping,0.05,0.1,0.35,0.05,0.4,0.05,zipf,0.8,2,2000,2,2.02002,26.0415,500272,119927
A,20,2,0.95,reshaping,0.05,0.1,0.35,0.05,0.4,0.05,uniform,0,0,2000,2,0.923704,6.6665,1.08276e+06,122608
A,20,2,0.95,reshaping,0.05,0.1,0.35,0.05,0.4,0.05,zipf,0.3,1.5,2000,2,1.45022,15.979,696025,119202
A,20,2,0.95,reshaping,0.05,0.1,0.35,0.05,0.4,0.05,zipf,0.8,2,2000,2,1.55153,23.229,644539,116928
A,15,3,0.3,reshaping,0.05,0.1,0.35,0.05,0.4,0.05,uniform,0,0,2000,2,1.66166,4.4795,606236,876340
A,15,3,0.3,reshaping,0.05,0.1,0.35,0.05,0.4,0.05,zipf,0.3,1.5,2000,2,1.49239,12.4165,670199,853634
A,15,3,0.3,reshaping,0.05,0.1,0.35,0.05,0.4,0.05,zipf,0.8,2,2000,2,2.1135,21.729,477189,851522
A,15,3,0.6,reshaping,0.05,0.1,0.35,0.05,0.4,0.05,uniform,0,0,2000,2,1.10472,2.5,906353,878333
A,15,3,0.6,reshaping,0.05,0.1,0.35,0.05,0.4,0.05,zipf,0.3,1.5,2000,2,1.35467,12.75,738250,857238
A,15,3,0.6,reshaping,0.05,0.1,0.35,0.05,0.4,0.05,zipf,0.8,2,2000,2,1.74316,13.479,597404,850388
A,15,3,0.95,reshaping,0.05,0.1,0.35,0.05,0.4,0.05,uniform,0,0,2000,2,1.33043,3.771,751732,873686
A,15,3,0.95,reshaping,0.05,0.1,0.35,0.05,0.4,0.05,zipf,0.3,1.5,2000,2,1.48072,13.5,676346,858937
A,15,3,0.95,reshaping,0.05,0.1,0.35,0.05,0.4,0.05,zipf,0.8,2,2000,2,1.6018,16.146,624338,847614
A,2,30,0.3,reshaping,0.05,0.1,0.35,0.05,0.4,0.05,uniform,0,0,2000,2,0.401258,0.7505,2.49437e+06,130791
A,2,30,0.3,reshaping,0.05,0.1,0.35,0.05,0.4,0.05,zipf,0.3,1.5,2000,2,0.6597,9.333,1.51603e+06,121428
A,2,30,0.3,reshaping,0.05,0.1,0.35,0.05,0.4,0.05,zipf,0.8,2,2000,2,0.808687,14.333,1.23684e+06,128544
A,2,30,0.6,reshaping,0.05,0.1,0.35,0.05,0.4,0.05,uniform,0,0,2000,2,0.419964,0.75,2.38367e+06,159321
A,2,30,0.6,reshaping,0.05,0.1,0.35,0.05,0.4,0.05,zipf,0.3,1.5,2000,2,0.628226,4.896,1.59274e+06,153315
A,2,30,0.6,reshaping,0.05,0.1,0.35,0.05,0.4,0.05,zipf,0.8,2,2000,2,0.765205,9.9375,1.30697e+06,148574
A,2,30,0.95,reshaping,0.05,0.1,0.35,0.05,0.4,0.05,uniform,0,0,2000,2,0.444392,0.771,2.25185e+06,163009
A,2,30,0.95,reshaping,0.05,0.1,0.35,0.05,0.4,0.05,zipf,0.3,1.5,2000,2,0.674441,6.4165,1.48338e+06,149452
A,2,30,0.95,reshaping,0.05,0.1,0.35,0.05,0.4,0.05,zipf,0.8,2,2000,2,0.80027,12.1665,1.24977e+06,145400
A,2,50,0.3,reshaping,0.05,0.1,0.35,0.05,0.4,0.05,uniform,0,0,2000,2,0.759728,1.791,1.31994e+06,196028
A,2,50,0.3,reshaping,0.05,0.1,0.35,0.05,0.4,0.05,zipf,0.3,1.5,2000,2,1.07941,10.521,926778,185407
A,2,50,0.3,reshaping,0.05,0.1,0.35,0.05,0.4,0.05,zipf,0.8,2,2000,2,0.83813,13.5,1.1934e+06,182875
A,2,50,0.6,reshaping,0.05,0.1,0.35,0.05,0.4,0.05,uniform,0,0,2000,2,0.550299,0.9995,1.81916e+06,266887
A,2,50,0.6,reshaping,0.05,0.1,0.35,0.05,0.4,0.05,zipf,0.3,1.5,2000,2,0.744296,6.2085,1.34525e+06,249875
A,2,50,0.6,reshaping,0.05,0.1,0.35,0.05,0.4,0.05,zipf,0.8,2,2000,2,0.918211,12.271,1.08912e+06,253492
A,2,50,0.95,reshaping,0.05,0.1,0.35,0.05,0.4,0.05,uniform,0,0,2000,2,0.552812,1.083,1.80977e+06,266863
A,2,50,0.95,reshaping,0.05,0.1,0.35,0.05,0.4,0.05,zipf,0.3,1.5,2000,2,0.744953,5.854,1.34327e+06,244882
A,2,50,0.95,reshaping,0.05,0.1,0.35,0.05,0.4,0.05,zipf,0.8,2,2000,2,0.831306,11.75,1.20315e+06,249003
A,3,30,0.3,reshaping,0.05,0.1,0.35,0.05,0.4,0.05,uniform,0,0,2000,2,0.653635,1.271,1.5342e+06,859775
A,3,30,0.3,reshaping,0.05,0.1,0.35,0.05,0.4,0.05,zipf,0.3,1.5,2000,2,0.817445,6.021,1.22417e+06,853188
A,3,30,0.3,reshaping,0.05,0.1,0.35,0.05,0.4,0.05,zipf,0.8,2,2000,2,1.43529,23.7915,697517,841887
A,3,30,0.6,reshaping,0.05,0.1,0.35,0.05,0.4,0.05,uniform,0,0,2000,2,0.651591,1.1255,1.53594e+06,866127
A,3,30,0.6,reshaping,0.05,0.1,0.35,0.05,0.4,0.05,zipf,0.3,1.5,2000,2,1.02092,9.5625,980179,846121
A,3,30,0.6,reshaping,0.05,0.1,0.35,0.05,0.4,0.05,zipf,0.8,2,2000,2,1.29536,25.125,772139,847749
A,3,30,0.95,reshaping,0.05,0.1,0.35,0.05,0.4,0.05,uniform,0,0,2000,2,0.68146,1.1465,1.46843e+06,860917
A,3,30,0.95,reshaping,0.05,0.1,0.35,0.05,0.4,0.05,zipf,0.3,1.5,2000,2,1.18216,10.583,877244,845485
A,3,30,0.95,reshaping,0.05,0.1,0.35,0.05,0.4,0.05,zipf,0.8,2,2000,2,1.03675,19.271,964605,845083
A,3,50,0.3,reshaping,0.05,0.1,0.35,0.05,0.4,0.05,uniform,0,0,2000,2,0.982053,2.146,1.01861e+06,4381967
A,3,50,0.3,reshaping,0.05,0.1,0.35,0.05,0.4,0.05,zipf,0.3,1.5,2000,2,1.11494,10.4165,897810,4364160
A,3,50,0.3,reshaping,0.05,0.1,0.35,0.05,0.4,0.05,zipf,0.8,2,2000,2,1.52952,24.8335,658337,4352553
A,3,50,0.6,reshaping,0.05,0.1,0.35,0.05,0.4,0.05,uniform,0,0,2000,2,0.935671,1.917,1.06981e+06,4372122
A,3,50,0.6,reshaping,0.05,0.1,0.35,0.05,0.4,0.05,zipf,0.3,1.5,2000,2,1.21268,9.3545,832254,4357702
A,3,50,0.6,reshaping,0.05,0.1,0.35,0.05,0.4,0.05,zipf,0.8,2,2000,2,1.10416,15.1875,906199,4351919
A,3,50,0.95,reshaping,0.05,0.1,0.35,0.05,0.4,0.05,uniform,0,0,2000,2,1.02668,1.9375,976920,3912387
A,3,50,0.95,reshaping,0.05,0.1,0.35,0.05,0.4,0.05,zipf,0.3,1.5,2000,2,1.21527,9.0835,839693,3884380
A,3,50,0.95,reshaping,0.05,0.1,0.35,0.05,0.4,0.05,zipf,0.8,2,2000,2,1.15918,11.688,892269,3885918
A,2,5,0.3,web_server,0.8,0.1,0,0.1,0,0,uniform,0,0,2000,2,0.278767,0.3545,3.6084e+06,1272
A,2,5,0.3,web_server,0.8,0.1,0,0.1,0,0,zipf,0.3,1.5,2000,2,0.25885,0.292,3.86324e+06,1272
A,2,5,0.3,web_server,0.8,0.1,0,0.1,0,0,zipf,0.8,2,2000,2,0.323544,0.292,3.23161e+06,1272
A,2,5,0.6,web_server,0.8,0.1,0,0.1,0,0,uniform,0,0,2000,2,0.236593,0.333,4.22668e+06,2616
A,2,5,0.6,web_server,0.8,0.1,0,0.1,0,0,zipf,0.3,1.5,2000,2,0.212977,0.292,4.69672e+06,2616
A,2,5,0.6,web_server,0.8,0.1,0,0.1,0,0,zipf,0.8,2,2000,2,0.161547,0.2295,6.19533e+06,2616
A,2,5,0.95,web_server,0.8,0.1,0,0.1,0,0,uniform,0,0,2000,2,0.175201,0.25,5.72313e+06,3070
A,2,5,0.95,web_server,0.8,0.1,0,0.1,0,0,zipf,0.3,1.5,2000,2,0.160699,0.25,6.22283e+06,2977
A,2,5,0.95,web_server,0.8,0.1,0,0.1,0,0,zipf,0.8,2,2000,2,0.194376,0.2295,5.35165e+06,2977
A,2,10,0.3,web_server,0.8,0.1,0,0.1,0,0,uniform,0,0,2000,2,0.16164,0.2295,6.18701e+06,5186
A,2,10,0.3,web_server,0.8,0.1,0,0.1,0,0,zipf,0.3,1.5,2000,2,0.168214,0.271,5.95443e+06,5186
A,2,10,0.3,web_server,0.8,0.1,0,0.1,0,0,zipf,0.8,2,2000,2,0.165082,0.25,6.05767e+06,5093
A,2,10,0.6,web_server,0.8,0.1,0,0.1,0,0,uniform,0,0,2000,2,0.187179,0.2915,5.34253e+06,10980
A,2,10,0.6,web_server,0.8,0.1,0,0.1,0,0,zipf,0.3,1.5,2000,2,0.180233,0.2705,5.54838e+06,10701
A,2,10,0.6,web_server,0.8,0.1,0,0.1,0,0,zipf,0.8,2,2000,2,0.171233,0.25,5.84e+06,9771
A,2,10,0.95,web_server,0.8,0.1,0,0.1,0,0,uniform,0,0,2000,2,0.189339,0.2705,5.28155e+06,12070
A,2,10,0.95,web_server,0.8,0.1,0,0.1,0,0,zipf,0.3,1.5,2000,2,0.186953,0.271,5.34913e+06,11233
A,2,10,0.95,web_server,0.8,0.1,0,0.1,0,0,zipf,0.8,2,2000,2,0.17871,0.2705,5.5957e+06,10768
A,2,15,0.3,web_server,0.8,0.1,0,0.1,0,0,uniform,0,0,2000,2,0.177728,0.271,5.6273e+06,11688
A,2,15,0.3,web_server,0.8,0.1,0,0.1,0,0,zipf,0.3,1.5,2000,2,0.164614,0.25,6.075e+06,11130
A,2,15,0.3,web_server,0.8,0.1,0,0.1,0,0,zipf,0.8,2,2000,2,0.161607,0.2915,6.20613e+06,11130
A,2,15,0.6,web_server,0.8,0.1,0,0.1,0,0,uniform,0,0,2000,2,0.216279,0.354,4.62873e+06,15130
A,2,15,0.6,web_server,0.8,0.1,0,0.1,0,0,zipf,0.3,1.5,2000,2,0.205159,0.313,4.88252e+06,14386
A,2,15,0.6,web_server,0.8,0.1,0,0.1,0,0,zipf,0.8,2,2000,2,0.189598,0.292,5.27558e+06,13270
A,2,15,0.95,web_server,0.8,0.1,0,0.1,0,0,uniform,0,0,2000,2,0.208003,0.333,4.81011e+06,15130
A,2,15,0.95,web_server,0.8,0.1,0,0.1,0,0,zipf,0.3,1.5,2000,2,0.207899,0.333,4.81006e+06,14293
A,2,15,0.95,web_server,0.8,0.1,0,0.1,0,0,zipf,0.8,2,2000,2,0.198857,0.333,5.02886e+06,13642
A,5,5,0.3,web_server,0.8,0.1,0,0.1,0,0,uniform,0,0,2000,2,0.400993,0.604,2.49545e+06,49781
A,5,5,0.3,web_server,0.8,0.1,0,0.1,0,0,zipf,0.3,1.5,2000,2,0.32567,0.5,3.07066e+06,42620
A,5,5,0.3,web_server,0.8,0.1,0,0.1,0,0,zipf,0.8,2,2000,2,0.322362,0.459,3.10228e+06,41504
A,5,5,0.6,web_server,0.8,0.1,0,0.1,0,0,uniform,0,0,2000,2,0.371079,0.5,2.69566e+06,49502
A,5,5,0.6,web_server,0.8,0.1,0,0.1,0,0,zipf,0.3,1.5,2000,2,0.329402,0.521,3.03676e+06,43271
A,5,5,0.6,web_server,0.8,0.1,0,0.1,0,0,zipf,0.8,2,2000,2,0.334827,0.5415,2.98662e+06,41504
A,5,5,0.95,web_server,0.8,0.1,0,0.1,0,0,uniform,0,0,2000,2,0.346223,0.479,2.88972e+06,48758
A,5,5,0.95,web_server,0.8,0.1,0,0.1,0,0,zipf,0.3,1.5,2000,2,0.301097,0.4585,3.32171e+06,43643
A,5,5,0.95,web_server,0.8,0.1,0,0.1,0,0,zipf,0.8,2,2000,2,0.281266,0.417,3.55535e+06,41318
A,5,10,0.3,web_server,0.8,0.1,0,0.1,0,0,uniform,0,0,2000,2,0.543502,0.9375,1.84304e+06,782316
A,5,10,0.3,web_server,0.8,0.1,0,0.1,0,0,zipf,0.3,1.5,2000,2,0.401403,0.7915,2.49855e+06,770412
A,5,10,0.3,web_server,0.8,0.1,0,0.1,0,0,zipf,0.8,2,2000,2,0.375409,0.7505,2.66384e+06,768831
A,5,10,0.6,web_server,0.8,0.1,0,0.1,0,0,uniform,0,0,2000,2,0.48855,0.75,2.05792e+06,781293
A,5,10,0.6,web_server,0.8,0.1,0,0.1,0,0,zipf,0.3,1.5,2000,2,0.442872,0.9165,2.26063e+06,770691
A,5,10,0.6,web_server,0.8,0.1,0,0.1,0,0,zipf,0.8,2,2000,2,0.37505,0.771,2.66632e+06,768459
A,5,10,0.95,web_server,0.8,0.1,0,0.1,0,0,uniform,0,0,2000,2,0.566942,0.771,1.76673e+06,782502
A,5,10,0.95,web_server,0.8,0.1,0,0.1,0,0,zipf,0.3,1.5,2000,2,0.479112,1.0205,2.08736e+06,771528
A,5,10,0.95,web_server,0.8,0.1,0,0.1,0,0,zipf,0.8,2,2000,2,0.607848,1,1.64592e+06,769854
A,5,15,0.3,web_server,0.8,0.1,0,0.1,0,0,uniform,0,0,2000,2,1.1015,1.833,930711,7451913
A,5,15,0.3,web_server,0.8,0.1,0,0.1,0,0,zipf,0.3,1.5,2000,2,0.622498,1.896,1.60834e+06,7441962
A,5,15,0.3,web_server,0.8,0.1,0,0.1,0,0,zipf,0.8,2,2000,2,0.517523,1.958,1.9323e+06,7440288
A,5,15,0.6,web_server,0.8,0.1,0,0.1,0,0,uniform,0,0,2000,2,0.977842,1.6255,1.02284e+06,7025477
A,5,15,0.6,web_server,0.8,0.1,0,0.1,0,0,zipf,0.3,1.5,2000,2,0.657492,1.9585,1.52131e+06,7015061
A,5,15,0.6,web_server,0.8,0.1,0,0.1,0,0,zipf,0.8,2,2000,2,0.527948,1.7295,1.89437e+06,7013201
A,5,15,0.95,web_server,0.8,0.1,0,0.1,0,0,uniform,0,0,2000,2,1.16616,2.0005,862912,7025663
A,5,15,0.95,web_server,0.8,0.1,0,0.1,0,0,zipf,0.3,1.5,2000,2,0.821398,2.104,1.21911e+06,7015340
A,5,15,0.95,web_server,0.8,0.1,0,0.1,0,0,zipf,0.8,2,2000,2,0.670191,1.896,1.53304e+06,7013294
A,10,5,0.3,web_server,0.8,0.1,0,0.1,0,0,uniform,0,0,2000,2,1.44306,2.521,704390,4308302
A,10,5,0.3,web_server,0.8,0.1,0,0.1,0,0,zipf,0.3,1.5,2000,2,0.892349,2.125,1.1208e+06,4294166
A,10,5,0.3,web_server,0.8,0.1,0,0.1,0,0,zipf,0.8,2,2000,2,0.770778,2.146,1.3071e+06,4291655
A,10,5,0.6,web_server,0.8,0.1,0,0.1,0,0,uniform,0,0,2000,2,1.5733,3.0205,639219,4306628
A,10,5,0.6,web_server,0.8,0.1,0,0.1,0,0,zipf,0.3,1.5,2000,2,0.869168,2.625,1.15068e+06,4294724
A,10,5,0.6,web_server,0.8,0.1,0,0.1,0,0,zipf,0.8,2,2000,2,0.808039,2.042,1.23908e+06,4291841
A,10,5,0.95,web_server,0.8,0.1,0,0.1,0,0,uniform,0,0,2000,2,3.48533,8.229,372592,4307651
A,10,5,0.95,web_server,0.8,0.1,0,0.1,0,0,zipf,0.3,1.5,2000,2,0.95447,3.3125,1.04886e+06,4294073
A,10,5,0.95,web_server,0.8,0.1,0,0.1,0,0,zipf,0.8,2,2000,2,0.778338,2.7495,1.28494e+06,4291283
A,10,10,0.3,web_server,0.8,0.1,0,0.1,0,0,uniform,0,0,2000,2,49.447,631.271,20296.1,364510775
A,10,10,0.3,web_server,0.8,0.1,0,0.1,0,0,zipf,0.3,1.5,2000,2,13.5071,225.625,123164,364497290
A,10,10,0.3,web_server,0.8,0.1,0,0.1,0,0,zipf,0.8,2,2000,2,1.15025,15.479,937890,364494500
A,10,10,0.6,web_server,0.8,0.1,0,0.1,0,0,uniform,0,0,2000,2,13.0294,86.2915,80918,364513119
A,10,10,0.6,web_server,0.8,0.1,0,0.1,0,0,zipf,0.3,1.5,2000,2,20.4059,388.125,328239,364501959
A,10,10,0.6,web_server,0.8,0.1,0,0.1,0,0,zipf,0.8,2,2000,2,1.45571,16.687,735471,364498797
A,10,10,0.95,web_server,0.8,0.1,0,0.1,0,0,uniform,0,0,2000,2,10.3748,41.7915,168813,364519656
A,10,10,0.95,web_server,0.8,0.1,0,0.1,0,0,zipf,0.3,1.5,2000,2,2.93522,22.646,500827,364508403
A,10,10,0.95,web_server,0.8,0.1,0,0.1,0,0,zipf,0.8,2,2000,2,1.3714,16.4165,769637,364505241
A,10,15,0.3,web_server,0.8,0.1,0,0.1,0,0,uniform,0,0,2000,2,21.4748,383.208,125077,364526520
A,10,15,0.3,web_server,0.8,0.1,0,0.1,0,0,zipf,0.3,1.5,2000,2,12.3212,259.875,399401,364515174
A,10,15,0.3,web_server,0.8,0.1,0,0.1,0,0,zipf,0.8,2,2000,2,1.27597,18.5415,855208,364513779
A,10,15,0.6,web_server,0.8,0.1,0,0.1,0,0,uniform,0,0,2000,2,8.72566,30.396,180865,364518533
A,10,15,0.6,web_server,0.8,0.1,0,0.1,0,0,zipf,0.3,1.5,2000,2,2.55189,19.583,459052,364506908
A,10,15,0.6,web_server,0.8,0.1,0,0.1,0,0,zipf,0.8,2,2000,2,3.41064,61.104,569072,364504955
A,10,15,0.95,web_server,0.8,0.1,0,0.1,0,0,uniform,0,0,2000,2,130.422,1440.56,13542.9,364513565
A,10,15,0.95,web_server,0.8,0.1,0,0.1,0,0,zipf,0.3,1.5,2000,2,58.7328,1326.83,18750.9,364501568
A,10,15,0.95,web_server,0.8,0.1,0,0.1,0,0,zipf,0.8,2,2000,2,2.69611,47.75,509702,364499336
A,10,2,0.3,web_server,0.8,0.1,0,0.1,0,0,uniform,0,0,2000,2,0.52587,0.7295,1.90171e+06,14258
A,10,2,0.3,web_server,0.8,0.1,0,0.1,0,0,zipf,0.3,1.5,2000,2,0.533167,0.6875,1.87567e+06,13142
A,10,2,0.3,web_server,0.8,0.1,0,0.1,0,0,zipf,0.8,2,2000,2,0.550168,0.667,1.81763e+06,12212
A,10,2,0.6,web_server,0.8,0.1,0,0.1,0,0,uniform,0,0,2000,2,0.566137,1.5,1.7814e+06,14258
A,10,2,0.6,web_server,0.8,0.1,0,0.1,0,0,zipf,0.3,1.5,2000,2,0.54807,0.7715,1.82692e+06,12863
A,10,2,0.6,web_server,0.8,0.1,0,0.1,0,0,zipf,0.8,2,2000,2,0.552975,0.8125,1.81018e+06,12119
A,10,2,0.95,web_server,0.8,0.1,0,0.1,0,0,uniform,0,0,2000,2,0.47983,0.6665,2.08408e+06,14165
A,10,2,0.95,web_server,0.8,0.1,0,0.1,0,0,zipf,0.3,1.5,2000,2,0.503818,0.625,1.98488e+06,12956
A,10,2,0.95,web_server,0.8,0.1,0,0.1,0,0,zipf,0.8,2,2000,2,0.555157,0.8125,1.80268e+06,12212
A,15,2,0.3,web_server,0.8,0.1,0,0.1,0,0,uniform,0,0,2000,2,0.596148,0.813,1.67746e+06,19062
A,15,2,0.3,web_server,0.8,0.1,0,0.1,0,0,zipf,0.3,1.5,2000,2,0.672028,0.917,1.48818e+06,17109
A,15,2,0.3,web_server,0.8,0.1,0,0.1,0,0,zipf,0.8,2,2000,2,0.698297,0.979,1.43307e+06,15900
A,15,2,0.6,web_server,0.8,0.1,0,0.1,0,0,uniform,0,0,2000,2,0.797346,3.208,1.31802e+06,18969
A,15,2,0.6,web_server,0.8,0.1,0,0.1,0,0,zipf,0.3,1.5,2000,2,0.780004,1.1465,1.2869e+06,16923
A,15,2,0.6,web_server,0.8,0.1,0,0.1,0,0,zipf,0.8,2,2000,2,0.714659,1.2915,1.41174e+06,16179
A,15,2,0.95,web_server,0.8,0.1,0,0.1,0,0,uniform,0,0,2000,2,1.01168,1.0415,1.14446e+06,18876
A,15,2,0.95,web_server,0.8,0.1,0,0.1,0,0,zipf,0.3,1.5,2000,2,0.774475,0.9795,1.32554e+06,17202
A,15,2,0.95,web_server,0.8,0.1,0,0.1,0,0,zipf,0.8,2,2000,2,0.912594,1.542,1.14376e+06,15993
A,20,2,0.3,web_server,0.8,0.1,0,0.1,0,0,uniform,0,0,2000,2,0.879972,1.2915,1.13642e+06,37313
A,20,2,0.3,web_server,0.8,0.1,0,0.1,0,0,zipf,0.3,1.5,2000,2,0.768134,1.416,1.3019e+06,33035
A,20,2,0.3,web_server,0.8,0.1,0,0.1,0,0,zipf,0.8,2,2000,2,0.771107,1.229,1.30206e+06,31268
A,20,2,0.6,web_server,0.8,0.1,0,0.1,0,0,uniform,0,0,2000,2,1.2927,1.708,776402,37592
A,20,2,0.6,web_server,0.8,0.1,0,0.1,0,0,zipf,0.3,1.5,2000,2,0.93976,1.792,1.07994e+06,32663
A,20,2,0.6,web_server,0.8,0.1,0,0.1,0,0,zipf,0.8,2,2000,2,0.677034,1.0835,1.47705e+06,31175
A,20,2,0.95,web_server,0.8,0.1,0,0.1,0,0,uniform,0,0,2000,2,0.877727,1.25,1.13931e+06,37499
A,20,2,0.95,web_server,0.8,0.1,0,0.1,0,0,zipf,0.3,1.5,2000,2,0.948305,1.521,1.06296e+06,32570
A,20,2,0.95,web_server,0.8,0.1,0,0.1,0,0,zipf,0.8,2,2000,2,0.881146,1.4375,1.1613e+06,30617
A,15,3,0.3,web_server,0.8,0.1,0,0.1,0,0,uniform,0,0,2000,2,1.71609,4.875,615137,945493
A,15,3,0.3,web_server,0.8,0.1,0,0.1,0,0,zipf,0.3,1.5,2000,2,1.13752,4.125,880193,932101
A,15,3,0.3,web_server,0.8,0.1,0,0.1,0,0,zipf,0.8,2,2000,2,1.02416,3.021,976408,929962
A,15,3,0.6,web_server,0.8,0.1,0,0.1,0,0,uniform,0,0,2000,2,1.22029,2.5205,819556,945214
A,15,3,0.6,web_server,0.8,0.1,0,0.1,0,0,zipf,0.3,1.5,2000,2,1.15857,2.3955,889777,932938
A,15,3,0.6,web_server,0.8,0.1,0,0.1,0,0,zipf,0.8,2,2000,2,0.860405,2.542,1.16298e+06,930520
A,15,3,0.95,web_server,0.8,0.1,0,0.1,0,0,uniform,0,0,2000,2,1.60966,3.375,626887,945214
A,15,3,0.95,web_server,0.8,0.1,0,0.1,0,0,zipf,0.3,1.5,2000,2,1.18308,3.0625,847808,933310
A,15,3,0.95,web_server,0.8,0.1,0,0.1,0,0,zipf,0.8,2,2000,2,0.869896,2.479,1.15518e+06,930241
A,2,30,0.3,web_server,0.8,0.1,0,0.1,0,0,uniform,0,0,2000,2,0.361028,0.5625,2.81888e+06,43687
A,2,30,0.3,web_server,0.8,0.1,0,0.1,0,0,zipf,0.3,1.5,2000,2,0.298021,0.562,3.3622e+06,38851
A,2,30,0.3,web_server,0.8,0.1,0,0.1,0,0,zipf,0.8,2,2000,2,0.444072,0.708,2.4742e+06,37270
A,2,30,0.6,web_server,0.8,0.1,0,0.1,0,0,uniform,0,0,2000,2,0.484002,0.75,2.12667e+06,46925
A,2,30,0.6,web_server,0.8,0.1,0,0.1,0,0,zipf,0.3,1.5,2000,2,0.337803,0.542,2.99837e+06,41438
A,2,30,0.6,web_server,0.8,0.1,0,0.1,0,0,zipf,0.8,2,2000,2,0.284152,0.563,3.52491e+06,40229
A,2,30,0.95,web_server,0.8,0.1,0,0.1,0,0,uniform,0,0,2000,2,0.330735,0.5215,3.03488e+06,47576
A,2,30,0.95,web_server,0.8,0.1,0,0.1,0,0,zipf,0.3,1.5,2000,2,0.460599,0.896,2.26188e+06,41810
A,2,30,0.95,web_server,0.8,0.1,0,0.1,0,0,zipf,0.8,2,2000,2,0.274642,0.521,3.64878e+06,40508
A,2,50,0.3,web_server,0.8,0.1,0,0.1,0,0,uniform,0,0,2000,2,0.734607,1.1875,1.40794e+06,106123
A,2,50,0.3,web_server,0.8,0.1,0,0.1,0,0,zipf,0.3,1.5,2000,2,0.371616,0.7295,2.69237e+06,98404
A,2,50,0.3,web_server,0.8,0.1,0,0.1,0,0,zipf,0.8,2,2000,2,0.294539,0.625,3.39514e+06,96916
A,2,50,0.6,web_server,0.8,0.1,0,0.1,0,0,uniform,0,0,2000,2,0.513077,1,2.02061e+06,143755
A,2,50,0.6,web_server,0.8,0.1,0,0.1,0,0,zipf,0.3,1.5,2000,2,0.657637,1.0415,1.99152e+06,134269
A,2,50,0.6,web_server,0.8,0.1,0,0.1,0,0,zipf,0.8,2,2000,2,0.29658,0.75,3.3735e+06,132223
A,2,50,0.95,web_server,0.8,0.1,0,0.1,0,0,uniform,0,0,2000,2,0.48032,0.8755,2.10577e+06,145150
A,2,50,0.95,web_server,0.8,0.1,0,0.1,0,0,zipf,0.3,1.5,2000,2,0.420775,1.021,2.4379e+06,133618
A,2,50,0.95,web_server,0.8,0.1,0,0.1,0,0,zipf,0.8,2,2000,2,0.307523,0.729,3.26208e+06,131851
A,3,30,0.3,web_server,0.8,0.1,0,0.1,0,0,uniform,0,0,2000,2,0.846885,1.7085,1.20806e+06,936780
A,3,30,0.3,web_server,0.8,0.1,0,0.1,0,0,zipf,0.3,1.5,2000,2,1.28823,2.8955,776501,926457
A,3,30,0.3,web_server,0.8,0.1,0,0.1,0,0,zipf,0.8,2,2000,2,0.445511,1.25,2.24719e+06,924039
A,3,30,0.6,web_server,0.8,0.1,0,0.1,0,0,uniform,0,0,2000,2,1.05731,3.354,962410,935478
A,3,30,0.6,web_server,0.8,0.1,0,0.1,0,0,zipf,0.3,1.5,2000,2,0.677513,1.8125,1.53701e+06,925713
A,3,30,0.6,web_server,0.8,0.1,0,0.1,0,0,zipf,0.8,2,2000,2,0.539703,1.5,1.93795e+06,923946
A,3,30,0.95,web_server,0.8,0.1,0,0.1,0,0,uniform,0,0,2000,2,0.834904,1.7915,1.19919e+06,936129
A,3,30,0.95,web_server,0.8,0.1,0,0.1,0,0,zipf,0.3,1.5,2000,2,0.496686,1.0005,2.01552e+06,925155
A,3,30,0.95,web_server,0.8,0.1,0,0.1,0,0,zipf,0.8,2,2000,2,0.472035,1.125,2.11933e+06,923388
A,3,50,0.3,web_server,0.8,0.1,0,0.1,0,0,uniform,0,0,2000,2,1.28326,3.854,780292,3785541
A,3,50,0.3,web_server,0.8,0.1,0,0.1,0,0,zipf,0.3,1.5,2000,2,0.639733,1.646,1.56598e+06,3774939
A,3,50,0.3,web_server,0.8,0.1,0,0.1,0,0,zipf,0.8,2,2000,2,0.575036,1.5,1.74178e+06,3772986
A,3,50,0.6,web_server,0.8,0.1,0,0.1,0,0,uniform,0,0,2000,2,1.11666,2.3335,896271,4782782
A,3,50,0.6,web_server,0.8,0.1,0,0.1,0,0,zipf,0.3,1.5,2000,2,0.659183,2.0625,1.51996e+06,4771622
A,3,50,0.6,web_server,0.8,0.1,0,0.1,0,0,zipf,0.8,2,2000,2,0.527073,2.187,1.92182e+06,4769483
A,3,50,0.95,web_server,0.8,0.1,0,0.1,0,0,uniform,0,0,2000,2,1.30035,3.104,773200,4781294
A,3,50,0.95,web_server,0.8,0.1,0,0.1,0,0,zipf,0.3,1.5,2000,2,0.815756,2.479,1.26279e+06,4770878
A,3,50,0.95,web_server,0.8,0.1,0,0.1,0,0,zipf,0.8,2,2000,2,0.541007,2.042,1.87075e+06,4770785