fs_type,D,W,F,profile_name,p_read,p_write,p_mkdir,p_ls,p_mv,p_find,distribution,locality,zipf_s,operations,repeats,avg_latency_us,p99_latency_us,throughput_ops_sec,memory_usage_bytes
C,2,5,0.3,backup,0.1,0.7,0,0,0.2,0,uniform,0,0,2000,2,0.229952,0.771,4.35293e+06,1159
C,2,5,0.3,backup,0.1,0.7,0,0,0.2,0,zipf,0.3,1.5,2000,2,0.232606,0.75,4.29945e+06,1159
C,2,5,0.3,backup,0.1,0.7,0,0,0.2,0,zipf,0.8,2,2000,2,0.234978,0.729,4.25582e+06,1159
C,2,5,0.6,backup,0.1,0.7,0,0,0.2,0,uniform,0,0,2000,2,0.266548,0.8755,3.75219e+06,2497
C,2,5,0.6,backup,0.1,0.7,0,0,0.2,0,zipf,0.3,1.5,2000,2,0.240563,0.8125,4.16946e+06,2524
C,2,5,0.6,backup,0.1,0.7,0,0,0.2,0,zipf,0.8,2,2000,2,0.157417,0.5415,6.3567e+06,2524
C,2,5,0.95,backup,0.1,0.7,0,0,0.2,0,uniform,0,0,2000,2,0.152315,0.5835,6.57175e+06,2958
C,2,5,0.95,backup,0.1,0.7,0,0,0.2,0,zipf,0.3,1.5,2000,2,0.143131,0.562,6.99319e+06,2931
C,2,5,0.95,backup,0.1,0.7,0,0,0.2,0,zipf,0.8,2,2000,2,0.143259,0.521,6.98277e+06,2876
C,2,10,0.3,backup,0.1,0.7,0,0,0.2,0,uniform,0,0,2000,2,0.170397,0.6255,5.87346e+06,4621
C,2,10,0.3,backup,0.1,0.7,0,0,0.2,0,zipf,0.3,1.5,2000,2,0.148636,0.5835,6.73617e+06,4549
C,2,10,0.3,backup,0.1,0.7,0,0,0.2,0,zipf,0.8,2,2000,2,0.148672,0.5835,6.73061e+06,4594
C,2,10,0.6,backup,0.1,0.7,0,0,0.2,0,uniform,0,0,2000,2,0.198036,0.833,5.05438e+06,8658
C,2,10,0.6,backup,0.1,0.7,0,0,0.2,0,zipf,0.3,1.5,2000,2,0.196725,0.7505,5.08567e+06,8484
C,2,10,0.6,backup,0.1,0.7,0,0,0.2,0,zipf,0.8,2,2000,2,0.183594,0.75,5.44964e+06,8418
C,2,10,0.95,backup,0.1,0.7,0,0,0.2,0,uniform,0,0,2000,2,0.191715,0.792,5.22047e+06,8595
C,2,10,0.95,backup,0.1,0.7,0,0,0.2,0,zipf,0.3,1.5,2000,2,0.182047,0.771,5.49586e+06,8502
C,2,10,0.95,backup,0.1,0.7,0,0,0.2,0,zipf,0.8,2,2000,2,0.187143,0.771,5.34616e+06,8334
C,2,15,0.3,backup,0.1,0.7,0,0,0.2,0,uniform,0,0,2000,2,0.208995,0.9165,4.78803e+06,10234
C,2,15,0.3,backup,0.1,0.7,0,0,0.2,0,zipf,0.3,1.5,2000,2,0.193822,0.8545,5.16332e+06,10069
C,2,15,0.3,backup,0.1,0.7,0,0,0.2,0,zipf,0.8,2,2000,2,0.192112,0.833,5.21244e+06,9640
C,2,15,0.6,backup,0.1,0.7,0,0,0.2,0,uniform,0,0,2000,2,0.261627,1.271,3.82484e+06,18992
C,2,15,0.6,backup,0.1,0.7,0,0,0.2,0,zipf,0.3,1.5,2000,2,0.230977,1.2295,4.33291e+06,18110
C,2,15,0.6,backup,0.1,0.7,0,0,0.2,0,zipf,0.8,2,2000,2,0.223095,1.187,4.48466e+06,17393
C,2,15,0.95,backup,0.1,0.7,0,0,0.2,0,uniform,0,0,2000,2,0.254993,1.313,3.92564e+06,19847
C,2,15,0.95,backup,0.1,0.7,0,0,0.2,0,zipf,0.3,1.5,2000,2,0.233219,1.2705,4.29191e+06,19201
C,2,15,0.95,backup,0.1,0.7,0,0,0.2,0,zipf,0.8,2,2000,2,0.23543,1.1665,4.24878e+06,17651
C,5,5,0.3,backup,0.1,0.7,0,0,0.2,0,uniform,0,0,2000,2,0.476234,2.437,2.10137e+06,37805
C,5,5,0.3,backup,0.1,0.7,0,0,0.2,0,zipf,0.3,1.5,2000,2,0.403302,2.25,2.48048e+06,33419
C,5,5,0.3,backup,0.1,0.7,0,0,0.2,0,zipf,0.8,2,2000,2,0.339972,2.083,2.94242e+06,30107
C,5,5,0.6,backup,0.1,0.7,0,0,0.2,0,uniform,0,0,2000,2,0.45642,2.4375,2.19185e+06,37678
C,5,5,0.6,backup,0.1,0.7,0,0,0.2,0,zipf,0.3,1.5,2000,2,0.391743,2.2085,2.55375e+06,33978
C,5,5,0.6,backup,0.1,0.7,0,0,0.2,0,zipf,0.8,2,2000,2,0.51634,2.8335,1.95282e+06,29761
C,5,5,0.95,backup,0.1,0.7,0,0,0.2,0,uniform,0,0,2000,2,0.707075,3.6665,1.41431e+06,37870
C,5,5,0.95,backup,0.1,0.7,0,0,0.2,0,zipf,0.3,1.5,2000,2,0.616529,3.396,1.62224e+06,34491
C,5,5,0.95,backup,0.1,0.7,0,0,0.2,0,zipf,0.8,2,2000,2,0.580719,3.2285,1.72202e+06,30847
C,5,10,0.3,backup,0.1,0.7,0,0,0.2,0,uniform,0,0,2000,2,10.2953,82.6045,97160.9,1016472
C,5,10,0.3,backup,0.1,0.7,0,0,0.2,0,zipf,0.3,1.5,2000,2,9.28877,74.646,107657,922087
C,5,10,0.3,backup,0.1,0.7,0,0,0.2,0,zipf,0.8,2,2000,2,8.06598,64.417,127821,909519
C,5,10,0.6,backup,0.1,0.7,0,0,0.2,0,uniform,0,0,2000,2,13.3603,78.1455,74929.5,1013529
C,5,10,0.6,backup,0.1,0.7,0,0,0.2,0,zipf,0.3,1.5,2000,2,8.27843,69.5415,121099,921887
C,5,10,0.6,backup,0.1,0.7,0,0,0.2,0,zipf,0.8,2,2000,2,7.40503,70.8745,136244,908993
C,5,10,0.95,backup,0.1,0.7,0,0,0.2,0,uniform,0,0,2000,2,11.937,86.854,83889.7,1015349
C,5,10,0.95,backup,0.1,0.7,0,0,0.2,0,zipf,0.3,1.5,2000,2,8.32121,71.5625,121141,923698
C,5,10,0.95,backup,0.1,0.7,0,0,0.2,0,zipf,0.8,2,2000,2,8.2342,74.3755,122338,907757
C,5,15,0.3,backup,0.1,0.7,0,0,0.2,0,uniform,0,0,2000,2,116.027,772.312,8620.68,8245130
C,5,15,0.3,backup,0.1,0.7,0,0,0.2,0,zipf,0.3,1.5,2000,2,68.1706,640.917,14672.6,8142744
C,5,15,0.3,backup,0.1,0.7,0,0,0.2,0,zipf,0.8,2,2000,2,63.1865,615.229,15852.3,8126368
C,5,15,0.6,backup,0.1,0.7,0,0,0.2,0,uniform,0,0,2000,2,101.431,737.105,9860.15,7960560
C,5,15,0.6,backup,0.1,0.7,0,0,0.2,0,zipf,0.3,1.5,2000,2,69.075,585.188,14497.4,7856385
C,5,15,0.6,backup,0.1,0.7,0,0,0.2,0,zipf,0.8,2,2000,2,70.3997,584.833,14209,7843157
C,5,15,0.95,backup,0.1,0.7,0,0,0.2,0,uniform,0,0,2000,2,52.6529,378.042,18999.3,4317596
C,5,15,0.95,backup,0.1,0.7,0,0,0.2,0,zipf,0.3,1.5,2000,2,35.0458,325.479,28570.6,4210013
C,5,15,0.95,backup,0.1,0.7,0,0,0.2,0,zipf,0.8,2,2000,2,32.9782,300.5,30324.8,4196217
C,10,5,0.3,backup,0.1,0.7,0,0,0.2,0,uniform,0,0,2000,2,57.9193,464.417,17265.9,6420495
C,10,5,0.3,backup,0.1,0.7,0,0,0.2,0,zipf,0.3,1.5,2000,2,41.4139,395.541,24186.2,6309047
C,10,5,0.3,backup,0.1,0.7,0,0,0.2,0,zipf,0.8,2,2000,2,31.504,361.729,31751.9,6292462
C,10,5,0.6,backup,0.1,0.7,0,0,0.2,0,uniform,0,0,2000,2,80.4798,612.48,12426.2,8095341
C,10,5,0.6,backup,0.1,0.7,0,0,0.2,0,zipf,0.3,1.5,2000,2,49.7545,458.5,20101.7,7985565
C,10,5,0.6,backup,0.1,0.7,0,0,0.2,0,zipf,0.8,2,2000,2,52.1544,496.833,19255.7,7970963
C,10,5,0.95,backup,0.1,0.7,0,0,0.2,0,uniform,0,0,2000,2,129.627,1022.65,7716.74,12513622
C,10,5,0.95,backup,0.1,0.7,0,0,0.2,0,zipf,0.3,1.5,2000,2,91.2522,888.271,10978.8,12402472
C,10,5,0.95,backup,0.1,0.7,0,0,0.2,0,zipf,0.8,2,2000,2,79.6159,751.896,12565.9,12388545
C,10,10,0.3,backup,0.1,0.7,0,0,0.2,0,uniform,0,0,2000,2,5512.54,31546.4,182.732,423864887
C,10,10,0.3,backup,0.1,0.7,0,0,0.2,0,zipf,0.3,1.5,2000,2,4654.15,34114.9,217.22,423757836
C,10,10,0.3,backup,0.1,0.7,0,0,0.2,0,zipf,0.8,2,2000,2,3813.29,31498.9,263.107,423742204
C,10,10,0.6,backup,0.1,0.7,0,0,0.2,0,uniform,0,0,2000,2,5030.19,28463.5,199.226,426839808
C,10,10,0.6,backup,0.1,0.7,0,0,0.2,0,zipf,0.3,1.5,2000,2,3780.55,26780,265.985,426728012
C,10,10,0.6,backup,0.1,0.7,0,0,0.2,0,zipf,0.8,2,2000,2,3646.2,26802.5,276.642,426714698
C,10,10,0.95,backup,0.1,0.7,0,0,0.2,0,uniform,0,0,2000,2,4570.67,27702.2,219.125,426678671
C,10,10,0.95,backup,0.1,0.7,0,0,0.2,0,zipf,0.3,1.5,2000,2,4100.67,27234.7,244.746,426565261
C,10,10,0.95,backup,0.1,0.7,0,0,0.2,0,zipf,0.8,2,2000,2,4478.02,27395.6,223.462,426551923
C,10,15,0.3,backup,0.1,0.7,0,0,0.2,0,uniform,0,0,2000,2,4564.93,27718.1,219.11,417155127
C,10,15,0.3,backup,0.1,0.7,0,0,0.2,0,zipf,0.3,1.5,2000,2,3641.8,26354,275.359,417046296
C,10,15,0.3,backup,0.1,0.7,0,0,0.2,0,zipf,0.8,2,2000,2,3431.58,24785.7,292.286,417026821
C,10,15,0.6,backup,0.1,0.7,0,0,0.2,0,uniform,0,0,2000,2,5231.86,34818.9,191.374,421313786
C,10,15,0.6,backup,0.1,0.7,0,0,0.2,0,zipf,0.3,1.5,2000,2,4166.61,29577.9,240.339,421204332
C,10,15,0.6,backup,0.1,0.7,0,0,0.2,0,zipf,0.8,2,2000,2,3502.93,27005.5,286.007,421188114
C,10,15,0.95,backup,0.1,0.7,0,0,0.2,0,uniform,0,0,2000,2,4786.71,29089.2,208.992,418544772
C,10,15,0.95,backup,0.1,0.7,0,0,0.2,0,zipf,0.3,1.5,2000,2,3833.11,27749.2,261.028,418431577
C,10,15,0.95,backup,0.1,0.7,0,0,0.2,0,zipf,0.8,2,2000,2,3624.83,27559.2,277.877,418417053
C,10,2,0.3,backup,0.1,0.7,0,0,0.2,0,uniform,0,0,2000,2,0.314583,1.1465,3.18153e+06,7826
C,10,2,0.3,backup,0.1,0.7,0,0,0.2,0,zipf,0.3,1.5,2000,2,0.304285,1.167,3.28844e+06,7900
C,10,2,0.3,backup,0.1,0.7,0,0,0.2,0,zipf,0.8,2,2000,2,0.289644,1.104,3.45285e+06,7598
C,10,2,0.6,backup,0.1,0.7,0,0,0.2,0,uniform,0,0,2000,2,0.314673,1.1665,3.17908e+06,7964
C,10,2,0.6,backup,0.1,0.7,0,0,0.2,0,zipf,0.3,1.5,2000,2,0.288871,1.0835,3.46311e+06,7821
C,10,2,0.6,backup,0.1,0.7,0,0,0.2,0,zipf,0.8,2,2000,2,0.287977,1.0625,3.47308e+06,7628
C,10,2,0.95,backup,0.1,0.7,0,0,0.2,0,uniform,0,0,2000,2,0.315349,1.1255,3.1725e+06,7810
C,10,2,0.95,backup,0.1,0.7,0,0,0.2,0,zipf,0.3,1.5,2000,2,0.289239,1.0835,3.45897e+06,7948
C,10,2,0.95,backup,0.1,0.7,0,0,0.2,0,zipf,0.8,2,2000,2,0.304181,1.104,3.28887e+06,7644
C,15,2,0.3,backup,0.1,0.7,0,0,0.2,0,uniform,0,0,2000,2,0.426931,1.5205,2.34324e+06,8874
C,15,2,0.3,backup,0.1,0.7,0,0,0.2,0,zipf,0.3,1.5,2000,2,0.392062,1.396,2.55123e+06,8768
C,15,2,0.3,backup,0.1,0.7,0,0,0.2,0,zipf,0.8,2,2000,2,0.372693,1.3335,2.68395e+06,8663
C,15,2,0.6,backup,0.1,0.7,0,0,0.2,0,uniform,0,0,2000,2,0.428855,1.479,2.332e+06,8891
C,15,2,0.6,backup,0.1,0.7,0,0,0.2,0,zipf,0.3,1.5,2000,2,0.39465,1.396,2.53431e+06,8817
C,15,2,0.6,backup,0.1,0.7,0,0,0.2,0,zipf,0.8,2,2000,2,0.384978,1.3125,2.59776e+06,8683
C,15,2,0.95,backup,0.1,0.7,0,0,0.2,0,uniform,0,0,2000,2,0.415888,1.4375,2.40503e+06,8973
C,15,2,0.95,backup,0.1,0.7,0,0,0.2,0,zipf,0.3,1.5,2000,2,0.406849,1.396,2.45824e+06,8921
C,15,2,0.95,backup,0.1,0.7,0,0,0.2,0,zipf,0.8,2,2000,2,0.377876,1.3125,2.64639e+06,8537
C,20,2,0.3,backup,0.1,0.7,0,0,0.2,0,uniform,0,0,2000,2,0.912866,4.375,1.09638e+06,56343
C,20,2,0.3,backup,0.1,0.7,0,0,0.2,0,zipf,0.3,1.5,2000,2,0.85782,3.9585,1.16617e+06,52111
C,20,2,0.3,backup,0.1,0.7,0,0,0.2,0,zipf,0.8,2,2000,2,0.740765,3.521,1.35044e+06,46788
C,20,2,0.6,backup,0.1,0.7,0,0,0.2,0,uniform,0,0,2000,2,0.927247,4.4165,1.07884e+06,57078
C,20,2,0.6,backup,0.1,0.7,0,0,0.2,0,zipf,0.3,1.5,2000,2,0.771432,3.8335,1.29654e+06,53159
C,20,2,0.6,backup,0.1,0.7,0,0,0.2,0,zipf,0.8,2,2000,2,0.767108,3.417,1.30399e+06,47798
C,20,2,0.95,backup,0.1,0.7,0,0,0.2,0,uniform,0,0,2000,2,0.923763,4.4165,1.08304e+06,56879
C,20,2,0.95,backup,0.1,0.7,0,0,0.2,0,zipf,0.3,1.5,2000,2,0.772887,3.896,1.29476e+06,51748
C,20,2,0.95,backup,0.1,0.7,0,0,0.2,0,zipf,0.8,2,2000,2,0.742968,3.479,1.34629e+06,47941
C,15,3,0.3,backup,0.1,0.7,0,0,0.2,0,uniform,0,0,2000,2,12.3082,86.4165,81283.6,1413096
C,15,3,0.3,backup,0.1,0.7,0,0,0.2,0,zipf,0.3,1.5,2000,2,8.34643,75.2915,119825,1312844
C,15,3,0.3,backup,0.1,0.7,0,0,0.2,0,zipf,0.8,2,2000,2,7.70899,72.6665,129719,1300013
C,15,3,0.6,backup,0.1,0.7,0,0,0.2,0,uniform,0,0,2000,2,13.8439,85.8335,72234.3,1413441
C,15,3,0.6,backup,0.1,0.7,0,0,0.2,0,zipf,0.3,1.5,2000,2,8.45389,76.4375,118529,1314186
C,15,3,0.6,backup,0.1,0.7,0,0,0.2,0,zipf,0.8,2,2000,2,7.52317,67.6245,132923,1300223
C,15,3,0.95,backup,0.1,0.7,0,0,0.2,0,uniform,0,0,2000,2,13.2154,87.1465,75777.9,1415059
C,15,3,0.95,backup,0.1,0.7,0,0,0.2,0,zipf,0.3,1.5,2000,2,8.08974,76.021,123614,1314069
C,15,3,0.95,backup,0.1,0.7,0,0,0.2,0,zipf,0.8,2,2000,2,7.56654,70.667,132161,1300124
C,2,30,0.3,backup,0.1,0.7,0,0,0.2,0,uniform,0,0,2000,2,0.43271,2.375,2.31411e+06,37317
C,2,30,0.3,backup,0.1,0.7,0,0,0.2,0,zipf,0.3,1.5,2000,2,0.374582,2.0415,2.67117e+06,34218
C,2,30,0.3,backup,0.1,0.7,0,0,0.2,0,zipf,0.8,2,2000,2,0.341371,1.917,2.93036e+06,29739
C,2,30,0.6,backup,0.1,0.7,0,0,0.2,0,uniform,0,0,2000,2,0.676138,4.208,1.47966e+06,73588
C,2,30,0.6,backup,0.1,0.7,0,0,0.2,0,zipf,0.3,1.5,2000,2,0.56386,3.854,1.77447e+06,63247
C,2,30,0.6,backup,0.1,0.7,0,0,0.2,0,zipf,0.8,2,2000,2,0.506785,3.417,1.97345e+06,55456
C,2,30,0.95,backup,0.1,0.7,0,0,0.2,0,uniform,0,0,2000,2,0.705166,4.7085,1.41872e+06,82934
C,2,30,0.95,backup,0.1,0.7,0,0,0.2,0,zipf,0.3,1.5,2000,2,0.617725,4.2705,1.61941e+06,69386
C,2,30,0.95,backup,0.1,0.7,0,0,0.2,0,zipf,0.8,2,2000,2,0.583064,4.0205,1.71549e+06,62664
C,2,50,0.3,backup,0.1,0.7,0,0,0.2,0,uniform,0,0,2000,2,0.869345,5.7915,1.15055e+06,98732
C,2,50,0.3,backup,0.1,0.7,0,0,0.2,0,zipf,0.3,1.5,2000,2,0.632936,5.292,1.58065e+06,80282
C,2,50,0.3,backup,0.1,0.7,0,0,0.2,0,zipf,0.8,2,2000,2,0.594474,4.0625,1.68238e+06,71322
C,2,50,0.6,backup,0.1,0.7,0,0,0.2,0,uniform,0,0,2000,2,1.61391,11.417,619665,183225
C,2,50,0.6,backup,0.1,0.7,0,0,0.2,0,zipf,0.3,1.5,2000,2,1.21559,9.5205,823007,145293
C,2,50,0.6,backup,0.1,0.7,0,0,0.2,0,zipf,0.8,2,2000,2,1.18795,9.3545,841864,137146
C,2,50,0.95,backup,0.1,0.7,0,0,0.2,0,uniform,0,0,2000,2,1.55423,10.9375,643410,184886
C,2,50,0.95,backup,0.1,0.7,0,0,0.2,0,zipf,0.3,1.5,2000,2,1.29015,9.9375,775229,145237
C,2,50,0.95,backup,0.1,0.7,0,0,0.2,0,zipf,0.8,2,2000,2,1.15814,8.917,863537,138604
C,3,30,0.3,backup,0.1,0.7,0,0,0.2,0,uniform,0,0,2000,2,8.64774,63.7505,115637,768118
C,3,30,0.3,backup,0.1,0.7,0,0,0.2,0,zipf,0.3,1.5,2000,2,6.03962,55.979,165604,678363
C,3,30,0.3,backup,0.1,0.7,0,0,0.2,0,zipf,0.8,2,2000,2,6.48124,50.8545,154310,665522
C,3,30,0.6,backup,0.1,0.7,0,0,0.2,0,uniform,0,0,2000,2,9.19367,62.6875,108777,764719
C,3,30,0.6,backup,0.1,0.7,0,0,0.2,0,zipf,0.3,1.5,2000,2,5.98361,56.7085,167128,681248
C,3,30,0.6,backup,0.1,0.7,0,0,0.2,0,zipf,0.8,2,2000,2,6.36473,56.1875,157133,664532
C,3,30,0.95,backup,0.1,0.7,0,0,0.2,0,uniform,0,0,2000,2,6.3957,49.021,156370,631648
C,3,30,0.95,backup,0.1,0.7,0,0,0.2,0,zipf,0.3,1.5,2000,2,5.09868,46.0835,196266,550944
C,3,30,0.95,backup,0.1,0.7,0,0,0.2,0,zipf,0.8,2,2000,2,4.58297,41.667,218200,535861
C,3,50,0.3,backup,0.1,0.7,0,0,0.2,0,uniform,0,0,2000,2,33.2287,205.75,30095,2317124
C,3,50,0.3,backup,0.1,0.7,0,0,0.2,0,zipf,0.3,1.5,2000,2,19.5851,195.208,51068.2,2223581
C,3,50,0.3,backup,0.1,0.7,0,0,0.2,0,zipf,0.8,2,2000,2,17.8147,179.021,56140.3,2205508
C,3,50,0.6,backup,0.1,0.7,0,0,0.2,0,uniform,0,0,2000,2,31.1326,196.5,32121.6,2316913
C,3,50,0.6,backup,0.1,0.7,0,0,0.2,0,zipf,0.3,1.5,2000,2,20.9419,192.791,47751.7,2220953
C,3,50,0.6,backup,0.1,0.7,0,0,0.2,0,zipf,0.8,2,2000,2,19.5936,177.959,51047.7,2205980
C,3,50,0.95,backup,0.1,0.7,0,0,0.2,0,uniform,0,0,2000,2,30.8814,202.312,32388,2318366
C,3,50,0.95,backup,0.1,0.7,0,0,0.2,0,zipf,0.3,1.5,2000,2,21.7669,178.834,45944.3,2221220
C,3,50,0.95,backup,0.1,0.7,0,0,0.2,0,zipf,0.8,2,2000,2,19.9566,177.563,50113.6,2206894
C,2,5,0.3,build_system,0.5,0.25,0.1,0.05,0.05,0.05,uniform,0,0,2000,2,1.1431,17.208,875931,16171
C,2,5,0.3,build_system,0.5,0.25,0.1,0.05,0.05,0.05,zipf,0.3,1.5,2000,2,1.28952,18.2915,777561,15689
C,2,5,0.3,build_system,0.5,0.25,0.1,0.05,0.05,0.05,zipf,0.8,2,2000,2,1.48606,21.7295,673254,17237
C,2,5,0.6,build_system,0.5,0.25,0.1,0.05,0.05,0.05,uniform,0,0,2000,2,1.32537,18.6455,756432,19071
C,2,5,0.6,build_system,0.5,0.25,0.1,0.05,0.05,0.05,zipf,0.3,1.5,2000,2,1.36337,19.4165,736446,19008
C,2,5,0.6,build_system,0.5,0.25,0.1,0.05,0.05,0.05,zipf,0.8,2,2000,2,1.55272,18.7085,652936,18919
C,2,5,0.95,build_system,0.5,0.25,0.1,0.05,0.05,0.05,uniform,0,0,2000,2,1.1028,16.437,907038,17970
C,2,5,0.95,build_system,0.5,0.25,0.1,0.05,0.05,0.05,zipf,0.3,1.5,2000,2,1.36294,20.2915,734280,19523
C,2,5,0.95,build_system,0.5,0.25,0.1,0.05,0.05,0.05,zipf,0.8,2,2000,2,1.15327,17.5835,867291,18859
C,2,10,0.3,build_system,0.5,0.25,0.1,0.05,0.05,0.05,uniform,0,0,2000,2,1.06996,17.0415,935855,20086
C,2,10,0.3,build_system,0.5,0.25,0.1,0.05,0.05,0.05,zipf,0.3,1.5,2000,2,1.04394,14.938,957938,19813
C,2,10,0.3,build_system,0.5,0.25,0.1,0.05,0.05,0.05,zipf,0.8,2,2000,2,1.28969,19.354,776454,21109
C,2,10,0.6,build_system,0.5,0.25,0.1,0.05,0.05,0.05,uniform,0,0,2000,2,1.25459,17.3335,797135,23702
C,2,10,0.6,build_system,0.5,0.25,0.1,0.05,0.05,0.05,zipf,0.3,1.5,2000,2,1.29935,18.167,772229,23220
C,2,10,0.6,build_system,0.5,0.25,0.1,0.05,0.05,0.05,zipf,0.8,2,2000,2,1.4419,20.979,697163,24582
C,2,10,0.95,build_system,0.5,0.25,0.1,0.05,0.05,0.05,uniform,0,0,2000,2,1.18886,18.75,841147,24407
C,2,10,0.95,build_system,0.5,0.25,0.1,0.05,0.05,0.05,zipf,0.3,1.5,2000,2,1.57683,21.2705,635677,24557
C,2,10,0.95,build_system,0.5,0.25,0.1,0.05,0.05,0.05,zipf,0.8,2,2000,2,1.23251,21.7705,811484,24568
C,2,15,0.3,build_system,0.5,0.25,0.1,0.05,0.05,0.05,uniform,0,0,2000,2,1.3138,20.9995,761809,26041
C,2,15,0.3,build_system,0.5,0.25,0.1,0.05,0.05,0.05,zipf,0.3,1.5,2000,2,1.31884,18.0625,760616,24920
C,2,15,0.3,build_system,0.5,0.25,0.1,0.05,0.05,0.05,zipf,0.8,2,2000,2,1.13621,16.542,880156,23276
C,2,15,0.6,build_system,0.5,0.25,0.1,0.05,0.05,0.05,uniform,0,0,2000,2,1.54715,23.5625,651035,34672
C,2,15,0.6,build_system,0.5,0.25,0.1,0.05,0.05,0.05,zipf,0.3,1.5,2000,2,1.34664,22.083,742634,32657
C,2,15,0.6,build_system,0.5,0.25,0.1,0.05,0.05,0.05,zipf,0.8,2,2000,2,1.4569,22.104,686995,32494
C,2,15,0.95,build_system,0.5,0.25,0.1,0.05,0.05,0.05,uniform,0,0,2000,2,1.91524,28.7295,527713,40534
C,2,15,0.95,build_system,0.5,0.25,0.1,0.05,0.05,0.05,zipf,0.3,1.5,2000,2,1.84768,29.125,545304,36948
C,2,15,0.95,build_system,0.5,0.25,0.1,0.05,0.05,0.05,zipf,0.8,2,2000,2,1.56339,25.8545,640583,35839
C,5,5,0.3,build_system,0.5,0.25,0.1,0.05,0.05,0.05,uniform,0,0,2000,2,4.54671,85.2295,219996,75153
C,5,5,0.3,build_system,0.5,0.25,0.1,0.05,0.05,0.05,zipf,0.3,1.5,2000,2,5.8728,91.229,170532,64341
C,5,5,0.3,build_system,0.5,0.25,0.1,0.05,0.05,0.05,zipf,0.8,2,2000,2,5.23331,84.292,191248,60675
C,5,5,0.6,build_system,0.5,0.25,0.1,0.05,0.05,0.05,uniform,0,0,2000,2,4.90571,87.5625,203844,74189
C,5,5,0.6,build_system,0.5,0.25,0.1,0.05,0.05,0.05,zipf,0.3,1.5,2000,2,4.70397,86.9165,212597,66264
C,5,5,0.6,build_system,0.5,0.25,0.1,0.05,0.05,0.05,zipf,0.8,2,2000,2,4.99445,89.167,200233,60416
C,5,5,0.95,build_system,0.5,0.25,0.1,0.05,0.05,0.05,uniform,0,0,2000,2,4.9347,84.896,202963,73703
C,5,5,0.95,build_system,0.5,0.25,0.1,0.05,0.05,0.05,zipf,0.3,1.5,2000,2,4.62253,90.5205,217973,64652
C,5,5,0.95,build_system,0.5,0.25,0.1,0.05,0.05,0.05,zipf,0.8,2,2000,2,5.2063,87.3335,192101,61256
C,5,10,0.3,build_system,0.5,0.25,0.1,0.05,0.05,0.05,uniform,0,0,2000,2,115.972,2446.81,8622.8,1356647
C,5,10,0.3,build_system,0.5,0.25,0.1,0.05,0.05,0.05,zipf,0.3,1.5,2000,2,107.905,2430.52,9267.69,1327474
C,5,10,0.3,build_system,0.5,0.25,0.1,0.05,0.05,0.05,zipf,0.8,2,2000,2,124.162,2425.08,8054,1320778
C,5,10,0.6,build_system,0.5,0.25,0.1,0.05,0.05,0.05,uniform,0,0,2000,2,108.522,1855.71,9215.49,1018758
C,5,10,0.6,build_system,0.5,0.25,0.1,0.05,0.05,0.05,zipf,0.3,1.5,2000,2,105.824,1876.65,9451.43,986673
C,5,10,0.6,build_system,0.5,0.25,0.1,0.05,0.05,0.05,zipf,0.8,2,2000,2,85.0424,1790.94,11766.4,979590
C,5,10,0.95,build_system,0.5,0.25,0.1,0.05,0.05,0.05,uniform,0,0,2000,2,96.25,1539.44,10399,856507
C,5,10,0.95,build_system,0.5,0.25,0.1,0.05,0.05,0.05,zipf,0.3,1.5,2000,2,78.2942,1463.65,12777.7,826423
C,5,10,0.95,build_system,0.5,0.25,0.1,0.05,0.05,0.05,zipf,0.8,2,2000,2,78.9942,1483.9,12660.1,826823
C,5,15,0.3,build_system,0.5,0.25,0.1,0.05,0.05,0.05,uniform,0,0,2000,2,634.79,12336.5,1576.41,6705408
C,5,15,0.3,build_system,0.5,0.25,0.1,0.05,0.05,0.05,zipf,0.3,1.5,2000,2,722.744,12185.2,1383.91,6672090
C,5,15,0.3,build_system,0.5,0.25,0.1,0.05,0.05,0.05,zipf,0.8,2,2000,2,630.681,12319.1,1585.73,6662378
C,5,15,0.6,build_system,0.5,0.25,0.1,0.05,0.05,0.05,uniform,0,0,2000,2,391.206,7341.88,2556.33,3926205
C,5,15,0.6,build_system,0.5,0.25,0.1,0.05,0.05,0.05,zipf,0.3,1.5,2000,2,352.57,7040.6,2836.32,3894861
C,5,15,0.6,build_system,0.5,0.25,0.1,0.05,0.05,0.05,zipf,0.8,2,2000,2,379.794,6335.77,2658.7,3886187
C,5,15,0.95,build_system,0.5,0.25,0.1,0.05,0.05,0.05,uniform,0,0,2000,2,274.989,5914.23,3636.66,5031887
C,5,15,0.95,build_system,0.5,0.25,0.1,0.05,0.05,0.05,zipf,0.3,1.5,2000,2,316.91,5929.5,3156.24,4997654
C,5,15,0.95,build_system,0.5,0.25,0.1,0.05,0.05,0.05,zipf,0.8,2,2000,2,316.653,6131.94,3170.86,4992033
C,10,5,0.3,build_system,0.5,0.25,0.1,0.05,0.05,0.05,uniform,0,0,2000,2,404.286,8522.77,2475.75,5728693
C,10,5,0.3,build_system,0.5,0.25,0.1,0.05,0.05,0.05,zipf,0.3,1.5,2000,2,338.47,8240.65,2981.27,5697379
C,10,5,0.3,build_system,0.5,0.25,0.1,0.05,0.05,0.05,zipf,0.8,2,2000,2,395.092,8321.96,2531.05,5687497
C,10,5,0.6,build_system,0.5,0.25,0.1,0.05,0.05,0.05,uniform,0,0,2000,2,450.657,9061.79,2219.88,6358059
C,10,5,0.6,build_system,0.5,0.25,0.1,0.05,0.05,0.05,zipf,0.3,1.5,2000,2,394.453,9238.06,2536.95,6324411
C,10,5,0.6,build_system,0.5,0.25,0.1,0.05,0.05,0.05,zipf,0.8,2,2000,2,385.772,9284,2592.36,6320430
C,10,5,0.95,build_system,0.5,0.25,0.1,0.05,0.05,0.05,uniform,0,0,2000,2,350.125,7561.5,2856.14,5365936
C,10,5,0.95,build_system,0.5,0.25,0.1,0.05,0.05,0.05,zipf,0.3,1.5,2000,2,365.915,7697.25,2735.38,5323385
C,10,5,0.95,build_system,0.5,0.25,0.1,0.05,0.05,0.05,zipf,0.8,2,2000,2,386.866,7902.73,2584.93,5316637
C,10,10,0.3,build_system,0.5,0.25,0.1,0.05,0.05,0.05,uniform,0,0,2000,2,27302.7,555407,36.6802,424039056
C,10,10,0.3,build_system,0.5,0.25,0.1,0.05,0.05,0.05,zipf,0.3,1.5,2000,2,32139.5,619055,31.142,424000259
C,10,10,0.3,build_system,0.5,0.25,0.1,0.05,0.05,0.05,zipf,0.8,2,2000,2,30856.6,535057,32.4126,423998805
C,10,10,0.6,build_system,0.5,0.25,0.1,0.05,0.05,0.05,uniform,0,0,2000,2,26122.3,491215,38.2885,435354709
C,10,10,0.6,build_system,0.5,0.25,0.1,0.05,0.05,0.05,zipf,0.3,1.5,2000,2,25471,489372,39.2629,435321736
C,10,10,0.6,build_system,0.5,0.25,0.1,0.05,0.05,0.05,zipf,0.8,2,2000,2,23437.3,484347,42.6736,435314199
C,10,10,0.95,build_system,0.5,0.25,0.1,0.05,0.05,0.05,uniform,0,0,2000,2,25040.6,503499,39.9528,425440973
C,10,10,0.95,build_system,0.5,0.25,0.1,0.05,0.05,0.05,zipf,0.3,1.5,2000,2,23376.2,496897,42.7799,425404837
C,10,10,0.95,build_system,0.5,0.25,0.1,0.05,0.05,0.05,zipf,0.8,2,2000,2,27811.4,493384,35.9587,425400596
C,10,15,0.3,build_system,0.5,0.25,0.1,0.05,0.05,0.05,uniform,0,0,2000,2,24814.8,496945,40.3023,415033380
C,10,15,0.3,build_system,0.5,0.25,0.1,0.05,0.05,0.05,zipf,0.3,1.5,2000,2,27118.8,499893,36.8782,414998133
C,10,15,0.3,build_system,0.5,0.25,0.1,0.05,0.05,0.05,zipf,0.8,2,2000,2,25771.7,499043,38.8045,414988820
C,10,15,0.6,build_system,0.5,0.25,0.1,0.05,0.05,0.05,uniform,0,0,2000,2,22919.8,500597,43.6326,415990898
C,10,15,0.6,build_system,0.5,0.25,0.1,0.05,0.05,0.05,zipf,0.3,1.5,2000,2,28953.7,499865,34.5404,415957758
C,10,15,0.6,build_system,0.5,0.25,0.1,0.05,0.05,0.05,zipf,0.8,2,2000,2,26786.7,501121,37.3338,415952456
C,10,15,0.95,build_system,0.5,0.25,0.1,0.05,0.05,0.05,uniform,0,0,2000,2,29017.5,464292,34.6151,417217696
C,10,15,0.95,build_system,0.5,0.25,0.1,0.05,0.05,0.05,zipf,0.3,1.5,2000,2,22028.2,430190,45.4,417184118
C,10,15,0.95,build_system,0.5,0.25,0.1,0.05,0.05,0.05,zipf,0.8,2,2000,2,23757.9,432255,42.0989,417179623
C,10,2,0.3,build_system,0.5,0.25,0.1,0.05,0.05,0.05,uniform,0,0,2000,2,1.49101,23.604,674524,29281
C,10,2,0.3,build_system,0.5,0.25,0.1,0.05,0.05,0.05,zipf,0.3,1.5,2000,2,1.49835,22.3545,667480,29299
C,10,2,0.3,build_system,0.5,0.25,0.1,0.05,0.05,0.05,zipf,0.8,2,2000,2,1.68157,25.021,594727,30097
C,10,2,0.6,build_system,0.5,0.25,0.1,0.05,0.05,0.05,uniform,0,0,2000,2,1.28916,23.8955,775812,28647
C,10,2,0.6,build_system,0.5,0.25,0.1,0.05,0.05,0.05,zipf,0.3,1.5,2000,2,1.37155,21.229,729224,26395
C,10,2,0.6,build_system,0.5,0.25,0.1,0.05,0.05,0.05,zipf,0.8,2,2000,2,1.42045,22.2085,704059,27670
C,10,2,0.95,build_system,0.5,0.25,0.1,0.05,0.05,0.05,uniform,0,0,2000,2,1.44882,23.5415,690278,28334
C,10,2,0.95,build_system,0.5,0.25,0.1,0.05,0.05,0.05,zipf,0.3,1.5,2000,2,1.50468,23.25,665351,27033
C,10,2,0.95,build_system,0.5,0.25,0.1,0.05,0.05,0.05,zipf,0.8,2,2000,2,1.66913,25.0205,599206,28338
C,15,2,0.3,build_system,0.5,0.25,0.1,0.05,0.05,0.05,uniform,0,0,2000,2,2.18797,41.3955,457106,52079
C,15,2,0.3,build_system,0.5,0.25,0.1,0.05,0.05,0.05,zipf,0.3,1.5,2000,2,2.3918,44.3755,418114,50355
C,15,2,0.3,build_system,0.5,0.25,0.1,0.05,0.05,0.05,zipf,0.8,2,2000,2,2.69518,45.8545,371052,49195
C,15,2,0.6,build_system,0.5,0.25,0.1,0.05,0.05,0.05,uniform,0,0,2000,2,2.67986,46.562,373313,54976
C,15,2,0.6,build_system,0.5,0.25,0.1,0.05,0.05,0.05,zipf,0.3,1.5,2000,2,2.64319,43.229,378343,48644
C,15,2,0.6,build_system,0.5,0.25,0.1,0.05,0.05,0.05,zipf,0.8,2,2000,2,3.07195,50.375,325529,49824
C,15,2,0.95,build_system,0.5,0.25,0.1,0.05,0.05,0.05,uniform,0,0,2000,2,2.17562,44.3125,459646,53943
C,15,2,0.95,build_system,0.5,0.25,0.1,0.05,0.05,0.05,zipf,0.3,1.5,2000,2,2.91809,44.25,342700,48687
C,15,2,0.95,build_system,0.5,0.25,0.1,0.05,0.05,0.05,zipf,0.8,2,2000,2,2.46497,45.396,405697,50132
C,20,2,0.3,build_system,0.5,0.25,0.1,0.05,0.05,0.05,uniform,0,0,2000,2,5.0622,91.271,197546,99150
C,20,2,0.3,build_system,0.5,0.25,0.1,0.05,0.05,0.05,zipf,0.3,1.5,2000,2,4.97129,96.4585,201155,93310
C,20,2,0.3,build_system,0.5,0.25,0.1,0.05,0.05,0.05,zipf,0.8,2,2000,2,4.53296,89.542,220608,88864
C,20,2,0.6,build_system,0.5,0.25,0.1,0.05,0.05,0.05,uniform,0,0,2000,2,4.97275,88.479,201101,98805
C,20,2,0.6,build_system,0.5,0.25,0.1,0.05,0.05,0.05,zipf,0.3,1.5,2000,2,5.03773,97.708,198509,96338
C,20,2,0.6,build_system,0.5,0.25,0.1,0.05,0.05,0.05,zipf,0.8,2,2000,2,4.97163,98.5625,201277,91067
C,20,2,0.95,build_system,0.5,0.25,0.1,0.05,0.05,0.05,uniform,0,0,2000,2,5.78509,89.8335,172867,97403
C,20,2,0.95,build_system,0.5,0.25,0.1,0.05,0.05,0.05,zipf,0.3,1.5,2000,2,5.33178,98.9795,187568,93710
C,20,2,0.95,build_system,0.5,0.25,0.1,0.05,0.05,0.05,zipf,0.8,2,2000,2,5.44679,99.8545,183653,91909
C,15,3,0.3,build_system,0.5,0.25,0.1,0.05,0.05,0.05,uniform,0,0,2000,2,45.6101,847.896,21925.8,791854
C,15,3,0.3,build_system,0.5,0.25,0.1,0.05,0.05,0.05,zipf,0.3,1.5,2000,2,43.0543,834.542,23226.6,762526
C,15,3,0.3,build_system,0.5,0.25,0.1,0.05,0.05,0.05,zipf,0.8,2,2000,2,48.3363,848.062,20689,751090
C,15,3,0.6,build_system,0.5,0.25,0.1,0.05,0.05,0.05,uniform,0,0,2000,2,44.3167,831.896,22564.9,794102
C,15,3,0.6,build_system,0.5,0.25,0.1,0.05,0.05,0.05,zipf,0.3,1.5,2000,2,44.6252,855.604,22410.3,759443
C,15,3,0.6,build_system,0.5,0.25,0.1,0.05,0.05,0.05,zipf,0.8,2,2000,2,42.6569,830.542,23444.4,755207
C,15,3,0.95,build_system,0.5,0.25,0.1,0.05,0.05,0.05,uniform,0,0,2000,2,10.5164,176.02,95118,187544
C,15,3,0.95,build_system,0.5,0.25,0.1,0.05,0.05,0.05,zipf,0.3,1.5,2000,2,9.23387,168.875,108327,166461
C,15,3,0.95,build_system,0.5,0.25,0.1,0.05,0.05,0.05,zipf,0.8,2,2000,2,8.35162,172.938,119737,164469
C,2,30,0.3,build_system,0.5,0.25,0.1,0.05,0.05,0.05,uniform,0,0,2000,2,1.10739,18.188,903403,51244
C,2,30,0.3,build_system,0.5,0.25,0.1,0.05,0.05,0.05,zipf,0.3,1.5,2000,2,1.19346,18.1455,838107,46779
C,2,30,0.3,build_system,0.5,0.25,0.1,0.05,0.05,0.05,zipf,0.8,2,2000,2,1.06133,15.625,943036,42318
C,2,30,0.6,build_system,0.5,0.25,0.1,0.05,0.05,0.05,uniform,0,0,2000,2,1.80166,27.438,555113,84791
C,2,30,0.6,build_system,0.5,0.25,0.1,0.05,0.05,0.05,zipf,0.3,1.5,2000,2,1.61893,26.5835,617830,73524
C,2,30,0.6,build_system,0.5,0.25,0.1,0.05,0.05,0.05,zipf,0.8,2,2000,2,1.79169,27.271,558152,68583
C,2,30,0.95,build_system,0.5,0.25,0.1,0.05,0.05,0.05,uniform,0,0,2000,2,1.46221,27.375,683994,89019
C,2,30,0.95,build_system,0.5,0.25,0.1,0.05,0.05,0.05,zipf,0.3,1.5,2000,2,1.72857,27.312,578521,75577
C,2,30,0.95,build_system,0.5,0.25,0.1,0.05,0.05,0.05,zipf,0.8,2,2000,2,1.80821,28.5625,553106,71692
C,2,50,0.3,build_system,0.5,0.25,0.1,0.05,0.05,0.05,uniform,0,0,2000,2,2.24185,35.2295,446541,106183
C,2,50,0.3,build_system,0.5,0.25,0.1,0.05,0.05,0.05,zipf,0.3,1.5,2000,2,2.31256,35.8125,432457,89242
C,2,50,0.3,build_system,0.5,0.25,0.1,0.05,0.05,0.05,zipf,0.8,2,2000,2,2.26494,34.458,441539,85279
C,2,50,0.6,build_system,0.5,0.25,0.1,0.05,0.05,0.05,uniform,0,0,2000,2,4.08117,63.375,245084,175133
C,2,50,0.6,build_system,0.5,0.25,0.1,0.05,0.05,0.05,zipf,0.3,1.5,2000,2,4.02738,61.271,248316,154005
C,2,50,0.6,build_system,0.5,0.25,0.1,0.05,0.05,0.05,zipf,0.8,2,2000,2,3.8992,64.7705,256540,150098
C,2,50,0.95,build_system,0.5,0.25,0.1,0.05,0.05,0.05,uniform,0,0,2000,2,4.85422,66.833,206036,196572
C,2,50,0.95,build_system,0.5,0.25,0.1,0.05,0.05,0.05,zipf,0.3,1.5,2000,2,4.54933,68.958,219970,173988
C,2,50,0.95,build_system,0.5,0.25,0.1,0.05,0.05,0.05,zipf,0.8,2,2000,2,4.31194,66.6045,231930,166347
C,3,30,0.3,build_system,0.5,0.25,0.1,0.05,0.05,0.05,uniform,0,0,2000,2,25.9523,419.583,38537.8,761367
C,3,30,0.3,build_system,0.5,0.25,0.1,0.05,0.05,0.05,zipf,0.3,1.5,2000,2,23.2881,410.958,42940.5,731822
C,3,30,0.3,build_system,0.5,0.25,0.1,0.05,0.05,0.05,zipf,0.8,2,2000,2,24.701,412.562,40489.3,727245
C,3,30,0.6,build_system,0.5,0.25,0.1,0.05,0.05,0.05,uniform,0,0,2000,2,16.5623,317.291,60383.9,586664
C,3,30,0.6,build_system,0.5,0.25,0.1,0.05,0.05,0.05,zipf,0.3,1.5,2000,2,16.5058,326.479,60588,558803
C,3,30,0.6,build_system,0.5,0.25,0.1,0.05,0.05,0.05,zipf,0.8,2,2000,2,20.0913,330.333,49775.8,553565
C,3,30,0.95,build_system,0.5,0.25,0.1,0.05,0.05,0.05,uniform,0,0,2000,2,20.9459,327.021,47742.1,591104
C,3,30,0.95,build_system,0.5,0.25,0.1,0.05,0.05,0.05,zipf,0.3,1.5,2000,2,22.0467,323.541,45361.3,556079
C,3,30,0.95,build_system,0.5,0.25,0.1,0.05,0.05,0.05,zipf,0.8,2,2000,2,20.9365,323.521,47768.1,551588
C,3,50,0.3,build_system,0.5,0.25,0.1,0.05,0.05,0.05,uniform,0,0,2000,2,96.9741,1635,10312.5,3026435
C,3,50,0.3,build_system,0.5,0.25,0.1,0.05,0.05,0.05,zipf,0.3,1.5,2000,2,110.74,1623.9,9030.32,2991770
C,3,50,0.3,build_system,0.5,0.25,0.1,0.05,0.05,0.05,zipf,0.8,2,2000,2,96.5071,1615.92,10361.9,2988561
C,3,50,0.6,build_system,0.5,0.25,0.1,0.05,0.05,0.05,uniform,0,0,2000,2,118.959,2076.6,8406.37,3963402
C,3,50,0.6,build_system,0.5,0.25,0.1,0.05,0.05,0.05,zipf,0.3,1.5,2000,2,128.992,2081.69,7754.6,3930962
C,3,50,0.6,build_system,0.5,0.25,0.1,0.05,0.05,0.05,zipf,0.8,2,2000,2,122.625,2005.73,8155.17,3925737
C,3,50,0.95,build_system,0.5,0.25,0.1,0.05,0.05,0.05,uniform,0,0,2000,2,62.9286,1097.75,15891,2115646
C,3,50,0.95,build_system,0.5,0.25,0.1,0.05,0.05,0.05,zipf,0.3,1.5,2000,2,70.5559,1090.08,14173.2,2081393
C,3,50,0.95,build_system,0.5,0.25,0.1,0.05,0.05,0.05,zipf,0.8,2,2000,2,72.4102,1123.77,13810.5,2076797
C,2,5,0.3,database,0.55,0.45,0,0,0,0,uniform,0,0,2000,2,0.0601365,0.084,1.66397e+07,1050
C,2,5,0.3,database,0.55,0.45,0,0,0,0,zipf,0.3,1.5,2000,2,0.062207,0.084,1.60762e+07,1050
C,2,5,0.3,database,0.55,0.45,0,0,0,0,zipf,0.8,2,2000,2,0.0623383,0.084,1.60418e+07,1050
C,2,5,0.6,database,0.55,0.45,0,0,0,0,uniform,0,0,2000,2,0.0627802,0.1045,1.59292e+07,2052
C,2,5,0.6,database,0.55,0.45,0,0,0,0,zipf,0.3,1.5,2000,2,0.0635935,0.125,1.57253e+07,1959
C,2,5,0.6,database,0.55,0.45,0,0,0,0,zipf,0.8,2,2000,2,0.0632645,0.1045,1.58107e+07,1959
C,2,5,0.95,database,0.55,0.45,0,0,0,0,uniform,0,0,2000,2,0.0616435,0.084,1.62225e+07,3276
C,2,5,0.95,database,0.55,0.45,0,0,0,0,zipf,0.3,1.5,2000,2,0.056571,0.084,1.77087e+07,3183
C,2,5,0.95,database,0.55,0.45,0,0,0,0,zipf,0.8,2,2000,2,0.0521235,0.084,1.91852e+07,3183
C,2,10,0.3,database,0.55,0.45,0,0,0,0,uniform,0,0,2000,2,0.0556513,0.1045,1.7987e+07,3722
C,2,10,0.3,database,0.55,0.45,0,0,0,0,zipf,0.3,1.5,2000,2,0.0511993,0.084,1.95331e+07,3629
C,2,10,0.3,database,0.55,0.45,0,0,0,0,zipf,0.8,2,2000,2,0.046911,0.084,2.13231e+07,3629
C,2,10,0.6,database,0.55,0.45,0,0,0,0,uniform,0,0,2000,2,0.0545023,0.1045,1.83482e+07,8096
C,2,10,0.6,database,0.55,0.45,0,0,0,0,zipf,0.3,1.5,2000,2,0.0505108,0.084,1.97998e+07,8096
C,2,10,0.6,database,0.55,0.45,0,0,0,0,zipf,0.8,2,2000,2,0.0466413,0.084,2.14411e+07,7817
C,2,10,0.95,database,0.55,0.45,0,0,0,0,uniform,0,0,2000,2,0.053294,0.084,1.87642e+07,13038
C,2,10,0.95,database,0.55,0.45,0,0,0,0,zipf,0.3,1.5,2000,2,0.0538128,0.125,1.85886e+07,12945
C,2,10,0.95,database,0.55,0.45,0,0,0,0,zipf,0.8,2,2000,2,0.050337,0.1045,1.98661e+07,12015
C,2,15,0.3,database,0.55,0.45,0,0,0,0,uniform,0,0,2000,2,0.0550645,0.1045,1.81606e+07,8664
C,2,15,0.3,database,0.55,0.45,0,0,0,0,zipf,0.3,1.5,2000,2,0.0639238,0.1875,1.60983e+07,8571
C,2,15,0.3,database,0.55,0.45,0,0,0,0,zipf,0.8,2,2000,2,0.051701,0.084,1.93439e+07,8385
C,2,15,0.6,database,0.55,0.45,0,0,0,0,uniform,0,0,2000,2,0.05594,0.125,1.78765e+07,18280
C,2,15,0.6,database,0.55,0.45,0,0,0,0,zipf,0.3,1.5,2000,2,0.052014,0.125,1.9227e+07,17722
C,2,15,0.6,database,0.55,0.45,0,0,0,0,zipf,0.8,2,2000,2,0.0520965,0.125,1.91953e+07,15862
C,2,15,0.95,database,0.55,0.45,0,0,0,0,uniform,0,0,2000,2,0.0575728,0.125,1.73716e+07,27006
C,2,15,0.95,database,0.55,0.45,0,0,0,0,zipf,0.3,1.5,2000,2,0.058815,0.125,1.70029e+07,25146
C,2,15,0.95,database,0.55,0.45,0,0,0,0,zipf,0.8,2,2000,2,0.0553693,0.125,1.80606e+07,23100
C,5,5,0.3,database,0.55,0.45,0,0,0,0,uniform,0,0,2000,2,0.102296,0.1875,9.7793e+06,62973
C,5,5,0.3,database,0.55,0.45,0,0,0,0,zipf,0.3,1.5,2000,2,0.0913305,0.167,1.09518e+07,52371
C,5,5,0.3,database,0.55,0.45,0,0,0,0,zipf,0.8,2,2000,2,0.0873222,0.167,1.14551e+07,46419
C,5,5,0.6,database,0.55,0.45,0,0,0,0,uniform,0,0,2000,2,0.107411,0.1875,9.31051e+06,62229
C,5,5,0.6,database,0.55,0.45,0,0,0,0,zipf,0.3,1.5,2000,2,0.0966832,0.167,1.03441e+07,51906
C,5,5,0.6,database,0.55,0.45,0,0,0,0,zipf,0.8,2,2000,2,0.115044,0.2915,9.13358e+06,46605
C,5,5,0.95,database,0.55,0.45,0,0,0,0,uniform,0,0,2000,2,0.1747,0.292,5.72587e+06,62601
C,5,5,0.95,database,0.55,0.45,0,0,0,0,zipf,0.3,1.5,2000,2,0.15901,0.2915,6.28898e+06,52371
C,5,5,0.95,database,0.55,0.45,0,0,0,0,zipf,0.8,2,2000,2,0.151185,0.2705,6.61444e+06,46326
C,5,10,0.3,database,0.55,0.45,0,0,0,0,uniform,0,0,2000,2,0.173546,0.4165,5.80073e+06,870077
C,5,10,0.3,database,0.55,0.45,0,0,0,0,zipf,0.3,1.5,2000,2,0.10869,0.25,9.20102e+06,813068
C,5,10,0.3,database,0.55,0.45,0,0,0,0,zipf,0.8,2,2000,2,0.170711,0.438,5.85823e+06,802094
C,5,10,0.6,database,0.55,0.45,0,0,0,0,uniform,0,0,2000,2,0.168797,0.396,5.94071e+06,868868
C,5,10,0.6,database,0.55,0.45,0,0,0,0,zipf,0.3,1.5,2000,2,0.189129,0.521,5.28858e+06,812045
C,5,10,0.6,database,0.55,0.45,0,0,0,0,zipf,0.8,2,2000,2,0.128088,0.4165,7.81698e+06,802559
C,5,10,0.95,database,0.55,0.45,0,0,0,0,uniform,0,0,2000,2,0.157385,0.396,6.40803e+06,869333
C,5,10,0.95,database,0.55,0.45,0,0,0,0,zipf,0.3,1.5,2000,2,0.121655,0.4585,8.29325e+06,813347
C,5,10,0.95,database,0.55,0.45,0,0,0,0,zipf,0.8,2,2000,2,0.189925,0.625,5.26981e+06,802280
C,5,15,0.3,database,0.55,0.45,0,0,0,0,uniform,0,0,2000,2,0.387791,0.667,2.68887e+06,6894055
C,5,15,0.3,database,0.55,0.45,0,0,0,0,zipf,0.3,1.5,2000,2,0.143407,0.5,6.98259e+06,6835186
C,5,15,0.3,database,0.55,0.45,0,0,0,0,zipf,0.8,2,2000,2,0.164594,0.709,6.11935e+06,6823654
C,5,15,0.6,database,0.55,0.45,0,0,0,0,uniform,0,0,2000,2,0.406867,1.104,2.5643e+06,6893962
C,5,15,0.6,database,0.55,0.45,0,0,0,0,zipf,0.3,1.5,2000,2,0.192589,0.896,5.44352e+06,6834628
C,5,15,0.6,database,0.55,0.45,0,0,0,0,zipf,0.8,2,2000,2,0.105468,0.459,9.48377e+06,6824305
C,5,15,0.95,database,0.55,0.45,0,0,0,0,uniform,0,0,2000,2,0.40746,0.708,2.53904e+06,6900193
C,5,15,0.95,database,0.55,0.45,0,0,0,0,zipf,0.3,1.5,2000,2,0.183782,0.6045,5.61121e+06,6833233
C,5,15,0.95,database,0.55,0.45,0,0,0,0,zipf,0.8,2,2000,2,0.10292,0.479,9.74956e+06,6823561
C,10,5,0.3,database,0.55,0.45,0,0,0,0,uniform,0,0,2000,2,0.500682,1.5,2.01086e+06,8484749
C,10,5,0.3,database,0.55,0.45,0,0,0,0,zipf,0.3,1.5,2000,2,0.270157,0.8335,3.90278e+06,8416022
C,10,5,0.3,database,0.55,0.45,0,0,0,0,zipf,0.8,2,2000,2,0.173271,0.5835,5.77425e+06,8406164
C,10,5,0.6,database,0.55,0.45,0,0,0,0,uniform,0,0,2000,2,0.564563,0.896,1.80827e+06,8482238
C,10,5,0.6,database,0.55,0.45,0,0,0,0,zipf,0.3,1.5,2000,2,0.263957,0.75,4.02371e+06,8416115
C,10,5,0.6,database,0.55,0.45,0,0,0,0,zipf,0.8,2,2000,2,0.17081,0.5415,5.85733e+06,8405513
C,10,5,0.95,database,0.55,0.45,0,0,0,0,uniform,0,0,2000,2,0.436736,0.771,2.29422e+06,8485028
C,10,5,0.95,database,0.55,0.45,0,0,0,0,zipf,0.3,1.5,2000,2,0.216837,0.6875,4.61254e+06,8415929
C,10,5,0.95,database,0.55,0.45,0,0,0,0,zipf,0.8,2,2000,2,0.240352,0.771,4.19082e+06,8406071
C,10,10,0.3,database,0.55,0.45,0,0,0,0,uniform,0,0,2000,2,1.73768,3.7915,736906,430212310
C,10,10,0.3,database,0.55,0.45,0,0,0,0,zipf,0.3,1.5,2000,2,0.598181,2.875,1.89565e+06,430145350
C,10,10,0.3,database,0.55,0.45,0,0,0,0,zipf,0.8,2,2000,2,0.245604,2.125,4.27793e+06,430134748
C,10,10,0.6,database,0.55,0.45,0,0,0,0,uniform,0,0,2000,2,1.02985,3.854,971931,426846374
C,10,10,0.6,database,0.55,0.45,0,0,0,0,zipf,0.3,1.5,2000,2,0.322436,2.417,3.12368e+06,426778763
C,10,10,0.6,database,0.55,0.45,0,0,0,0,zipf,0.8,2,2000,2,0.36111,1.646,2.92263e+06,426768254
C,10,10,0.95,database,0.55,0.45,0,0,0,0,uniform,0,0,2000,2,0.820624,2.541,1.22244e+06,424266128
C,10,10,0.95,database,0.55,0.45,0,0,0,0,zipf,0.3,1.5,2000,2,0.34314,2.0625,3.01986e+06,424198703
C,10,10,0.95,database,0.55,0.45,0,0,0,0,zipf,0.8,2,2000,2,0.274877,3.396,4.12981e+06,424187264
C,10,15,0.3,database,0.55,0.45,0,0,0,0,uniform,0,0,2000,2,2.42743,20.167,755181,417043119
C,10,15,0.3,database,0.55,0.45,0,0,0,0,zipf,0.3,1.5,2000,2,0.442354,2.4165,2.35522e+06,416977554
C,10,15,0.3,database,0.55,0.45,0,0,0,0,zipf,0.8,2,2000,2,0.316659,2.9585,3.16969e+06,416965836
C,10,15,0.6,database,0.55,0.45,0,0,0,0,uniform,0,0,2000,2,6.21866,33.8745,573103,415274931
C,10,15,0.6,database,0.55,0.45,0,0,0,0,zipf,0.3,1.5,2000,2,1.09659,16.9165,953858,415207320
C,10,15,0.6,database,0.55,0.45,0,0,0,0,zipf,0.8,2,2000,2,0.388847,6.0625,2.85882e+06,415195974
C,10,15,0.95,database,0.55,0.45,0,0,0,0,uniform,0,0,2000,2,11.8193,62.646,115851,415796537
C,10,15,0.95,database,0.55,0.45,0,0,0,0,zipf,0.3,1.5,2000,2,1.44359,19.6875,962896,415730972
C,10,15,0.95,database,0.55,0.45,0,0,0,0,zipf,0.8,2,2000,2,0.365461,5.4795,2.77707e+06,415716278
C,10,2,0.3,database,0.55,0.45,0,0,0,0,uniform,0,0,2000,2,0.221162,0.458,4.5626e+06,4578
C,10,2,0.3,database,0.55,0.45,0,0,0,0,zipf,0.3,1.5,2000,2,0.20154,0.334,4.96213e+06,4578
C,10,2,0.3,database,0.55,0.45,0,0,0,0,zipf,0.8,2,2000,2,0.201415,0.334,4.96493e+06,4392
C,10,2,0.6,database,0.55,0.45,0,0,0,0,uniform,0,0,2000,2,0.189819,0.334,5.2682e+06,4578
C,10,2,0.6,database,0.55,0.45,0,0,0,0,zipf,0.3,1.5,2000,2,0.200315,0.334,4.9923e+06,4578
C,10,2,0.6,database,0.55,0.45,0,0,0,0,zipf,0.8,2,2000,2,0.20208,0.334,4.94872e+06,4578
C,10,2,0.95,database,0.55,0.45,0,0,0,0,uniform,0,0,2000,2,0.176377,0.3335,5.70356e+06,4578
C,10,2,0.95,database,0.55,0.45,0,0,0,0,zipf,0.3,1.5,2000,2,0.216085,0.375,4.62854e+06,4578
C,10,2,0.95,database,0.55,0.45,0,0,0,0,zipf,0.8,2,2000,2,0.203304,0.334,4.91874e+06,4485
C,15,2,0.3,database,0.55,0.45,0,0,0,0,uniform,0,0,2000,2,0.30341,0.542,3.29587e+06,21160
C,15,2,0.3,database,0.55,0.45,0,0,0,0,zipf,0.3,1.5,2000,2,0.313394,0.542,3.19098e+06,20695
C,15,2,0.3,database,0.55,0.45,0,0,0,0,zipf,0.8,2,2000,2,0.323451,0.5,3.09167e+06,19021
C,15,2,0.6,database,0.55,0.45,0,0,0,0,uniform,0,0,2000,2,0.270288,0.5,3.69979e+06,21160
C,15,2,0.6,database,0.55,0.45,0,0,0,0,zipf,0.3,1.5,2000,2,0.273692,0.5,3.65378e+06,20788
C,15,2,0.6,database,0.55,0.45,0,0,0,0,zipf,0.8,2,2000,2,0.358929,0.604,2.79986e+06,19114
C,15,2,0.95,database,0.55,0.45,0,0,0,0,uniform,0,0,2000,2,0.31008,0.5625,3.22513e+06,21160
C,15,2,0.95,database,0.55,0.45,0,0,0,0,zipf,0.3,1.5,2000,2,0.317296,0.542,3.15234e+06,20695
C,15,2,0.95,database,0.55,0.45,0,0,0,0,zipf,0.8,2,2000,2,0.30179,0.5205,3.33859e+06,19021
C,20,2,0.3,database,0.55,0.45,0,0,0,0,uniform,0,0,2000,2,0.323049,0.6665,3.09643e+06,21405
C,20,2,0.3,database,0.55,0.45,0,0,0,0,zipf,0.3,1.5,2000,2,0.315366,0.6455,3.171e+06,20382
C,20,2,0.3,database,0.55,0.45,0,0,0,0,zipf,0.8,2,2000,2,0.329059,0.584,3.03899e+06,18522
C,20,2,0.6,database,0.55,0.45,0,0,0,0,uniform,0,0,2000,2,0.31895,0.646,3.13611e+06,21405
C,20,2,0.6,database,0.55,0.45,0,0,0,0,zipf,0.3,1.5,2000,2,0.265647,0.625,3.76451e+06,20940
C,20,2,0.6,database,0.55,0.45,0,0,0,0,zipf,0.8,2,2000,2,0.277706,0.521,3.60867e+06,18615
C,20,2,0.95,database,0.55,0.45,0,0,0,0,uniform,0,0,2000,2,0.573603,4.9165,1.84371e+06,21405
C,20,2,0.95,database,0.55,0.45,0,0,0,0,zipf,0.3,1.5,2000,2,0.267557,0.625,3.73756e+06,20847
C,20,2,0.95,database,0.55,0.45,0,0,0,0,zipf,0.8,2,2000,2,0.283014,0.521,3.54955e+06,18522
C,15,3,0.3,database,0.55,0.45,0,0,0,0,uniform,0,0,2000,2,0.487312,1.0205,2.05537e+06,885604
C,15,3,0.3,database,0.55,0.45,0,0,0,0,zipf,0.3,1.5,2000,2,0.42187,1.125,2.39547e+06,830176
C,15,3,0.3,database,0.55,0.45,0,0,0,0,zipf,0.8,2,2000,2,0.39648,1.1045,2.62114e+06,819853
C,15,3,0.6,database,0.55,0.45,0,0,0,0,uniform,0,0,2000,2,0.462509,0.8545,2.17364e+06,886441
C,15,3,0.6,database,0.55,0.45,0,0,0,0,zipf,0.3,1.5,2000,2,0.316062,0.729,3.16474e+06,830083
C,15,3,0.6,database,0.55,0.45,0,0,0,0,zipf,0.8,2,2000,2,0.356675,0.6455,2.80385e+06,819853
C,15,3,0.95,database,0.55,0.45,0,0,0,0,uniform,0,0,2000,2,0.408688,0.7505,2.44946e+06,885883
C,15,3,0.95,database,0.55,0.45,0,0,0,0,zipf,0.3,1.5,2000,2,0.384346,0.8955,2.60212e+06,830362
C,15,3,0.95,database,0.55,0.45,0,0,0,0,zipf,0.8,2,2000,2,0.343454,0.625,2.91177e+06,820039
C,2,30,0.3,database,0.55,0.45,0,0,0,0,uniform,0,0,2000,2,0.110612,0.1875,9.04066e+06,35110
C,2,30,0.3,database,0.55,0.45,0,0,0,0,zipf,0.3,1.5,2000,2,0.108238,0.2085,9.23888e+06,31762
C,2,30,0.3,database,0.55,0.45,0,0,0,0,zipf,0.8,2,2000,2,0.0972898,0.229,1.07351e+07,29530
C,2,30,0.6,database,0.55,0.45,0,0,0,0,uniform,0,0,2000,2,0.090644,0.167,1.10363e+07,67830
C,2,30,0.6,database,0.55,0.45,0,0,0,0,zipf,0.3,1.5,2000,2,0.0844522,0.167,1.18421e+07,57507
C,2,30,0.6,database,0.55,0.45,0,0,0,0,zipf,0.8,2,2000,2,0.0769627,0.167,1.29938e+07,52392
C,2,30,0.95,database,0.55,0.45,0,0,0,0,uniform,0,0,2000,2,0.0901275,0.167,1.10958e+07,68109
C,2,30,0.95,database,0.55,0.45,0,0,0,0,zipf,0.3,1.5,2000,2,0.0843647,0.167,1.18579e+07,56856
C,2,30,0.95,database,0.55,0.45,0,0,0,0,zipf,0.8,2,2000,2,0.077816,0.167,1.28512e+07,52764
C,2,50,0.3,database,0.55,0.45,0,0,0,0,uniform,0,0,2000,2,0.0978345,0.1875,1.02216e+07,93442
C,2,50,0.3,database,0.55,0.45,0,0,0,0,zipf,0.3,1.5,2000,2,0.0834282,0.167,1.19891e+07,76330
C,2,50,0.3,database,0.55,0.45,0,0,0,0,zipf,0.8,2,2000,2,0.0784952,0.167,1.27401e+07,70657
C,2,50,0.6,database,0.55,0.45,0,0,0,0,uniform,0,0,2000,2,0.11633,0.271,8.68262e+06,144997
C,2,50,0.6,database,0.55,0.45,0,0,0,0,zipf,0.3,1.5,2000,2,0.115776,0.2295,8.63887e+06,120166
C,2,50,0.6,database,0.55,0.45,0,0,0,0,zipf,0.8,2,2000,2,0.109768,0.208,9.11028e+06,110866
C,2,50,0.95,database,0.55,0.45,0,0,0,0,uniform,0,0,2000,2,0.129589,0.25,7.72777e+06,144439
C,2,50,0.95,database,0.55,0.45,0,0,0,0,zipf,0.3,1.5,2000,2,0.113249,0.2085,8.83016e+06,119887
C,2,50,0.95,database,0.55,0.45,0,0,0,0,zipf,0.8,2,2000,2,0.108866,0.208,9.18562e+06,111610
C,3,30,0.3,database,0.55,0.45,0,0,0,0,uniform,0,0,2000,2,0.164921,0.417,6.09881e+06,771716
C,3,30,0.3,database,0.55,0.45,0,0,0,0,zipf,0.3,1.5,2000,2,0.136359,0.417,7.51586e+06,716009
C,3,30,0.3,database,0.55,0.45,0,0,0,0,zipf,0.8,2,2000,2,0.148303,0.6665,6.74296e+06,705872
C,3,30,0.6,database,0.55,0.45,0,0,0,0,uniform,0,0,2000,2,0.282873,0.5625,3.58458e+06,801523
C,3,30,0.6,database,0.55,0.45,0,0,0,0,zipf,0.3,1.5,2000,2,0.17247,0.5625,5.80601e+06,743956
C,3,30,0.6,database,0.55,0.45,0,0,0,0,zipf,0.8,2,2000,2,0.129297,0.438,7.73419e+06,733447
C,3,30,0.95,database,0.55,0.45,0,0,0,0,uniform,0,0,2000,2,0.159737,0.417,6.28009e+06,799384
C,3,30,0.95,database,0.55,0.45,0,0,0,0,zipf,0.3,1.5,2000,2,0.180535,0.6665,5.60573e+06,745909
C,3,30,0.95,database,0.55,0.45,0,0,0,0,zipf,0.8,2,2000,2,0.0986277,0.3335,1.01412e+07,733075
C,3,50,0.3,database,0.55,0.45,0,0,0,0,uniform,0,0,2000,2,0.375041,0.6465,2.69402e+06,2780023
C,3,50,0.3,database,0.55,0.45,0,0,0,0,zipf,0.3,1.5,2000,2,0.184057,0.625,5.6912e+06,2718922
C,3,50,0.3,database,0.55,0.45,0,0,0,0,zipf,0.8,2,2000,2,0.142002,0.5205,7.16586e+06,2710459
C,3,50,0.6,database,0.55,0.45,0,0,0,0,uniform,0,0,2000,2,0.244091,0.5835,4.13527e+06,2414487
C,3,50,0.6,database,0.55,0.45,0,0,0,0,zipf,0.3,1.5,2000,2,0.208025,0.6665,4.80739e+06,2358780
C,3,50,0.6,database,0.55,0.45,0,0,0,0,zipf,0.8,2,2000,2,0.117802,0.4995,8.49347e+06,2347899
C,3,50,0.95,database,0.55,0.45,0,0,0,0,uniform,0,0,2000,2,0.335701,0.646,2.98175e+06,2409372
C,3,50,0.95,database,0.55,0.45,0,0,0,0,zipf,0.3,1.5,2000,2,0.118362,0.4375,8.47586e+06,2356083
C,3,50,0.95,database,0.55,0.45,0,0,0,0,zipf,0.8,2,2000,2,0.112797,0.3955,8.87418e+06,2347992
C,2,5,0.3,file_manager,0.2,0.05,0.45,0.1,0.1,0.1,uniform,0,0,2000,2,8.76493,91.5625,114123,71152
C,2,5,0.3,file_manager,0.2,0.05,0.45,0.1,0.1,0.1,zipf,0.3,1.5,2000,2,7.27097,81.917,137608,73906
C,2,5,0.3,file_manager,0.2,0.05,0.45,0.1,0.1,0.1,zipf,0.8,2,2000,2,8.15879,89.667,122605,74330
C,2,5,0.6,file_manager,0.2,0.05,0.45,0.1,0.1,0.1,uniform,0,0,2000,2,7.20583,63.1665,138837,70872
C,2,5,0.6,file_manager,0.2,0.05,0.45,0.1,0.1,0.1,zipf,0.3,1.5,2000,2,7.51861,81.8125,133018,72105
C,2,5,0.6,file_manager,0.2,0.05,0.45,0.1,0.1,0.1,zipf,0.8,2,2000,2,7.80118,77.104,128210,74357
C,2,5,0.95,file_manager,0.2,0.05,0.45,0.1,0.1,0.1,uniform,0,0,2000,2,6.78694,79.542,147661,74771
C,2,5,0.95,file_manager,0.2,0.05,0.45,0.1,0.1,0.1,zipf,0.3,1.5,2000,2,7.05146,75.7495,141861,76543
C,2,5,0.95,file_manager,0.2,0.05,0.45,0.1,0.1,0.1,zipf,0.8,2,2000,2,7.50304,77.4795,133280,75134
C,2,10,0.3,file_manager,0.2,0.05,0.45,0.1,0.1,0.1,uniform,0,0,2000,2,6.53275,63.75,153250,74621
C,2,10,0.3,file_manager,0.2,0.05,0.45,0.1,0.1,0.1,zipf,0.3,1.5,2000,2,7.53175,77.7495,132812,74073
C,2,10,0.3,file_manager,0.2,0.05,0.45,0.1,0.1,0.1,zipf,0.8,2,2000,2,7.0077,74.708,142702,73822
C,2,10,0.6,file_manager,0.2,0.05,0.45,0.1,0.1,0.1,uniform,0,0,2000,2,7.82019,76.2705,127893,80873
C,2,10,0.6,file_manager,0.2,0.05,0.45,0.1,0.1,0.1,zipf,0.3,1.5,2000,2,7.7345,80.8125,129349,78826
C,2,10,0.6,file_manager,0.2,0.05,0.45,0.1,0.1,0.1,zipf,0.8,2,2000,2,8.64918,90.729,115787,78910
C,2,10,0.95,file_manager,0.2,0.05,0.45,0.1,0.1,0.1,uniform,0,0,2000,2,7.76233,73.7295,128908,85762
C,2,10,0.95,file_manager,0.2,0.05,0.45,0.1,0.1,0.1,zipf,0.3,1.5,2000,2,6.84787,71.1245,146156,77816
C,2,10,0.95,file_manager,0.2,0.05,0.45,0.1,0.1,0.1,zipf,0.8,2,2000,2,7.25271,78.1665,137911,81283
C,2,15,0.3,file_manager,0.2,0.05,0.45,0.1,0.1,0.1,uniform,0,0,2000,2,6.84608,77.3125,146393,82899
C,2,15,0.3,file_manager,0.2,0.05,0.45,0.1,0.1,0.1,zipf,0.3,1.5,2000,2,6.74006,79.708,149210,78213
C,2,15,0.3,file_manager,0.2,0.05,0.45,0.1,0.1,0.1,zipf,0.8,2,2000,2,6.92804,67.8125,144584,76667
C,2,15,0.6,file_manager,0.2,0.05,0.45,0.1,0.1,0.1,uniform,0,0,2000,2,7.8697,80.8335,127075,87420
C,2,15,0.6,file_manager,0.2,0.05,0.45,0.1,0.1,0.1,zipf,0.3,1.5,2000,2,6.58401,69.8745,151893,85388
C,2,15,0.6,file_manager,0.2,0.05,0.45,0.1,0.1,0.1,zipf,0.8,2,2000,2,8.31358,76.021,120461,84502
C,2,15,0.95,file_manager,0.2,0.05,0.45,0.1,0.1,0.1,uniform,0,0,2000,2,6.92002,80.8955,144798,91143
C,2,15,0.95,file_manager,0.2,0.05,0.45,0.1,0.1,0.1,zipf,0.3,1.5,2000,2,8.43826,90.521,118672,85449
C,2,15,0.95,file_manager,0.2,0.05,0.45,0.1,0.1,0.1,zipf,0.8,2,2000,2,9.27679,94.9995,107796,86069
C,5,5,0.3,file_manager,0.2,0.05,0.45,0.1,0.1,0.1,uniform,0,0,2000,2,18.6998,200.791,53477.6,129338
C,5,5,0.3,file_manager,0.2,0.05,0.45,0.1,0.1,0.1,zipf,0.3,1.5,2000,2,21.3608,230.355,46833.4,130940
C,5,5,0.3,file_manager,0.2,0.05,0.45,0.1,0.1,0.1,zipf,0.8,2,2000,2,18.6149,221.104,53726.8,130459
C,5,5,0.6,file_manager,0.2,0.05,0.45,0.1,0.1,0.1,uniform,0,0,2000,2,18.3033,212.52,54643,135984
C,5,5,0.6,file_manager,0.2,0.05,0.45,0.1,0.1,0.1,zipf,0.3,1.5,2000,2,19.5141,228.667,51251.5,130753
C,5,5,0.6,file_manager,0.2,0.05,0.45,0.1,0.1,0.1,zipf,0.8,2,2000,2,18.766,215.312,53296.1,127086
C,5,5,0.95,file_manager,0.2,0.05,0.45,0.1,0.1,0.1,uniform,0,0,2000,2,18.09,224.479,55279.2,134565
C,5,5,0.95,file_manager,0.2,0.05,0.45,0.1,0.1,0.1,zipf,0.3,1.5,2000,2,18.3148,229.979,54623.2,131693
C,5,5,0.95,file_manager,0.2,0.05,0.45,0.1,0.1,0.1,zipf,0.8,2,2000,2,20.1583,228,49608.4,131401
C,5,10,0.3,file_manager,0.2,0.05,0.45,0.1,0.1,0.1,uniform,0,0,2000,2,219.607,2042.25,4555.38,1056448
C,5,10,0.3,file_manager,0.2,0.05,0.45,0.1,0.1,0.1,zipf,0.3,1.5,2000,2,198.536,2094.81,5038.87,1051377
C,5,10,0.3,file_manager,0.2,0.05,0.45,0.1,0.1,0.1,zipf,0.8,2,2000,2,198.589,2052.12,5035.84,1049648
C,5,10,0.6,file_manager,0.2,0.05,0.45,0.1,0.1,0.1,uniform,0,0,2000,2,271.043,2491.04,3691.29,1233978
C,5,10,0.6,file_manager,0.2,0.05,0.45,0.1,0.1,0.1,zipf,0.3,1.5,2000,2,227.971,2234.75,4386.66,1222035
C,5,10,0.6,file_manager,0.2,0.05,0.45,0.1,0.1,0.1,zipf,0.8,2,2000,2,238.422,2295.69,4194.5,1219674
C,5,10,0.95,file_manager,0.2,0.05,0.45,0.1,0.1,0.1,uniform,0,0,2000,2,116.116,1204.65,8632.68,579539
C,5,10,0.95,file_manager,0.2,0.05,0.45,0.1,0.1,0.1,zipf,0.3,1.5,2000,2,105.95,1095.73,9450.25,574579
C,5,10,0.95,file_manager,0.2,0.05,0.45,0.1,0.1,0.1,zipf,0.8,2,2000,2,105.793,1065.06,9455.54,571666
C,5,15,0.3,file_manager,0.2,0.05,0.45,0.1,0.1,0.1,uniform,0,0,2000,2,1187.02,11234.8,842.93,5918543
C,5,15,0.3,file_manager,0.2,0.05,0.45,0.1,0.1,0.1,zipf,0.3,1.5,2000,2,1018.1,10868.8,1008.99,5909749
C,5,15,0.3,file_manager,0.2,0.05,0.45,0.1,0.1,0.1,zipf,0.8,2,2000,2,639.336,7422.79,1564.15,5913540
C,5,15,0.6,file_manager,0.2,0.05,0.45,0.1,0.1,0.1,uniform,0,0,2000,2,785.509,8286.19,1273.63,6322744
C,5,15,0.6,file_manager,0.2,0.05,0.45,0.1,0.1,0.1,zipf,0.3,1.5,2000,2,736.898,8207.9,1360.39,6315089
C,5,15,0.6,file_manager,0.2,0.05,0.45,0.1,0.1,0.1,zipf,0.8,2,2000,2,737.593,8017.25,1355.77,6318205
C,5,15,0.95,file_manager,0.2,0.05,0.45,0.1,0.1,0.1,uniform,0,0,2000,2,731.922,7737.77,1366.53,6529827
C,5,15,0.95,file_manager,0.2,0.05,0.45,0.1,0.1,0.1,zipf,0.3,1.5,2000,2,766.421,7841.81,1304.77,6521713
C,5,15,0.95,file_manager,0.2,0.05,0.45,0.1,0.1,0.1,zipf,0.8,2,2000,2,762.239,7782.75,1312.79,6520707
C,10,5,0.3,file_manager,0.2,0.05,0.45,0.1,0.1,0.1,uniform,0,0,2000,2,745.56,7779.79,1341.33,5351702
C,10,5,0.3,file_manager,0.2,0.05,0.45,0.1,0.1,0.1,zipf,0.3,1.5,2000,2,629.73,7701.5,1588.01,5351732
C,10,5,0.3,file_manager,0.2,0.05,0.45,0.1,0.1,0.1,zipf,0.8,2,2000,2,622.777,7728.73,1605.72,5351408
C,10,5,0.6,file_manager,0.2,0.05,0.45,0.1,0.1,0.1,uniform,0,0,2000,2,751.859,8643.67,1330.17,5831681
C,10,5,0.6,file_manager,0.2,0.05,0.45,0.1,0.1,0.1,zipf,0.3,1.5,2000,2,844.953,8374.73,1186.25,5818968
C,10,5,0.6,file_manager,0.2,0.05,0.45,0.1,0.1,0.1,zipf,0.8,2,2000,2,803.7,8629.02,1244.38,5816590
C,10,5,0.95,file_manager,0.2,0.05,0.45,0.1,0.1,0.1,uniform,0,0,2000,2,1006.1,10451.7,994.932,7670744
C,10,5,0.95,file_manager,0.2,0.05,0.45,0.1,0.1,0.1,zipf,0.3,1.5,2000,2,1095.5,10744.5,912.831,7661456
C,10,5,0.95,file_manager,0.2,0.05,0.45,0.1,0.1,0.1,zipf,0.8,2,2000,2,1092.36,10783.2,915.493,7660232
C,10,10,0.3,file_manager,0.2,0.05,0.45,0.1,0.1,0.1,uniform,0,0,2000,2,61296.5,596546,16.3719,424091256
C,10,10,0.3,file_manager,0.2,0.05,0.45,0.1,0.1,0.1,zipf,0.3,1.5,2000,2,49541.6,529283,20.1858,424082554
C,10,10,0.3,file_manager,0.2,0.05,0.45,0.1,0.1,0.1,zipf,0.8,2,2000,2,56601.1,514538,17.6677,424078303
C,10,10,0.6,file_manager,0.2,0.05,0.45,0.1,0.1,0.1,uniform,0,0,2000,2,50195.3,491109,19.9222,425812085
C,10,10,0.6,file_manager,0.2,0.05,0.45,0.1,0.1,0.1,zipf,0.3,1.5,2000,2,47273.1,483119,21.1547,425810245
C,10,10,0.6,file_manager,0.2,0.05,0.45,0.1,0.1,0.1,zipf,0.8,2,2000,2,48628,484870,20.5656,425810013
C,10,10,0.95,file_manager,0.2,0.05,0.45,0.1,0.1,0.1,uniform,0,0,2000,2,55227.3,499719,18.1072,425757902
C,10,10,0.95,file_manager,0.2,0.05,0.45,0.1,0.1,0.1,zipf,0.3,1.5,2000,2,52174.7,500442,19.1664,425748860
C,10,10,0.95,file_manager,0.2,0.05,0.45,0.1,0.1,0.1,zipf,0.8,2,2000,2,44860.3,431597,22.293,425745426
C,10,15,0.3,file_manager,0.2,0.05,0.45,0.1,0.1,0.1,uniform,0,0,2000,2,40822.6,394418,24.5245,420589295
C,10,15,0.3,file_manager,0.2,0.05,0.45,0.1,0.1,0.1,zipf,0.3,1.5,2000,2,41980,362258,23.8215,420584212
C,10,15,0.3,file_manager,0.2,0.05,0.45,0.1,0.1,0.1,zipf,0.8,2,2000,2,43333.4,363972,23.0776,420577164
C,10,15,0.6,file_manager,0.2,0.05,0.45,0.1,0.1,0.1,uniform,0,0,2000,2,39905.8,373247,25.0601,420381972
C,10,15,0.6,file_manager,0.2,0.05,0.45,0.1,0.1,0.1,zipf,0.3,1.5,2000,2,37117.3,376751,26.9419,420375561
C,10,15,0.6,file_manager,0.2,0.05,0.45,0.1,0.1,0.1,zipf,0.8,2,2000,2,45208.8,375359,22.1197,420366788
C,10,15,0.95,file_manager,0.2,0.05,0.45,0.1,0.1,0.1,uniform,0,0,2000,2,39335.7,365983,25.4245,422602818
C,10,15,0.95,file_manager,0.2,0.05,0.45,0.1,0.1,0.1,zipf,0.3,1.5,2000,2,40091,368359,24.944,422587032
C,10,15,0.95,file_manager,0.2,0.05,0.45,0.1,0.1,0.1,zipf,0.8,2,2000,2,40611.9,355367,24.6262,422579722
C,10,2,0.3,file_manager,0.2,0.05,0.45,0.1,0.1,0.1,uniform,0,0,2000,2,6.30442,77.354,158675,106245
C,10,2,0.3,file_manager,0.2,0.05,0.45,0.1,0.1,0.1,zipf,0.3,1.5,2000,2,7.86202,89.3545,127194,110903
C,10,2,0.3,file_manager,0.2,0.05,0.45,0.1,0.1,0.1,zipf,0.8,2,2000,2,9.58921,99.187,104284,115302
C,10,2,0.6,file_manager,0.2,0.05,0.45,0.1,0.1,0.1,uniform,0,0,2000,2,6.77178,76.187,147672,104852
C,10,2,0.6,file_manager,0.2,0.05,0.45,0.1,0.1,0.1,zipf,0.3,1.5,2000,2,8.18015,85.688,122257,111310
C,10,2,0.6,file_manager,0.2,0.05,0.45,0.1,0.1,0.1,zipf,0.8,2,2000,2,8.67631,99.146,115257,117880
C,10,2,0.95,file_manager,0.2,0.05,0.45,0.1,0.1,0.1,uniform,0,0,2000,2,6.58149,72.125,151942,101077
C,10,2,0.95,file_manager,0.2,0.05,0.45,0.1,0.1,0.1,zipf,0.3,1.5,2000,2,6.87697,79,145413,109688
C,10,2,0.95,file_manager,0.2,0.05,0.45,0.1,0.1,0.1,zipf,0.8,2,2000,2,8.48157,90.7705,117903,120687
C,15,2,0.3,file_manager,0.2,0.05,0.45,0.1,0.1,0.1,uniform,0,0,2000,2,8.66757,91.1875,115374,122212
C,15,2,0.3,file_manager,0.2,0.05,0.45,0.1,0.1,0.1,zipf,0.3,1.5,2000,2,11.1801,117.584,89444.8,138886
C,15,2,0.3,file_manager,0.2,0.05,0.45,0.1,0.1,0.1,zipf,0.8,2,2000,2,11.2971,118.209,88518,133328
C,15,2,0.6,file_manager,0.2,0.05,0.45,0.1,0.1,0.1,uniform,0,0,2000,2,8.68298,92.2915,115169,125479
C,15,2,0.6,file_manager,0.2,0.05,0.45,0.1,0.1,0.1,zipf,0.3,1.5,2000,2,9.20216,106.083,108670,136029
C,15,2,0.6,file_manager,0.2,0.05,0.45,0.1,0.1,0.1,zipf,0.8,2,2000,2,12.5237,128.5,79848.6,143806
C,15,2,0.95,file_manager,0.2,0.05,0.45,0.1,0.1,0.1,uniform,0,0,2000,2,8.11582,87.083,123219,118255
C,15,2,0.95,file_manager,0.2,0.05,0.45,0.1,0.1,0.1,zipf,0.3,1.5,2000,2,10.5716,105.354,94594.6,129902
C,15,2,0.95,file_manager,0.2,0.05,0.45,0.1,0.1,0.1,zipf,0.8,2,2000,2,11.8502,119.896,84386.8,135080
C,20,2,0.3,file_manager,0.2,0.05,0.45,0.1,0.1,0.1,uniform,0,0,2000,2,13.2931,158.125,75228.8,186536
C,20,2,0.3,file_manager,0.2,0.05,0.45,0.1,0.1,0.1,zipf,0.3,1.5,2000,2,11.7301,135.021,85250.9,162959
C,20,2,0.3,file_manager,0.2,0.05,0.45,0.1,0.1,0.1,zipf,0.8,2,2000,2,11.3664,133.104,87978.5,153564
C,20,2,0.6,file_manager,0.2,0.05,0.45,0.1,0.1,0.1,uniform,0,0,2000,2,10.4989,130.771,95249.2,167366
C,20,2,0.6,file_manager,0.2,0.05,0.45,0.1,0.1,0.1,zipf,0.3,1.5,2000,2,10.8406,125.855,92246,150876
C,20,2,0.6,file_manager,0.2,0.05,0.45,0.1,0.1,0.1,zipf,0.8,2,2000,2,11.9947,141.938,83370.3,160535
C,20,2,0.95,file_manager,0.2,0.05,0.45,0.1,0.1,0.1,uniform,0,0,2000,2,11.2101,130.229,89205.8,162323
C,20,2,0.95,file_manager,0.2,0.05,0.45,0.1,0.1,0.1,zipf,0.3,1.5,2000,2,10.9361,128.479,91440.4,156496
C,20,2,0.95,file_manager,0.2,0.05,0.45,0.1,0.1,0.1,zipf,0.8,2,2000,2,11.265,132.375,88770.2,158219
C,15,3,0.3,file_manager,0.2,0.05,0.45,0.1,0.1,0.1,uniform,0,0,2000,2,17.4323,188.417,57364.8,230787
C,15,3,0.3,file_manager,0.2,0.05,0.45,0.1,0.1,0.1,zipf,0.3,1.5,2000,2,18.597,204.041,53781.6,229658
C,15,3,0.3,file_manager,0.2,0.05,0.45,0.1,0.1,0.1,zipf,0.8,2,2000,2,18.1605,209.042,55064.7,226215
C,15,3,0.6,file_manager,0.2,0.05,0.45,0.1,0.1,0.1,uniform,0,0,2000,2,17.3634,190.355,57592.4,226037
C,15,3,0.6,file_manager,0.2,0.05,0.45,0.1,0.1,0.1,zipf,0.3,1.5,2000,2,17.4266,197.188,57383.6,226435
C,15,3,0.6,file_manager,0.2,0.05,0.45,0.1,0.1,0.1,zipf,0.8,2,2000,2,19.7774,207.459,50562.8,220914
C,15,3,0.95,file_manager,0.2,0.05,0.45,0.1,0.1,0.1,uniform,0,0,2000,2,17.3742,191.355,57556.7,227386
C,15,3,0.95,file_manager,0.2,0.05,0.45,0.1,0.1,0.1,zipf,0.3,1.5,2000,2,17.3334,204.395,57692.8,228881
C,15,3,0.95,file_manager,0.2,0.05,0.45,0.1,0.1,0.1,zipf,0.8,2,2000,2,21.9487,219.125,45561,228086
C,2,30,0.3,file_manager,0.2,0.05,0.45,0.1,0.1,0.1,uniform,0,0,2000,2,3.6558,38.542,273545,101406
C,2,30,0.3,file_manager,0.2,0.05,0.45,0.1,0.1,0.1,zipf,0.3,1.5,2000,2,3.88521,42.6875,257391,99314
C,2,30,0.3,file_manager,0.2,0.05,0.45,0.1,0.1,0.1,zipf,0.8,2,2000,2,3.99082,41.937,250585,97348
C,2,30,0.6,file_manager,0.2,0.05,0.45,0.1,0.1,0.1,uniform,0,0,2000,2,4.60675,49.2705,217074,128296
C,2,30,0.6,file_manager,0.2,0.05,0.45,0.1,0.1,0.1,zipf,0.3,1.5,2000,2,4.71684,47.354,212007,118014
C,2,30,0.6,file_manager,0.2,0.05,0.45,0.1,0.1,0.1,zipf,0.8,2,2000,2,5.16892,50.2915,193465,118963
C,2,30,0.95,file_manager,0.2,0.05,0.45,0.1,0.1,0.1,uniform,0,0,2000,2,4.17669,46.292,239427,127386
C,2,30,0.95,file_manager,0.2,0.05,0.45,0.1,0.1,0.1,zipf,0.3,1.5,2000,2,4.65772,47.7085,214711,117757
C,2,30,0.95,file_manager,0.2,0.05,0.45,0.1,0.1,0.1,zipf,0.8,2,2000,2,4.78594,46.4375,208945,114386
C,2,50,0.3,file_manager,0.2,0.05,0.45,0.1,0.1,0.1,uniform,0,0,2000,2,5.49015,57.9375,182145,148440
C,2,50,0.3,file_manager,0.2,0.05,0.45,0.1,0.1,0.1,zipf,0.3,1.5,2000,2,5.45885,60.6875,183189,143170
C,2,50,0.3,file_manager,0.2,0.05,0.45,0.1,0.1,0.1,zipf,0.8,2,2000,2,5.53593,58.542,180649,139357
C,2,50,0.6,file_manager,0.2,0.05,0.45,0.1,0.1,0.1,uniform,0,0,2000,2,8.25557,73.729,121131,193472
C,2,50,0.6,file_manager,0.2,0.05,0.45,0.1,0.1,0.1,zipf,0.3,1.5,2000,2,7.74023,73.3955,129195,191427
C,2,50,0.6,file_manager,0.2,0.05,0.45,0.1,0.1,0.1,zipf,0.8,2,2000,2,8.14773,74.9375,122734,187909
C,2,50,0.95,file_manager,0.2,0.05,0.45,0.1,0.1,0.1,uniform,0,0,2000,2,7.35418,75.6045,135980,198870
C,2,50,0.95,file_manager,0.2,0.05,0.45,0.1,0.1,0.1,zipf,0.3,1.5,2000,2,8.85399,76.729,112943,193647
C,2,50,0.95,file_manager,0.2,0.05,0.45,0.1,0.1,0.1,zipf,0.8,2,2000,2,8.12948,76.854,123009,189249
C,3,30,0.3,file_manager,0.2,0.05,0.45,0.1,0.1,0.1,uniform,0,0,2000,2,36.3416,309.438,27517.2,642412
C,3,30,0.3,file_manager,0.2,0.05,0.45,0.1,0.1,0.1,zipf,0.3,1.5,2000,2,35.1457,304.396,28453.8,635455
C,3,30,0.3,file_manager,0.2,0.05,0.45,0.1,0.1,0.1,zipf,0.8,2,2000,2,33.388,305.312,29950.8,635902
C,3,30,0.6,file_manager,0.2,0.05,0.45,0.1,0.1,0.1,uniform,0,0,2000,2,34.1308,303.479,29299.3,643581
C,3,30,0.6,file_manager,0.2,0.05,0.45,0.1,0.1,0.1,zipf,0.3,1.5,2000,2,30.2047,305.771,33107.7,640266
C,3,30,0.6,file_manager,0.2,0.05,0.45,0.1,0.1,0.1,zipf,0.8,2,2000,2,36.4344,305.75,27446.6,637390
C,3,30,0.95,file_manager,0.2,0.05,0.45,0.1,0.1,0.1,uniform,0,0,2000,2,38.5852,347.771,25916.7,728366
C,3,30,0.95,file_manager,0.2,0.05,0.45,0.1,0.1,0.1,zipf,0.3,1.5,2000,2,39.41,344.333,25375.4,718937
C,3,30,0.95,file_manager,0.2,0.05,0.45,0.1,0.1,0.1,zipf,0.8,2,2000,2,42.25,347.625,23668.6,717415
C,3,50,0.3,file_manager,0.2,0.05,0.45,0.1,0.1,0.1,uniform,0,0,2000,2,171.114,1432.71,5844.07,3159084
C,3,50,0.3,file_manager,0.2,0.05,0.45,0.1,0.1,0.1,zipf,0.3,1.5,2000,2,159.434,1406.92,6272.21,3151899
C,3,50,0.3,file_manager,0.2,0.05,0.45,0.1,0.1,0.1,zipf,0.8,2,2000,2,162.685,1429.42,6146.93,3149427
C,3,50,0.6,file_manager,0.2,0.05,0.45,0.1,0.1,0.1,uniform,0,0,2000,2,175.953,1474.4,5683.39,3344379
C,3,50,0.6,file_manager,0.2,0.05,0.45,0.1,0.1,0.1,zipf,0.3,1.5,2000,2,173.504,1500.67,5763.71,3339351
C,3,50,0.6,file_manager,0.2,0.05,0.45,0.1,0.1,0.1,zipf,0.8,2,2000,2,174.504,1474.71,5730.61,3337064
C,3,50,0.95,file_manager,0.2,0.05,0.45,0.1,0.1,0.1,uniform,0,0,2000,2,170.937,1389.35,5850.12,3050046
C,3,50,0.95,file_manager,0.2,0.05,0.45,0.1,0.1,0.1,zipf,0.3,1.5,2000,2,162.335,1375.48,6160.17,3044747
C,3,50,0.95,file_manager,0.2,0.05,0.45,0.1,0.1,0.1,zipf,0.8,2,2000,2,170.736,1371.08,5857.06,3038539
C,2,5,0.3,refactoring,0.1,0.1,0.1,0.1,0.5,0.1,uniform,0,0,2000,2,1.37258,9.521,730369,16729
C,2,5,0.3,refactoring,0.1,0.1,0.1,0.1,0.5,0.1,zipf,0.3,1.5,2000,2,1.37038,10.396,729803,15701
C,2,5,0.3,refactoring,0.1,0.1,0.1,0.1,0.5,0.1,zipf,0.8,2,2000,2,1.62871,13.1665,614016,17135
C,2,5,0.6,refactoring,0.1,0.1,0.1,0.1,0.5,0.1,uniform,0,0,2000,2,1.68295,11.146,594234,17917
C,2,5,0.6,refactoring,0.1,0.1,0.1,0.1,0.5,0.1,zipf,0.3,1.5,2000,2,1.58083,10.0625,644244,17672
C,2,5,0.6,refactoring,0.1,0.1,0.1,0.1,0.5,0.1,zipf,0.8,2,2000,2,1.24451,9.271,803637,18091
C,2,5,0.95,refactoring,0.1,0.1,0.1,0.1,0.5,0.1,uniform,0,0,2000,2,1.44621,9.813,691549,20039
C,2,5,0.95,refactoring,0.1,0.1,0.1,0.1,0.5,0.1,zipf,0.3,1.5,2000,2,1.43138,10.9995,698709,19365
C,2,5,0.95,refactoring,0.1,0.1,0.1,0.1,0.5,0.1,zipf,0.8,2,2000,2,1.31025,9.2915,763281,17943
C,2,10,0.3,refactoring,0.1,0.1,0.1,0.1,0.5,0.1,uniform,0,0,2000,2,1.33028,8.9585,752312,21202
C,2,10,0.3,refactoring,0.1,0.1,0.1,0.1,0.5,0.1,zipf,0.3,1.5,2000,2,1.30064,8.792,768881,18366
C,2,10,0.3,refactoring,0.1,0.1,0.1,0.1,0.5,0.1,zipf,0.8,2,2000,2,1.85357,14.542,539521,20492
C,2,10,0.6,refactoring,0.1,0.1,0.1,0.1,0.5,0.1,uniform,0,0,2000,2,1.72685,11.3335,580750,24374
C,2,10,0.6,refactoring,0.1,0.1,0.1,0.1,0.5,0.1,zipf,0.3,1.5,2000,2,1.67203,12.2705,598124,22944
C,2,10,0.6,refactoring,0.1,0.1,0.1,0.1,0.5,0.1,zipf,0.8,2,2000,2,1.62926,11.9375,613777,21721
C,2,10,0.95,refactoring,0.1,0.1,0.1,0.1,0.5,0.1,uniform,0,0,2000,2,1.49347,10.25,670241,22939
C,2,10,0.95,refactoring,0.1,0.1,0.1,0.1,0.5,0.1,zipf,0.3,1.5,2000,2,1.59807,12.229,625838,24372
C,2,10,0.95,refactoring,0.1,0.1,0.1,0.1,0.5,0.1,zipf,0.8,2,2000,2,1.90945,15.563,526723,23894
C,2,15,0.3,refactoring,0.1,0.1,0.1,0.1,0.5,0.1,uniform,0,0,2000,2,2.13096,13.2915,469596,25485
C,2,15,0.3,refactoring,0.1,0.1,0.1,0.1,0.5,0.1,zipf,0.3,1.5,2000,2,2.04425,13.7915,489230,26727
C,2,15,0.3,refactoring,0.1,0.1,0.1,0.1,0.5,0.1,zipf,0.8,2,2000,2,1.5753,11.0415,635648,21058
C,2,15,0.6,refactoring,0.1,0.1,0.1,0.1,0.5,0.1,uniform,0,0,2000,2,2.14431,13.917,466350,31483
C,2,15,0.6,refactoring,0.1,0.1,0.1,0.1,0.5,0.1,zipf,0.3,1.5,2000,2,2.24103,14.104,448377,27107
C,2,15,0.6,refactoring,0.1,0.1,0.1,0.1,0.5,0.1,zipf,0.8,2,2000,2,2.01183,13.6665,497733,27681
C,2,15,0.95,refactoring,0.1,0.1,0.1,0.1,0.5,0.1,uniform,0,0,2000,2,2.00694,13.5625,498317,32455
C,2,15,0.95,refactoring,0.1,0.1,0.1,0.1,0.5,0.1,zipf,0.3,1.5,2000,2,2.41874,17.5,422663,28425
C,2,15,0.95,refactoring,0.1,0.1,0.1,0.1,0.5,0.1,zipf,0.8,2,2000,2,2.03063,15.958,494180,27146
C,5,5,0.3,refactoring,0.1,0.1,0.1,0.1,0.5,0.1,uniform,0,0,2000,2,3.58387,31.1045,279100,30404
C,5,5,0.3,refactoring,0.1,0.1,0.1,0.1,0.5,0.1,zipf,0.3,1.5,2000,2,3.27952,25.979,304934,29869
C,5,5,0.3,refactoring,0.1,0.1,0.1,0.1,0.5,0.1,zipf,0.8,2,2000,2,3.50173,28.917,288120,28520
C,5,5,0.6,refactoring,0.1,0.1,0.1,0.1,0.5,0.1,uniform,0,0,2000,2,3.31252,27.1875,303889,30866
C,5,5,0.6,refactoring,0.1,0.1,0.1,0.1,0.5,0.1,zipf,0.3,1.5,2000,2,3.22073,23.7085,312786,28634
C,5,5,0.6,refactoring,0.1,0.1,0.1,0.1,0.5,0.1,zipf,0.8,2,2000,2,2.89101,25.2495,345912,28928
C,5,5,0.95,refactoring,0.1,0.1,0.1,0.1,0.5,0.1,uniform,0,0,2000,2,2.84179,22.646,351913,30592
C,5,5,0.95,refactoring,0.1,0.1,0.1,0.1,0.5,0.1,zipf,0.3,1.5,2000,2,2.84887,23.666,351060,30003
C,5,5,0.95,refactoring,0.1,0.1,0.1,0.1,0.5,0.1,zipf,0.8,2,2000,2,3.79619,31.1455,265355,31149
C,5,10,0.3,refactoring,0.1,0.1,0.1,0.1,0.5,0.1,uniform,0,0,2000,2,86.3657,673.833,11584.3,603678
C,5,10,0.3,refactoring,0.1,0.1,0.1,0.1,0.5,0.1,zipf,0.3,1.5,2000,2,76.2902,676.479,13138.6,580923
C,5,10,0.3,refactoring,0.1,0.1,0.1,0.1,0.5,0.1,zipf,0.8,2,2000,2,82.215,637.292,12187.4,576702
C,5,10,0.6,refactoring,0.1,0.1,0.1,0.1,0.5,0.1,uniform,0,0,2000,2,116.783,931.708,8563.4,902137
C,5,10,0.6,refactoring,0.1,0.1,0.1,0.1,0.5,0.1,zipf,0.3,1.5,2000,2,111.424,1014.08,8977.9,876813
C,5,10,0.6,refactoring,0.1,0.1,0.1,0.1,0.5,0.1,zipf,0.8,2,2000,2,122.185,955.708,8184.29,873243
C,5,10,0.95,refactoring,0.1,0.1,0.1,0.1,0.5,0.1,uniform,0,0,2000,2,125.419,914.688,7973.3,930741
C,5,10,0.95,refactoring,0.1,0.1,0.1,0.1,0.5,0.1,zipf,0.3,1.5,2000,2,107.671,930.104,9291.08,903596
C,5,10,0.95,refactoring,0.1,0.1,0.1,0.1,0.5,0.1,zipf,0.8,2,2000,2,109.406,925.791,9147.48,902623
C,5,15,0.3,refactoring,0.1,0.1,0.1,0.1,0.5,0.1,uniform,0,0,2000,2,826.855,6065.79,1209.62,6100558
C,5,15,0.3,refactoring,0.1,0.1,0.1,0.1,0.5,0.1,zipf,0.3,1.5,2000,2,672.011,5565.08,1488.08,6072220
C,5,15,0.3,refactoring,0.1,0.1,0.1,0.1,0.5,0.1,zipf,0.8,2,2000,2,727.86,5753.79,1374.06,6072250
C,5,15,0.6,refactoring,0.1,0.1,0.1,0.1,0.5,0.1,uniform,0,0,2000,2,853.347,6529.75,1171.86,7065428
C,5,15,0.6,refactoring,0.1,0.1,0.1,0.1,0.5,0.1,zipf,0.3,1.5,2000,2,814.349,6676.46,1228.27,7039898
C,5,15,0.6,refactoring,0.1,0.1,0.1,0.1,0.5,0.1,zipf,0.8,2,2000,2,871.464,7036.85,1147.88,7036893
C,5,15,0.95,refactoring,0.1,0.1,0.1,0.1,0.5,0.1,uniform,0,0,2000,2,882.345,5921.1,1133.89,7026958
C,5,15,0.95,refactoring,0.1,0.1,0.1,0.1,0.5,0.1,zipf,0.3,1.5,2000,2,733.358,5911.65,1363.85,7001937
C,5,15,0.95,refactoring,0.1,0.1,0.1,0.1,0.5,0.1,zipf,0.8,2,2000,2,943.622,7060.23,1059.77,6996197
C,10,5,0.3,refactoring,0.1,0.1,0.1,0.1,0.5,0.1,uniform,0,0,2000,2,419.118,3263.69,2388.61,3053350
C,10,5,0.3,refactoring,0.1,0.1,0.1,0.1,0.5,0.1,zipf,0.3,1.5,2000,2,422.876,3379.35,2365.65,3028781
C,10,5,0.3,refactoring,0.1,0.1,0.1,0.1,0.5,0.1,zipf,0.8,2,2000,2,389.956,3403.81,2564.48,3031119
C,10,5,0.6,refactoring,0.1,0.1,0.1,0.1,0.5,0.1,uniform,0,0,2000,2,655.342,5406.75,1526.5,4715856
C,10,5,0.6,refactoring,0.1,0.1,0.1,0.1,0.5,0.1,zipf,0.3,1.5,2000,2,640.96,5082.77,1560.23,4689918
C,10,5,0.6,refactoring,0.1,0.1,0.1,0.1,0.5,0.1,zipf,0.8,2,2000,2,570.044,4751.71,1754.8,4682812
C,10,5,0.95,refactoring,0.1,0.1,0.1,0.1,0.5,0.1,uniform,0,0,2000,2,516.776,4205.96,1935.97,4046448
C,10,5,0.95,refactoring,0.1,0.1,0.1,0.1,0.5,0.1,zipf,0.3,1.5,2000,2,561.407,4504.69,1782.02,4022510
C,10,5,0.95,refactoring,0.1,0.1,0.1,0.1,0.5,0.1,zipf,0.8,2,2000,2,571.314,4431.21,1750.35,4018245
C,10,10,0.3,refactoring,0.1,0.1,0.1,0.1,0.5,0.1,uniform,0,0,2000,2,62436.3,481705,16.0164,423359615
C,10,10,0.3,refactoring,0.1,0.1,0.1,0.1,0.5,0.1,zipf,0.3,1.5,2000,2,47510,428171,21.0483,423327612
C,10,10,0.3,refactoring,0.1,0.1,0.1,0.1,0.5,0.1,zipf,0.8,2,2000,2,47554,401102,21.0294,423329218
C,10,10,0.6,refactoring,0.1,0.1,0.1,0.1,0.5,0.1,uniform,0,0,2000,2,49991.9,390266,20.0061,437409933
C,10,10,0.6,refactoring,0.1,0.1,0.1,0.1,0.5,0.1,zipf,0.3,1.5,2000,2,48728.4,391201,20.5248,437390567
C,10,10,0.6,refactoring,0.1,0.1,0.1,0.1,0.5,0.1,zipf,0.8,2,2000,2,49553.2,390280,20.1832,437380652
C,10,10,0.95,refactoring,0.1,0.1,0.1,0.1,0.5,0.1,uniform,0,0,2000,2,53698.9,415011,18.638,427163485
C,10,10,0.95,refactoring,0.1,0.1,0.1,0.1,0.5,0.1,zipf,0.3,1.5,2000,2,49085.3,418679,20.3736,427137684
C,10,10,0.95,refactoring,0.1,0.1,0.1,0.1,0.5,0.1,zipf,0.8,2,2000,2,50330.1,427410,19.8689,427133868
C,10,15,0.3,refactoring,0.1,0.1,0.1,0.1,0.5,0.1,uniform,0,0,2000,2,52507.2,403205,19.0492,414318135
C,10,15,0.3,refactoring,0.1,0.1,0.1,0.1,0.5,0.1,zipf,0.3,1.5,2000,2,43939.2,354658,22.7588,414292918
C,10,15,0.3,refactoring,0.1,0.1,0.1,0.1,0.5,0.1,zipf,0.8,2,2000,2,50737.2,357835,19.71,414285366
C,10,15,0.6,refactoring,0.1,0.1,0.1,0.1,0.5,0.1,uniform,0,0,2000,2,47452.3,347414,21.0739,419510675
C,10,15,0.6,refactoring,0.1,0.1,0.1,0.1,0.5,0.1,zipf,0.3,1.5,2000,2,45274.6,343842,22.0875,419480257
C,10,15,0.6,refactoring,0.1,0.1,0.1,0.1,0.5,0.1,zipf,0.8,2,2000,2,41889.5,343406,23.8724,419482959
C,10,15,0.95,refactoring,0.1,0.1,0.1,0.1,0.5,0.1,uniform,0,0,2000,2,47683.5,359837,20.9735,414733812
C,10,15,0.95,refactoring,0.1,0.1,0.1,0.1,0.5,0.1,zipf,0.3,1.5,2000,2,49917.6,357093,20.033,414708900
C,10,15,0.95,refactoring,0.1,0.1,0.1,0.1,0.5,0.1,zipf,0.8,2,2000,2,45174.7,355214,22.1366,414708432
C,10,2,0.3,refactoring,0.1,0.1,0.1,0.1,0.5,0.1,uniform,0,0,2000,2,3.06184,24.3125,326629,37343
C,10,2,0.3,refactoring,0.1,0.1,0.1,0.1,0.5,0.1,zipf,0.3,1.5,2000,2,3.36533,26.063,297323,36035
C,10,2,0.3,refactoring,0.1,0.1,0.1,0.1,0.5,0.1,zipf,0.8,2,2000,2,3.15543,24.3965,316915,32459
C,10,2,0.6,refactoring,0.1,0.1,0.1,0.1,0.5,0.1,uniform,0,0,2000,2,3.21835,25.4165,310720,38643
C,10,2,0.6,refactoring,0.1,0.1,0.1,0.1,0.5,0.1,zipf,0.3,1.5,2000,2,2.99819,22.104,333536,31205
C,10,2,0.6,refactoring,0.1,0.1,0.1,0.1,0.5,0.1,zipf,0.8,2,2000,2,3.37952,25.917,295920,33814
C,10,2,0.95,refactoring,0.1,0.1,0.1,0.1,0.5,0.1,uniform,0,0,2000,2,3.44369,25.1875,290389,37404
C,10,2,0.95,refactoring,0.1,0.1,0.1,0.1,0.5,0.1,zipf,0.3,1.5,2000,2,3.27365,25.3125,305477,35228
C,10,2,0.95,refactoring,0.1,0.1,0.1,0.1,0.5,0.1,zipf,0.8,2,2000,2,3.35491,27.521,298087,34872
C,15,2,0.3,refactoring,0.1,0.1,0.1,0.1,0.5,0.1,uniform,0,0,2000,2,4.06257,34.271,246174,42879
C,15,2,0.3,refactoring,0.1,0.1,0.1,0.1,0.5,0.1,zipf,0.3,1.5,2000,2,3.56444,27.5835,280557,37953
C,15,2,0.3,refactoring,0.1,0.1,0.1,0.1,0.5,0.1,zipf,0.8,2,2000,2,3.65963,29.6665,273252,40472
C,15,2,0.6,refactoring,0.1,0.1,0.1,0.1,0.5,0.1,uniform,0,0,2000,2,3.44806,29.2495,290037,38586
C,15,2,0.6,refactoring,0.1,0.1,0.1,0.1,0.5,0.1,zipf,0.3,1.5,2000,2,3.80159,30.2505,263051,41048
C,15,2,0.6,refactoring,0.1,0.1,0.1,0.1,0.5,0.1,zipf,0.8,2,2000,2,3.39641,25.6665,294456,34844
C,15,2,0.95,refactoring,0.1,0.1,0.1,0.1,0.5,0.1,uniform,0,0,2000,2,4.13688,33.8955,241730,45087
C,15,2,0.95,refactoring,0.1,0.1,0.1,0.1,0.5,0.1,zipf,0.3,1.5,2000,2,3.16984,24.875,315485,35895
C,15,2,0.95,refactoring,0.1,0.1,0.1,0.1,0.5,0.1,zipf,0.8,2,2000,2,3.64531,27.854,274343,37797
C,20,2,0.3,refactoring,0.1,0.1,0.1,0.1,0.5,0.1,uniform,0,0,2000,2,4.8866,40.3335,204642,53422
C,20,2,0.3,refactoring,0.1,0.1,0.1,0.1,0.5,0.1,zipf,0.3,1.5,2000,2,4.06462,35.2915,246026,45613
C,20,2,0.3,refactoring,0.1,0.1,0.1,0.1,0.5,0.1,zipf,0.8,2,2000,2,4.25544,38.1875,234994,47134
C,20,2,0.6,refactoring,0.1,0.1,0.1,0.1,0.5,0.1,uniform,0,0,2000,2,5.21872,40.2915,191627,54845
C,20,2,0.6,refactoring,0.1,0.1,0.1,0.1,0.5,0.1,zipf,0.3,1.5,2000,2,4.44108,37.271,225171,47990
C,20,2,0.6,refactoring,0.1,0.1,0.1,0.1,0.5,0.1,zipf,0.8,2,2000,2,4.30813,35.979,232132,44975
C,20,2,0.95,refactoring,0.1,0.1,0.1,0.1,0.5,0.1,uniform,0,0,2000,2,4.88298,40.063,204795,53030
C,20,2,0.95,refactoring,0.1,0.1,0.1,0.1,0.5,0.1,zipf,0.3,1.5,2000,2,4.8065,40.125,208058,50464
C,20,2,0.95,refactoring,0.1,0.1,0.1,0.1,0.5,0.1,zipf,0.8,2,2000,2,4.18912,36.667,238726,45408
C,15,3,0.3,refactoring,0.1,0.1,0.1,0.1,0.5,0.1,uniform,0,0,2000,2,38.2796,288.729,26124.1,340026
C,15,3,0.3,refactoring,0.1,0.1,0.1,0.1,0.5,0.1,zipf,0.3,1.5,2000,2,32.8516,284.083,30440,325575
C,15,3,0.3,refactoring,0.1,0.1,0.1,0.1,0.5,0.1,zipf,0.8,2,2000,2,33.847,281.75,29546.5,317742
C,15,3,0.6,refactoring,0.1,0.1,0.1,0.1,0.5,0.1,uniform,0,0,2000,2,73.7362,574.521,13561.9,649037
C,15,3,0.6,refactoring,0.1,0.1,0.1,0.1,0.5,0.1,zipf,0.3,1.5,2000,2,72.047,655.167,13910.1,630700
C,15,3,0.6,refactoring,0.1,0.1,0.1,0.1,0.5,0.1,zipf,0.8,2,2000,2,60.5628,564.521,16512,631547
C,15,3,0.95,refactoring,0.1,0.1,0.1,0.1,0.5,0.1,uniform,0,0,2000,2,100.461,740.688,9954.08,829953
C,15,3,0.95,refactoring,0.1,0.1,0.1,0.1,0.5,0.1,zipf,0.3,1.5,2000,2,97.7398,742.062,10231.3,814793
C,15,3,0.95,refactoring,0.1,0.1,0.1,0.1,0.5,0.1,zipf,0.8,2,2000,2,89.9423,730.188,11118.3,805032
C,2,30,0.3,refactoring,0.1,0.1,0.1,0.1,0.5,0.1,uniform,0,0,2000,2,2.36108,16.084,423555,49319
C,2,30,0.3,refactoring,0.1,0.1,0.1,0.1,0.5,0.1,zipf,0.3,1.5,2000,2,2.48372,16.396,402627,43132
C,2,30,0.3,refactoring,0.1,0.1,0.1,0.1,0.5,0.1,zipf,0.8,2,2000,2,2.38602,16.875,419128,44354
C,2,30,0.6,refactoring,0.1,0.1,0.1,0.1,0.5,0.1,uniform,0,0,2000,2,3.55682,23.4165,281170,71747
C,2,30,0.6,refactoring,0.1,0.1,0.1,0.1,0.5,0.1,zipf,0.3,1.5,2000,2,3.40456,23.417,293732,64702
C,2,30,0.6,refactoring,0.1,0.1,0.1,0.1,0.5,0.1,zipf,0.8,2,2000,2,3.40584,23.4585,293617,62621
C,2,30,0.95,refactoring,0.1,0.1,0.1,0.1,0.5,0.1,uniform,0,0,2000,2,3.52578,23.8125,283630,73087
C,2,30,0.95,refactoring,0.1,0.1,0.1,0.1,0.5,0.1,zipf,0.3,1.5,2000,2,3.59481,23.354,278192,63489
C,2,30,0.95,refactoring,0.1,0.1,0.1,0.1,0.5,0.1,zipf,0.8,2,2000,2,3.42511,23.5005,291974,64162
C,2,50,0.3,refactoring,0.1,0.1,0.1,0.1,0.5,0.1,uniform,0,0,2000,2,4.74829,32.396,210606,94224
C,2,50,0.3,refactoring,0.1,0.1,0.1,0.1,0.5,0.1,zipf,0.3,1.5,2000,2,4.63857,31.1875,215585,85998
C,2,50,0.3,refactoring,0.1,0.1,0.1,0.1,0.5,0.1,zipf,0.8,2,2000,2,4.53828,31.6875,220349,84042
C,2,50,0.6,refactoring,0.1,0.1,0.1,0.1,0.5,0.1,uniform,0,0,2000,2,8.48969,54.0625,117790,148690
C,2,50,0.6,refactoring,0.1,0.1,0.1,0.1,0.5,0.1,zipf,0.3,1.5,2000,2,7.41628,47.75,134839,132116
C,2,50,0.6,refactoring,0.1,0.1,0.1,0.1,0.5,0.1,zipf,0.8,2,2000,2,7.63949,48.021,130900,130094
C,2,50,0.95,refactoring,0.1,0.1,0.1,0.1,0.5,0.1,uniform,0,0,2000,2,8.33067,54.0415,120043,149349
C,2,50,0.95,refactoring,0.1,0.1,0.1,0.1,0.5,0.1,zipf,0.3,1.5,2000,2,7.42773,48.5625,134631,133133
C,2,50,0.95,refactoring,0.1,0.1,0.1,0.1,0.5,0.1,zipf,0.8,2,2000,2,7.04945,47.104,141857,132835
C,3,30,0.3,refactoring,0.1,0.1,0.1,0.1,0.5,0.1,uniform,0,0,2000,2,54.4253,351.709,18374.7,735517
C,3,30,0.3,refactoring,0.1,0.1,0.1,0.1,0.5,0.1,zipf,0.3,1.5,2000,2,50.1203,338.541,19952.3,714789
C,3,30,0.3,refactoring,0.1,0.1,0.1,0.1,0.5,0.1,zipf,0.8,2,2000,2,47.324,337.709,21131,711043
C,3,30,0.6,refactoring,0.1,0.1,0.1,0.1,0.5,0.1,uniform,0,0,2000,2,61.9054,391.854,16153.7,828305
C,3,30,0.6,refactoring,0.1,0.1,0.1,0.1,0.5,0.1,zipf,0.3,1.5,2000,2,55.4558,365.583,18032.6,805972
C,3,30,0.6,refactoring,0.1,0.1,0.1,0.1,0.5,0.1,zipf,0.8,2,2000,2,54.3544,363.687,18397.9,804139
C,3,30,0.95,refactoring,0.1,0.1,0.1,0.1,0.5,0.1,uniform,0,0,2000,2,57.1721,376.188,17491.1,813868
C,3,30,0.95,refactoring,0.1,0.1,0.1,0.1,0.5,0.1,zipf,0.3,1.5,2000,2,51.8564,359.375,19284,786730
C,3,30,0.95,refactoring,0.1,0.1,0.1,0.1,0.5,0.1,zipf,0.8,2,2000,2,51.4959,353.5,19419,785424
C,3,50,0.3,refactoring,0.1,0.1,0.1,0.1,0.5,0.1,uniform,0,0,2000,2,261.946,1517.02,3817.58,3378938
C,3,50,0.3,refactoring,0.1,0.1,0.1,0.1,0.5,0.1,zipf,0.3,1.5,2000,2,229.812,1499.31,4351.38,3352563
C,3,50,0.3,refactoring,0.1,0.1,0.1,0.1,0.5,0.1,zipf,0.8,2,2000,2,215.358,1483.88,4643.76,3347703
C,3,50,0.6,refactoring,0.1,0.1,0.1,0.1,0.5,0.1,uniform,0,0,2000,2,244.585,1414.71,4088.55,3199401
C,3,50,0.6,refactoring,0.1,0.1,0.1,0.1,0.5,0.1,zipf,0.3,1.5,2000,2,214.525,1397.12,4661.5,3174264
C,3,50,0.6,refactoring,0.1,0.1,0.1,0.1,0.5,0.1,zipf,0.8,2,2000,2,217.641,1389.62,4594.73,3169509
C,3,50,0.95,refactoring,0.1,0.1,0.1,0.1,0.5,0.1,uniform,0,0,2000,2,270.547,1631.31,3696.22,3658687
C,3,50,0.95,refactoring,0.1,0.1,0.1,0.1,0.5,0.1,zipf,0.3,1.5,2000,2,229.5,1599.54,4357.31,3635514
C,3,50,0.95,refactoring,0.1,0.1,0.1,0.1,0.5,0.1,zipf,0.8,2,2000,2,216.525,1693.12,4631.74,3631206
C,2,5,0.3,reshaping,0.05,0.1,0.35,0.05,0.4,0.05,uniform,0,0,2000,2,3.03033,42.229,341709,56320
C,2,5,0.3,reshaping,0.05,0.1,0.35,0.05,0.4,0.05,zipf,0.3,1.5,2000,2,1.97303,29.187,506887,58253
C,2,5,0.3,reshaping,0.05,0.1,0.35,0.05,0.4,0.05,zipf,0.8,2,2000,2,2.37751,33.3955,427444,55585
C,2,5,0.6,reshaping,0.05,0.1,0.35,0.05,0.4,0.05,uniform,0,0,2000,2,2.76427,32.2295,369364,58672
C,2,5,0.6,reshaping,0.05,0.1,0.35,0.05,0.4,0.05,zipf,0.3,1.5,2000,2,2.83055,33.271,358933,54390
C,2,5,0.6,reshaping,0.05,0.1,0.35,0.05,0.4,0.05,zipf,0.8,2,2000,2,2.379,29.1245,421729,56039
C,2,5,0.95,reshaping,0.05,0.1,0.35,0.05,0.4,0.05,uniform,0,0,2000,2,2.05194,25.459,487379,56220
C,2,5,0.95,reshaping,0.05,0.1,0.35,0.05,0.4,0.05,zipf,0.3,1.5,2000,2,2.04553,25.083,488921,58484
C,2,5,0.95,reshaping,0.05,0.1,0.35,0.05,0.4,0.05,zipf,0.8,2,2000,2,2.04086,26.4165,490029,58546
C,2,10,0.3,reshaping,0.05,0.1,0.35,0.05,0.4,0.05,uniform,0,0,2000,2,2.46328,31.687,413946,61339
C,2,10,0.3,reshaping,0.05,0.1,0.35,0.05,0.4,0.05,zipf,0.3,1.5,2000,2,2.3471,28.771,434247,62409
C,2,10,0.3,reshaping,0.05,0.1,0.35,0.05,0.4,0.05,zipf,0.8,2,2000,2,2.08542,26.563,479531,60049
C,2,10,0.6,reshaping,0.05,0.1,0.35,0.05,0.4,0.05,uniform,0,0,2000,2,2.1973,25.312,455121,62751
C,2,10,0.6,reshaping,0.05,0.1,0.35,0.05,0.4,0.05,zipf,0.3,1.5,2000,2,2.08594,26.187,479424,60046
C,2,10,0.6,reshaping,0.05,0.1,0.35,0.05,0.4,0.05,zipf,0.8,2,2000,2,2.35128,33.479,427218,64517
C,2,10,0.95,reshaping,0.05,0.1,0.35,0.05,0.4,0.05,uniform,0,0,2000,2,2.4291,30.2915,415191,62626
C,2,10,0.95,reshaping,0.05,0.1,0.35,0.05,0.4,0.05,zipf,0.3,1.5,2000,2,2.02356,27.375,494201,64094
C,2,10,0.95,reshaping,0.05,0.1,0.35,0.05,0.4,0.05,zipf,0.8,2,2000,2,2.13586,25.896,468211,61928
C,2,15,0.3,reshaping,0.05,0.1,0.35,0.05,0.4,0.05,uniform,0,0,2000,2,2.36294,29.125,423297,66651
C,2,15,0.3,reshaping,0.05,0.1,0.35,0.05,0.4,0.05,zipf,0.3,1.5,2000,2,2.72102,33.812,367761,62521
C,2,15,0.3,reshaping,0.05,0.1,0.35,0.05,0.4,0.05,zipf,0.8,2,2000,2,2.4358,30.1875,412222,65072
C,2,15,0.6,reshaping,0.05,0.1,0.35,0.05,0.4,0.05,uniform,0,0,2000,2,2.38429,28.167,419425,73970
C,2,15,0.6,reshaping,0.05,0.1,0.35,0.05,0.4,0.05,zipf,0.3,1.5,2000,2,2.58333,33.333,387165,75266
C,2,15,0.6,reshaping,0.05,0.1,0.35,0.05,0.4,0.05,zipf,0.8,2,2000,2,2.41031,28.3545,414912,68561
C,2,15,0.95,reshaping,0.05,0.1,0.35,0.05,0.4,0.05,uniform,0,0,2000,2,2.28146,29.6045,438322,72548
C,2,15,0.95,reshaping,0.05,0.1,0.35,0.05,0.4,0.05,zipf,0.3,1.5,2000,2,2.74785,31.7495,363927,72172
C,2,15,0.95,reshaping,0.05,0.1,0.35,0.05,0.4,0.05,zipf,0.8,2,2000,2,3.27976,41.4795,307811,70281
C,5,5,0.3,reshaping,0.05,0.1,0.35,0.05,0.4,0.05,uniform,0,0,2000,2,5.23848,78.9375,191086,103707
C,5,5,0.3,reshaping,0.05,0.1,0.35,0.05,0.4,0.05,zipf,0.3,1.5,2000,2,5.06299,82.1665,197542,101586
C,5,5,0.3,reshaping,0.05,0.1,0.35,0.05,0.4,0.05,zipf,0.8,2,2000,2,5.93183,92.875,168622,94120
C,5,5,0.6,reshaping,0.05,0.1,0.35,0.05,0.4,0.05,uniform,0,0,2000,2,4.98872,80.4585,200454,106791
C,5,5,0.6,reshaping,0.05,0.1,0.35,0.05,0.4,0.05,zipf,0.3,1.5,2000,2,4.76955,79.333,209663,99340
C,5,5,0.6,reshaping,0.05,0.1,0.35,0.05,0.4,0.05,zipf,0.8,2,2000,2,5.70391,82.9795,178765,95870
C,5,5,0.95,reshaping,0.05,0.1,0.35,0.05,0.4,0.05,uniform,0,0,2000,2,5.20544,74.354,192149,105012
C,5,5,0.95,reshaping,0.05,0.1,0.35,0.05,0.4,0.05,zipf,0.3,1.5,2000,2,6.27519,98.7915,160090,100883
C,5,5,0.95,reshaping,0.05,0.1,0.35,0.05,0.4,0.05,zipf,0.8,2,2000,2,5.6811,81.5005,178949,95673
C,5,10,0.3,reshaping,0.05,0.1,0.35,0.05,0.4,0.05,uniform,0,0,2000,2,71.9843,934.458,13895.5,1000086
C,5,10,0.3,reshaping,0.05,0.1,0.35,0.05,0.4,0.05,zipf,0.3,1.5,2000,2,66.2858,939.938,15087.3,978357
C,5,10,0.3,reshaping,0.05,0.1,0.35,0.05,0.4,0.05,zipf,0.8,2,2000,2,57.6538,900.395,17372.4,976920
C,5,10,0.6,reshaping,0.05,0.1,0.35,0.05,0.4,0.05,uniform,0,0,2000,2,94.283,1262.19,10607.7,1260627
C,5,10,0.6,reshaping,0.05,0.1,0.35,0.05,0.4,0.05,zipf,0.3,1.5,2000,2,80.0883,1187.75,12486.7,1245544
C,5,10,0.6,reshaping,0.05,0.1,0.35,0.05,0.4,0.05,zipf,0.8,2,2000,2,75.5696,1211.52,13235.8,1238648
C,5,10,0.95,reshaping,0.05,0.1,0.35,0.05,0.4,0.05,uniform,0,0,2000,2,49.3107,630.667,20281.2,702808
C,5,10,0.95,reshaping,0.05,0.1,0.35,0.05,0.4,0.05,zipf,0.3,1.5,2000,2,48.6438,624.042,20561.6,684220
C,5,10,0.95,reshaping,0.05,0.1,0.35,0.05,0.4,0.05,zipf,0.8,2,2000,2,40.0031,650.833,24999.9,682395
C,5,15,0.3,reshaping,0.05,0.1,0.35,0.05,0.4,0.05,uniform,0,0,2000,2,566.973,7093.54,1763.8,7754790
C,5,15,0.3,reshaping,0.05,0.1,0.35,0.05,0.4,0.05,zipf,0.3,1.5,2000,2,525.493,7328.37,1903.6,7737934
C,5,15,0.3,reshaping,0.05,0.1,0.35,0.05,0.4,0.05,zipf,0.8,2,2000,2,444.765,6813.67,2252.68,7732672
C,5,15,0.6,reshaping,0.05,0.1,0.35,0.05,0.4,0.05,uniform,0,0,2000,2,752.582,9581.6,1328.9,9588146
C,5,15,0.6,reshaping,0.05,0.1,0.35,0.05,0.4,0.05,zipf,0.3,1.5,2000,2,654.535,9471.62,1527.9,9570298
C,5,15,0.6,reshaping,0.05,0.1,0.35,0.05,0.4,0.05,zipf,0.8,2,2000,2,741.006,9567.83,1349.69,9565124
C,5,15,0.95,reshaping,0.05,0.1,0.35,0.05,0.4,0.05,uniform,0,0,2000,2,589.254,7329.75,1697.2,7557077
C,5,15,0.95,reshaping,0.05,0.1,0.35,0.05,0.4,0.05,zipf,0.3,1.5,2000,2,479.781,7194.79,2084.31,7536444
C,5,15,0.95,reshaping,0.05,0.1,0.35,0.05,0.4,0.05,zipf,0.8,2,2000,2,524.326,7615.98,1907.21,7528735
C,10,5,0.3,reshaping,0.05,0.1,0.35,0.05,0.4,0.05,uniform,0,0,2000,2,398.49,6192.85,2510.89,5037806
C,10,5,0.3,reshaping,0.05,0.1,0.35,0.05,0.4,0.05,zipf,0.3,1.5,2000,2,431.403,6664.33,2318.09,5010463
C,10,5,0.3,reshaping,0.05,0.1,0.35,0.05,0.4,0.05,zipf,0.8,2,2000,2,375.798,5965.08,2661.65,5012993
C,10,5,0.6,reshaping,0.05,0.1,0.35,0.05,0.4,0.05,uniform,0,0,2000,2,260.854,3802.98,3836.32,3202559
C,10,5,0.6,reshaping,0.05,0.1,0.35,0.05,0.4,0.05,zipf,0.3,1.5,2000,2,210.42,3357.77,4752.42,3178387
C,10,5,0.6,reshaping,0.05,0.1,0.35,0.05,0.4,0.05,zipf,0.8,2,2000,2,202.52,3221.73,4939.29,3181947
C,10,5,0.95,reshaping,0.05,0.1,0.35,0.05,0.4,0.05,uniform,0,0,2000,2,667.543,9217.58,1498.08,8169802
C,10,5,0.95,reshaping,0.05,0.1,0.35,0.05,0.4,0.05,zipf,0.3,1.5,2000,2,572.603,9297.12,1746.44,8153424
C,10,5,0.95,reshaping,0.05,0.1,0.35,0.05,0.4,0.05,zipf,0.8,2,2000,2,597.123,9346.94,1674.93,8153526
C,10,10,0.3,reshaping,0.05,0.1,0.35,0.05,0.4,0.05,uniform,0,0,2000,2,35521.5,481563,28.153,424551173
C,10,10,0.3,reshaping,0.05,0.1,0.35,0.05,0.4,0.05,zipf,0.3,1.5,2000,2,29718.2,470935,33.6508,424522118
C,10,10,0.3,reshaping,0.05,0.1,0.35,0.05,0.4,0.05,zipf,0.8,2,2000,2,28986.1,459752,34.5118,424523820
C,10,10,0.6,reshaping,0.05,0.1,0.35,0.05,0.4,0.05,uniform,0,0,2000,2,29180.8,386652,34.2893,428597923
C,10,10,0.6,reshaping,0.05,0.1,0.35,0.05,0.4,0.05,zipf,0.3,1.5,2000,2,24607.1,388929,40.6559,428566258
C,10,10,0.6,reshaping,0.05,0.1,0.35,0.05,0.4,0.05,zipf,0.8,2,2000,2,27211.5,393703,36.7498,428562387
C,10,10,0.95,reshaping,0.05,0.1,0.35,0.05,0.4,0.05,uniform,0,0,2000,2,28861.6,403551,34.6809,424942882
C,10,10,0.95,reshaping,0.05,0.1,0.35,0.05,0.4,0.05,zipf,0.3,1.5,2000,2,29245,411914,34.198,424919353
C,10,10,0.95,reshaping,0.05,0.1,0.35,0.05,0.4,0.05,zipf,0.8,2,2000,2,30627.8,415253,32.657,424907279
C,10,15,0.3,reshaping,0.05,0.1,0.35,0.05,0.4,0.05,uniform,0,0,2000,2,30515.8,419701,32.776,418326655
C,10,15,0.3,reshaping,0.05,0.1,0.35,0.05,0.4,0.05,zipf,0.3,1.5,2000,2,28025,404166,35.6909,418301890
C,10,15,0.3,reshaping,0.05,0.1,0.35,0.05,0.4,0.05,zipf,0.8,2,2000,2,26639.3,395343,37.5563,418297953
C,10,15,0.6,reshaping,0.05,0.1,0.35,0.05,0.4,0.05,uniform,0,0,2000,2,28067.5,420183,35.6292,416629642
C,10,15,0.6,reshaping,0.05,0.1,0.35,0.05,0.4,0.05,zipf,0.3,1.5,2000,2,29064.1,418542,34.4069,416608985
C,10,15,0.6,reshaping,0.05,0.1,0.35,0.05,0.4,0.05,zipf,0.8,2,2000,2,25400.3,409052,39.3707,416609642
C,10,15,0.95,reshaping,0.05,0.1,0.35,0.05,0.4,0.05,uniform,0,0,2000,2,28260.9,411432,35.3848,417330632
C,10,15,0.95,reshaping,0.05,0.1,0.35,0.05,0.4,0.05,zipf,0.3,1.5,2000,2,27732.3,403851,36.0705,417299672
C,10,15,0.95,reshaping,0.05,0.1,0.35,0.05,0.4,0.05,zipf,0.8,2,2000,2,24690,393063,40.5023,417292336
C,10,2,0.3,reshaping,0.05,0.1,0.35,0.05,0.4,0.05,uniform,0,0,2000,2,4.18349,65.625,239243,87900
C,10,2,0.3,reshaping,0.05,0.1,0.35,0.05,0.4,0.05,zipf,0.3,1.5,2000,2,3.66081,58.8125,273265,83473
C,10,2,0.3,reshaping,0.05,0.1,0.35,0.05,0.4,0.05,zipf,0.8,2,2000,2,4.48654,68.4165,222908,89091
C,10,2,0.6,reshaping,0.05,0.1,0.35,0.05,0.4,0.05,uniform,0,0,2000,2,4.52332,67.6045,221079,88103
C,10,2,0.6,reshaping,0.05,0.1,0.35,0.05,0.4,0.05,zipf,0.3,1.5,2000,2,4.66956,67.4585,214153,86184
C,10,2,0.6,reshaping,0.05,0.1,0.35,0.05,0.4,0.05,zipf,0.8,2,2000,2,5.0057,69.2915,199774,88216
C,10,2,0.95,reshaping,0.05,0.1,0.35,0.05,0.4,0.05,uniform,0,0,2000,2,4.06743,58.854,245940,85067
C,10,2,0.95,reshaping,0.05,0.1,0.35,0.05,0.4,0.05,zipf,0.3,1.5,2000,2,4.05859,66.2085,246395,85530
C,10,2,0.95,reshaping,0.05,0.1,0.35,0.05,0.4,0.05,zipf,0.8,2,2000,2,4.18456,62.3955,238975,87168
C,15,2,0.3,reshaping,0.05,0.1,0.35,0.05,0.4,0.05,uniform,0,0,2000,2,4.53186,71.3125,220660,107106
C,15,2,0.3,reshaping,0.05,0.1,0.35,0.05,0.4,0.05,zipf,0.3,1.5,2000,2,4.67968,71.979,213690,94077
C,15,2,0.3,reshaping,0.05,0.1,0.35,0.05,0.4,0.05,zipf,0.8,2,2000,2,4.37871,71.4785,228381,100914
C,15,2,0.6,reshaping,0.05,0.1,0.35,0.05,0.4,0.05,uniform,0,0,2000,2,4.75154,79.0005,210460,108469
C,15,2,0.6,reshaping,0.05,0.1,0.35,0.05,0.4,0.05,zipf,0.3,1.5,2000,2,5.141,80.625,194515,102225
C,15,2,0.6,reshaping,0.05,0.1,0.35,0.05,0.4,0.05,zipf,0.8,2,2000,2,4.1705,69.75,239788,101242
C,15,2,0.95,reshaping,0.05,0.1,0.35,0.05,0.4,0.05,uniform,0,0,2000,2,5.00357,80.9375,199904,109982
C,15,2,0.95,reshaping,0.05,0.1,0.35,0.05,0.4,0.05,zipf,0.3,1.5,2000,2,4.83223,76.3955,206963,98705
C,15,2,0.95,reshaping,0.05,0.1,0.35,0.05,0.4,0.05,zipf,0.8,2,2000,2,4.61036,70.1875,217029,95280
C,20,2,0.3,reshaping,0.05,0.1,0.35,0.05,0.4,0.05,uniform,0,0,2000,2,6.51586,122.375,153487,155513
C,20,2,0.3,reshaping,0.05,0.1,0.35,0.05,0.4,0.05,zipf,0.3,1.5,2000,2,8.2805,154.771,120766,158146
C,20,2,0.3,reshaping,0.05,0.1,0.35,0.05,0.4,0.05,zipf,0.8,2,2000,2,8.44475,155.812,118439,155740
C,20,2,0.6,reshaping,0.05,0.1,0.35,0.05,0.4,0.05,uniform,0,0,2000,2,7.6391,137.98,130938,153742
C,20,2,0.6,reshaping,0.05,0.1,0.35,0.05,0.4,0.05,zipf,0.3,1.5,2000,2,8.76822,154.416,114061,153555
C,20,2,0.6,reshaping,0.05,0.1,0.35,0.05,0.4,0.05,zipf,0.8,2,2000,2,8.75023,161.355,114314,156142
C,20,2,0.95,reshaping,0.05,0.1,0.35,0.05,0.4,0.05,uniform,0,0,2000,2,8.09628,130.646,123526,147115
C,20,2,0.95,reshaping,0.05,0.1,0.35,0.05,0.4,0.05,zipf,0.3,1.5,2000,2,8.72417,154.521,114628,158399
C,20,2,0.95,reshaping,0.05,0.1,0.35,0.05,0.4,0.05,zipf,0.8,2,2000,2,8.40238,154.459,119014,155576
C,15,3,0.3,reshaping,0.05,0.1,0.35,0.05,0.4,0.05,uniform,0,0,2000,2,130.527,1825,7663.1,1804981
C,15,3,0.3,reshaping,0.05,0.1,0.35,0.05,0.4,0.05,zipf,0.3,1.5,2000,2,103.419,1813.67,9669.64,1792365
C,15,3,0.3,reshaping,0.05,0.1,0.35,0.05,0.4,0.05,zipf,0.8,2,2000,2,116.832,1831,8559.55,1787106
C,15,3,0.6,reshaping,0.05,0.1,0.35,0.05,0.4,0.05,uniform,0,0,2000,2,67.5728,961,14799,1008580
C,15,3,0.6,reshaping,0.05,0.1,0.35,0.05,0.4,0.05,zipf,0.3,1.5,2000,2,63.8757,969.605,15666.5,984402
C,15,3,0.6,reshaping,0.05,0.1,0.35,0.05,0.4,0.05,zipf,0.8,2,2000,2,65.4154,988.562,15288,986181
C,15,3,0.95,reshaping,0.05,0.1,0.35,0.05,0.4,0.05,uniform,0,0,2000,2,34.3996,520.875,29072.1,523167
C,15,3,0.95,reshaping,0.05,0.1,0.35,0.05,0.4,0.05,zipf,0.3,1.5,2000,2,31.751,474.333,31495.2,500613
C,15,3,0.95,reshaping,0.05,0.1,0.35,0.05,0.4,0.05,zipf,0.8,2,2000,2,29.0624,470.666,34411.3,497016
C,2,30,0.3,reshaping,0.05,0.1,0.35,0.05,0.4,0.05,uniform,0,0,2000,2,2.5667,34.5835,389700,93053
C,2,30,0.3,reshaping,0.05,0.1,0.35,0.05,0.4,0.05,zipf,0.3,1.5,2000,2,2.81845,38.3745,354806,86756
C,2,30,0.3,reshaping,0.05,0.1,0.35,0.05,0.4,0.05,zipf,0.8,2,2000,2,2.7095,37.125,369073,83893
C,2,30,0.6,reshaping,0.05,0.1,0.35,0.05,0.4,0.05,uniform,0,0,2000,2,3.43845,43.354,290829,114903
C,2,30,0.6,reshaping,0.05,0.1,0.35,0.05,0.4,0.05,zipf,0.3,1.5,2000,2,3.50919,45.5215,285027,109005
C,2,30,0.6,reshaping,0.05,0.1,0.35,0.05,0.4,0.05,zipf,0.8,2,2000,2,3.78041,46.542,264540,108947
C,2,30,0.95,reshaping,0.05,0.1,0.35,0.05,0.4,0.05,uniform,0,0,2000,2,4.27114,46.8745,234211,123097
C,2,30,0.95,reshaping,0.05,0.1,0.35,0.05,0.4,0.05,zipf,0.3,1.5,2000,2,3.37629,42.5205,296195,115706
C,2,30,0.95,reshaping,0.05,0.1,0.35,0.05,0.4,0.05,zipf,0.8,2,2000,2,3.50998,43.8125,284902,110271
C,2,50,0.3,reshaping,0.05,0.1,0.35,0.05,0.4,0.05,uniform,0,0,2000,2,4.608,54.021,217047,140452
C,2,50,0.3,reshaping,0.05,0.1,0.35,0.05,0.4,0.05,zipf,0.3,1.5,2000,2,4.05495,52.688,246625,127467
C,2,50,0.3,reshaping,0.05,0.1,0.35,0.05,0.4,0.05,zipf,0.8,2,2000,2,3.91844,52.3335,255265,127465
C,2,50,0.6,reshaping,0.05,0.1,0.35,0.05,0.4,0.05,uniform,0,0,2000,2,7.54969,75.979,132465,198318
C,2,50,0.6,reshaping,0.05,0.1,0.35,0.05,0.4,0.05,zipf,0.3,1.5,2000,2,6.89169,76.8955,145141,187537
C,2,50,0.6,reshaping,0.05,0.1,0.35,0.05,0.4,0.05,zipf,0.8,2,2000,2,6.64493,76.6875,150658,185155
C,2,50,0.95,reshaping,0.05,0.1,0.35,0.05,0.4,0.05,uniform,0,0,2000,2,8.29099,81.833,120626,201561
C,2,50,0.95,reshaping,0.05,0.1,0.35,0.05,0.4,0.05,zipf,0.3,1.5,2000,2,7.10008,79.1045,140848,189264
C,2,50,0.95,reshaping,0.05,0.1,0.35,0.05,0.4,0.05,zipf,0.8,2,2000,2,7.30037,80.104,136989,183756
C,3,30,0.3,reshaping,0.05,0.1,0.35,0.05,0.4,0.05,uniform,0,0,2000,2,31.1415,334.354,32111.8,604118
C,3,30,0.3,reshaping,0.05,0.1,0.35,0.05,0.4,0.05,zipf,0.3,1.5,2000,2,27.2591,320.083,36685,584875
C,3,30,0.3,reshaping,0.05,0.1,0.35,0.05,0.4,0.05,zipf,0.8,2,2000,2,25.3387,316.667,39465.6,584747
C,3,30,0.6,reshaping,0.05,0.1,0.35,0.05,0.4,0.05,uniform,0,0,2000,2,28.9137,326.396,34586,605443
C,3,30,0.6,reshaping,0.05,0.1,0.35,0.05,0.4,0.05,zipf,0.3,1.5,2000,2,26.5896,314.542,37608.7,581974
C,3,30,0.6,reshaping,0.05,0.1,0.35,0.05,0.4,0.05,zipf,0.8,2,2000,2,26.5907,310.083,37607.3,578796
C,3,30,0.95,reshaping,0.05,0.1,0.35,0.05,0.4,0.05,uniform,0,0,2000,2,31.0595,328.938,32196.7,601995
C,3,30,0.95,reshaping,0.05,0.1,0.35,0.05,0.4,0.05,zipf,0.3,1.5,2000,2,28.0778,309.812,35617.6,580896
C,3,30,0.95,reshaping,0.05,0.1,0.35,0.05,0.4,0.05,zipf,0.8,2,2000,2,25.4439,312.333,39303,580958
C,3,50,0.3,reshaping,0.05,0.1,0.35,0.05,0.4,0.05,uniform,0,0,2000,2,137.766,1287.58,7258.69,2577859
C,3,50,0.3,reshaping,0.05,0.1,0.35,0.05,0.4,0.05,zipf,0.3,1.5,2000,2,102.392,1238.87,9766.38,2559468
C,3,50,0.3,reshaping,0.05,0.1,0.35,0.05,0.4,0.05,zipf,0.8,2,2000,2,97.8911,1249.83,10215.5,2554852
C,3,50,0.6,reshaping,0.05,0.1,0.35,0.05,0.4,0.05,uniform,0,0,2000,2,126.969,1174.79,7876.86,2456608
C,3,50,0.6,reshaping,0.05,0.1,0.35,0.05,0.4,0.05,zipf,0.3,1.5,2000,2,107.289,1141.75,9321.17,2432991
C,3,50,0.6,reshaping,0.05,0.1,0.35,0.05,0.4,0.05,zipf,0.8,2,2000,2,98.3009,1141.81,10173.5,2430743
C,3,50,0.95,reshaping,0.05,0.1,0.35,0.05,0.4,0.05,uniform,0,0,2000,2,154.191,1618.77,6485.5,3218481
C,3,50,0.95,reshaping,0.05,0.1,0.35,0.05,0.4,0.05,zipf,0.3,1.5,2000,2,124.112,1593.98,8057.27,3199726
C,3,50,0.95,reshaping,0.05,0.1,0.35,0.05,0.4,0.05,zipf,0.8,2,2000,2,134.938,1595.27,7411.01,3193836
C,2,5,0.3,web_server,0.8,0.1,0,0.1,0,0,uniform,0,0,2000,2,0.076032,0.396,1.31644e+07,928
C,2,5,0.3,web_server,0.8,0.1,0,0.1,0,0,zipf,0.3,1.5,2000,2,0.071124,0.3125,1.40603e+07,928
C,2,5,0.3,web_server,0.8,0.1,0,0.1,0,0,zipf,0.8,2,2000,2,0.0675418,0.292,1.48058e+07,928
C,2,5,0.6,web_server,0.8,0.1,0,0.1,0,0,uniform,0,0,2000,2,0.108325,0.729,9.23386e+06,1752
C,2,5,0.6,web_server,0.8,0.1,0,0.1,0,0,zipf,0.3,1.5,2000,2,0.101814,0.6455,9.8219e+06,1752
C,2,5,0.6,web_server,0.8,0.1,0,0.1,0,0,zipf,0.8,2,2000,2,0.0839543,0.417,1.19222e+07,1752
C,2,5,0.95,web_server,0.8,0.1,0,0.1,0,0,uniform,0,0,2000,2,0.114888,0.979,8.70448e+06,2776
C,2,5,0.95,web_server,0.8,0.1,0,0.1,0,0,zipf,0.3,1.5,2000,2,0.115697,0.958,8.64335e+06,2683
C,2,5,0.95,web_server,0.8,0.1,0,0.1,0,0,zipf,0.8,2,2000,2,0.141566,1.1875,7.64804e+06,2590
C,2,10,0.3,web_server,0.8,0.1,0,0.1,0,0,uniform,0,0,2000,2,0.144153,1.229,6.93954e+06,3722
C,2,10,0.3,web_server,0.8,0.1,0,0.1,0,0,zipf,0.3,1.5,2000,2,0.135542,0.896,7.37831e+06,3722
C,2,10,0.3,web_server,0.8,0.1,0,0.1,0,0,zipf,0.8,2,2000,2,0.134101,0.834,7.45714e+06,3629
C,2,10,0.6,web_server,0.8,0.1,0,0.1,0,0,uniform,0,0,2000,2,0.365218,3.3125,2.7381e+06,7596
C,2,10,0.6,web_server,0.8,0.1,0,0.1,0,0,zipf,0.3,1.5,2000,2,0.225732,2.25,4.43039e+06,7317
C,2,10,0.6,web_server,0.8,0.1,0,0.1,0,0,zipf,0.8,2,2000,2,0.228131,2.208,4.38538e+06,6852
C,2,10,0.95,web_server,0.8,0.1,0,0.1,0,0,uniform,0,0,2000,2,0.323175,3.4165,3.10404e+06,10946
C,2,10,0.95,web_server,0.8,0.1,0,0.1,0,0,zipf,0.3,1.5,2000,2,0.498302,4.729,2.00687e+06,10109
C,2,10,0.95,web_server,0.8,0.1,0,0.1,0,0,zipf,0.8,2,2000,2,0.475482,4.6875,2.10318e+06,8993
C,2,15,0.3,web_server,0.8,0.1,0,0.1,0,0,uniform,0,0,2000,2,0.399096,3.7085,2.50587e+06,8564
C,2,15,0.3,web_server,0.8,0.1,0,0.1,0,0,zipf,0.3,1.5,2000,2,0.235305,2.334,4.24994e+06,7820
C,2,15,0.3,web_server,0.8,0.1,0,0.1,0,0,zipf,0.8,2,2000,2,0.246127,2.333,4.06296e+06,7913
C,2,15,0.6,web_server,0.8,0.1,0,0.1,0,0,uniform,0,0,2000,2,0.548476,4.9165,1.82334e+06,17915
C,2,15,0.6,web_server,0.8,0.1,0,0.1,0,0,zipf,0.3,1.5,2000,2,0.655477,6.9795,1.52573e+06,15776
C,2,15,0.6,web_server,0.8,0.1,0,0.1,0,0,zipf,0.8,2,2000,2,0.733517,6.875,1.36338e+06,14846
C,2,15,0.95,web_server,0.8,0.1,0,0.1,0,0,uniform,0,0,2000,2,0.557355,5.7295,1.8222e+06,18675
C,2,15,0.95,web_server,0.8,0.1,0,0.1,0,0,zipf,0.3,1.5,2000,2,0.717971,7.541,1.4007e+06,16536
C,2,15,0.95,web_server,0.8,0.1,0,0.1,0,0,zipf,0.8,2,2000,2,0.465485,5.2295,2.14836e+06,15699
C,5,5,0.3,web_server,0.8,0.1,0,0.1,0,0,uniform,0,0,2000,2,3.65453,39.791,279082,53374
C,5,5,0.3,web_server,0.8,0.1,0,0.1,0,0,zipf,0.3,1.5,2000,2,3.36252,37.5415,298733,45469
C,5,5,0.3,web_server,0.8,0.1,0,0.1,0,0,zipf,0.8,2,2000,2,4.18866,44.458,239917,43888
C,5,5,0.6,web_server,0.8,0.1,0,0.1,0,0,uniform,0,0,2000,2,3.79901,37.7715,270794,52816
C,5,5,0.6,web_server,0.8,0.1,0,0.1,0,0,zipf,0.3,1.5,2000,2,3.9132,44.3125,259532,46399
C,5,5,0.6,web_server,0.8,0.1,0,0.1,0,0,zipf,0.8,2,2000,2,3.79373,43.833,271471,43609
C,5,5,0.95,web_server,0.8,0.1,0,0.1,0,0,uniform,0,0,2000,2,4.82011,45.4165,207977,52723
C,5,5,0.95,web_server,0.8,0.1,0,0.1,0,0,zipf,0.3,1.5,2000,2,4.3531,38.917,235312,45190
C,5,5,0.95,web_server,0.8,0.1,0,0.1,0,0,zipf,0.8,2,2000,2,3.75493,38.0835,270022,43051
C,5,10,0.3,web_server,0.8,0.1,0,0.1,0,0,uniform,0,0,2000,2,97.7246,1165.21,10241.6,1014073
C,5,10,0.3,web_server,0.8,0.1,0,0.1,0,0,zipf,0.3,1.5,2000,2,97.9935,1155.62,10205.2,1003378
C,5,10,0.3,web_server,0.8,0.1,0,0.1,0,0,zipf,0.8,2,2000,2,116.477,1188.06,8586.01,1001332
C,5,10,0.6,web_server,0.8,0.1,0,0.1,0,0,uniform,0,0,2000,2,114.526,1279.54,8731.64,1111450
C,5,10,0.6,web_server,0.8,0.1,0,0.1,0,0,zipf,0.3,1.5,2000,2,122.063,1278.98,8193.22,1099825
C,5,10,0.6,web_server,0.8,0.1,0,0.1,0,0,zipf,0.8,2,2000,2,106.343,1288.21,9404.35,1095640
C,5,10,0.95,web_server,0.8,0.1,0,0.1,0,0,uniform,0,0,2000,2,51.2274,595.083,19520.8,516563
C,5,10,0.95,web_server,0.8,0.1,0,0.1,0,0,zipf,0.3,1.5,2000,2,55.9285,594.979,17880.3,503729
C,5,10,0.95,web_server,0.8,0.1,0,0.1,0,0,zipf,0.8,2,2000,2,43.8317,596.042,22822.1,501590
C,5,15,0.3,web_server,0.8,0.1,0,0.1,0,0,uniform,0,0,2000,2,626.344,8632.12,1596.57,7689218
C,5,15,0.3,web_server,0.8,0.1,0,0.1,0,0,zipf,0.3,1.5,2000,2,756.469,8770,1321.93,7676849
C,5,15,0.3,web_server,0.8,0.1,0,0.1,0,0,zipf,0.8,2,2000,2,734.036,8629.17,1362.58,7674431
C,5,15,0.6,web_server,0.8,0.1,0,0.1,0,0,uniform,0,0,2000,2,539.691,6705.88,1852.99,5635003
C,5,15,0.6,web_server,0.8,0.1,0,0.1,0,0,zipf,0.3,1.5,2000,2,572.023,6675.54,1748.8,5626354
C,5,15,0.6,web_server,0.8,0.1,0,0.1,0,0,zipf,0.8,2,2000,2,525.16,6586.23,1904.21,5624680
C,5,15,0.95,web_server,0.8,0.1,0,0.1,0,0,uniform,0,0,2000,2,601.397,7002.69,1663.02,5982038
C,5,15,0.95,web_server,0.8,0.1,0,0.1,0,0,zipf,0.3,1.5,2000,2,625.726,7107.67,1598.7,5968460
C,5,15,0.95,web_server,0.8,0.1,0,0.1,0,0,zipf,0.8,2,2000,2,566.188,6943.12,1766.22,5964368
C,10,5,0.3,web_server,0.8,0.1,0,0.1,0,0,uniform,0,0,2000,2,666.743,8572.17,1500.58,5916004
C,10,5,0.3,web_server,0.8,0.1,0,0.1,0,0,zipf,0.3,1.5,2000,2,714.294,8581.08,1400.03,5904472
C,10,5,0.3,web_server,0.8,0.1,0,0.1,0,0,zipf,0.8,2,2000,2,696.649,8505.31,1435.54,5902426
C,10,5,0.6,web_server,0.8,0.1,0,0.1,0,0,uniform,0,0,2000,2,711.958,9142.46,1404.6,6695088
C,10,5,0.6,web_server,0.8,0.1,0,0.1,0,0,zipf,0.3,1.5,2000,2,769.59,8987.85,1300.27,6684486
C,10,5,0.6,web_server,0.8,0.1,0,0.1,0,0,zipf,0.8,2,2000,2,788.48,9182.04,1268.73,6680580
C,10,5,0.95,web_server,0.8,0.1,0,0.1,0,0,uniform,0,0,2000,2,1048.08,11771.1,954.29,8668442
C,10,5,0.95,web_server,0.8,0.1,0,0.1,0,0,zipf,0.3,1.5,2000,2,1035.61,11713.2,965.991,8656073
C,10,5,0.95,web_server,0.8,0.1,0,0.1,0,0,zipf,0.8,2,2000,2,994.372,11996.8,1005.79,8652260
C,10,10,0.3,web_server,0.8,0.1,0,0.1,0,0,uniform,0,0,2000,2,53050.4,631146,18.9098,423408262
C,10,10,0.3,web_server,0.8,0.1,0,0.1,0,0,zipf,0.3,1.5,2000,2,54270.6,522671,18.4263,423396823
C,10,10,0.3,web_server,0.8,0.1,0,0.1,0,0,zipf,0.8,2,2000,2,54257.9,523105,18.436,423394591
C,10,10,0.6,web_server,0.8,0.1,0,0.1,0,0,uniform,0,0,2000,2,47834.2,490518,20.9063,424432014
C,10,10,0.6,web_server,0.8,0.1,0,0.1,0,0,zipf,0.3,1.5,2000,2,46613.6,486556,21.453,424422993
C,10,10,0.6,web_server,0.8,0.1,0,0.1,0,0,zipf,0.8,2,2000,2,44981.8,490384,22.2313,424420668
C,10,10,0.95,web_server,0.8,0.1,0,0.1,0,0,uniform,0,0,2000,2,51135.5,496137,19.5559,425580395
C,10,10,0.95,web_server,0.8,0.1,0,0.1,0,0,zipf,0.3,1.5,2000,2,51726.3,495831,19.344,425564492
C,10,10,0.95,web_server,0.8,0.1,0,0.1,0,0,zipf,0.8,2,2000,2,39037.2,426768,25.6166,425562539
C,10,15,0.3,web_server,0.8,0.1,0,0.1,0,0,uniform,0,0,2000,2,40836.3,413242,24.5305,414839691
C,10,15,0.3,web_server,0.8,0.1,0,0.1,0,0,zipf,0.3,1.5,2000,2,36919,376541,27.0868,414828438
C,10,15,0.3,web_server,0.8,0.1,0,0.1,0,0,zipf,0.8,2,2000,2,31847.4,378447,31.4004,414825369
C,10,15,0.6,web_server,0.8,0.1,0,0.1,0,0,uniform,0,0,2000,2,36406.9,370192,27.4682,418884295
C,10,15,0.6,web_server,0.8,0.1,0,0.1,0,0,zipf,0.3,1.5,2000,2,40101.3,373961,24.9374,418870717
C,10,15,0.6,web_server,0.8,0.1,0,0.1,0,0,zipf,0.8,2,2000,2,37941.3,374963,26.3565,418868299
C,10,15,0.95,web_server,0.8,0.1,0,0.1,0,0,uniform,0,0,2000,2,36986.2,380974,27.0387,416289430
C,10,15,0.95,web_server,0.8,0.1,0,0.1,0,0,zipf,0.3,1.5,2000,2,36345.8,379780,27.5135,416279479
C,10,15,0.95,web_server,0.8,0.1,0,0.1,0,0,zipf,0.8,2,2000,2,37982,381376,26.3283,416276968
C,10,2,0.3,web_server,0.8,0.1,0,0.1,0,0,uniform,0,0,2000,2,0.732624,6.3955,1.36498e+06,11123
C,10,2,0.3,web_server,0.8,0.1,0,0.1,0,0,zipf,0.3,1.5,2000,2,0.728096,6.3545,1.37345e+06,10286
C,10,2,0.3,web_server,0.8,0.1,0,0.1,0,0,zipf,0.8,2,2000,2,0.686565,6.3545,1.45653e+06,9542
C,10,2,0.6,web_server,0.8,0.1,0,0.1,0,0,uniform,0,0,2000,2,0.759739,6.375,1.31624e+06,11216
C,10,2,0.6,web_server,0.8,0.1,0,0.1,0,0,zipf,0.3,1.5,2000,2,0.631308,6.333,1.58401e+06,10286
C,10,2,0.6,web_server,0.8,0.1,0,0.1,0,0,zipf,0.8,2,2000,2,0.68572,6.375,1.45832e+06,9914
C,10,2,0.95,web_server,0.8,0.1,0,0.1,0,0,uniform,0,0,2000,2,0.731632,6.375,1.36685e+06,11216
C,10,2,0.95,web_server,0.8,0.1,0,0.1,0,0,zipf,0.3,1.5,2000,2,0.696027,6.3335,1.43673e+06,10472
C,10,2,0.95,web_server,0.8,0.1,0,0.1,0,0,zipf,0.8,2,2000,2,0.754036,6.3545,1.3262e+06,9542
C,15,2,0.3,web_server,0.8,0.1,0,0.1,0,0,uniform,0,0,2000,2,1.21093,11.1045,825812,18315
C,15,2,0.3,web_server,0.8,0.1,0,0.1,0,0,zipf,0.3,1.5,2000,2,1.20725,11.062,828331,15990
C,15,2,0.3,web_server,0.8,0.1,0,0.1,0,0,zipf,0.8,2,2000,2,1.25882,11.0005,794402,15339
C,15,2,0.6,web_server,0.8,0.1,0,0.1,0,0,uniform,0,0,2000,2,1.1326,11.042,882927,18315
C,15,2,0.6,web_server,0.8,0.1,0,0.1,0,0,zipf,0.3,1.5,2000,2,1.12288,11,890571,16269
C,15,2,0.6,web_server,0.8,0.1,0,0.1,0,0,zipf,0.8,2,2000,2,1.25414,11.021,797360,15339
C,15,2,0.95,web_server,0.8,0.1,0,0.1,0,0,uniform,0,0,2000,2,1.17311,11.4375,852439,18408
C,15,2,0.95,web_server,0.8,0.1,0,0.1,0,0,zipf,0.3,1.5,2000,2,1.23427,11.4375,810198,16548
C,15,2,0.95,web_server,0.8,0.1,0,0.1,0,0,zipf,0.8,2,2000,2,1.24187,11.417,805238,15432
C,20,2,0.3,web_server,0.8,0.1,0,0.1,0,0,uniform,0,0,2000,2,6.29837,60.2505,158774,72081
C,20,2,0.3,web_server,0.8,0.1,0,0.1,0,0,zipf,0.3,1.5,2000,2,6.35001,59.3335,157481,64362
C,20,2,0.3,web_server,0.8,0.1,0,0.1,0,0,zipf,0.8,2,2000,2,5.62381,58.9375,177815,62409
C,20,2,0.6,web_server,0.8,0.1,0,0.1,0,0,uniform,0,0,2000,2,6.14832,59.271,162648,72174
C,20,2,0.6,web_server,0.8,0.1,0,0.1,0,0,zipf,0.3,1.5,2000,2,6.05704,58.9795,165097,64548
C,20,2,0.6,web_server,0.8,0.1,0,0.1,0,0,zipf,0.8,2,2000,2,6.19232,58.8545,161490,62502
C,20,2,0.95,web_server,0.8,0.1,0,0.1,0,0,uniform,0,0,2000,2,6.34982,59.2295,157485,72453
C,20,2,0.95,web_server,0.8,0.1,0,0.1,0,0,zipf,0.3,1.5,2000,2,5.40047,58.854,185169,63525
C,20,2,0.95,web_server,0.8,0.1,0,0.1,0,0,zipf,0.8,2,2000,2,5.65819,58.875,176735,62502
C,15,3,0.3,web_server,0.8,0.1,0,0.1,0,0,uniform,0,0,2000,2,60.6211,608.167,16495.9,664184
C,15,3,0.3,web_server,0.8,0.1,0,0.1,0,0,zipf,0.3,1.5,2000,2,68.7455,615.083,14546.5,651815
C,15,3,0.3,web_server,0.8,0.1,0,0.1,0,0,zipf,0.8,2,2000,2,58.6204,633.688,17059,648281
C,15,3,0.6,web_server,0.8,0.1,0,0.1,0,0,uniform,0,0,2000,2,64.2723,633.479,15559.1,664277
C,15,3,0.6,web_server,0.8,0.1,0,0.1,0,0,zipf,0.3,1.5,2000,2,64.7829,625.75,15436.2,652466
C,15,3,0.6,web_server,0.8,0.1,0,0.1,0,0,zipf,0.8,2,2000,2,59.4138,623.583,16831.1,649397
C,15,3,0.95,web_server,0.8,0.1,0,0.1,0,0,uniform,0,0,2000,2,78.8017,773.458,12690.1,807938
C,15,3,0.95,web_server,0.8,0.1,0,0.1,0,0,zipf,0.3,1.5,2000,2,72.8597,766.208,13725.5,797150
C,15,3,0.95,web_server,0.8,0.1,0,0.1,0,0,zipf,0.8,2,2000,2,70.3887,759.958,14207,792965
C,2,30,0.3,web_server,0.8,0.1,0,0.1,0,0,uniform,0,0,2000,2,0.754788,8.166,1.32492e+06,32541
C,2,30,0.3,web_server,0.8,0.1,0,0.1,0,0,zipf,0.3,1.5,2000,2,0.731693,8.208,1.36669e+06,27054
C,2,30,0.3,web_server,0.8,0.1,0,0.1,0,0,zipf,0.8,2,2000,2,0.755605,7.292,1.32344e+06,26403
C,2,30,0.6,web_server,0.8,0.1,0,0.1,0,0,uniform,0,0,2000,2,1.41317,15.4375,707636,58131
C,2,30,0.6,web_server,0.8,0.1,0,0.1,0,0,zipf,0.3,1.5,2000,2,1.41098,16.4165,708801,51807
C,2,30,0.6,web_server,0.8,0.1,0,0.1,0,0,zipf,0.8,2,2000,2,1.5997,15.021,625116,49947
C,2,30,0.95,web_server,0.8,0.1,0,0.1,0,0,uniform,0,0,2000,2,1.76261,16.396,567341,62841
C,2,30,0.95,web_server,0.8,0.1,0,0.1,0,0,zipf,0.3,1.5,2000,2,1.712,16.2705,584111,54657
C,2,30,0.95,web_server,0.8,0.1,0,0.1,0,0,zipf,0.8,2,2000,2,1.56715,16.271,638103,52890
C,2,50,0.3,web_server,0.8,0.1,0,0.1,0,0,uniform,0,0,2000,2,2.30682,21,433498,76170
C,2,50,0.3,web_server,0.8,0.1,0,0.1,0,0,zipf,0.3,1.5,2000,2,1.90687,20.9165,524420,68544
C,2,50,0.3,web_server,0.8,0.1,0,0.1,0,0,zipf,0.8,2,2000,2,2.32001,20.9165,431034,65847
C,2,50,0.6,web_server,0.8,0.1,0,0.1,0,0,uniform,0,0,2000,2,4.28796,43.5,233224,141939
C,2,50,0.6,web_server,0.8,0.1,0,0.1,0,0,zipf,0.3,1.5,2000,2,4.36165,42.667,229271,131709
C,2,50,0.6,web_server,0.8,0.1,0,0.1,0,0,zipf,0.8,2,2000,2,4.61965,42.7085,216467,129198
C,2,50,0.95,web_server,0.8,0.1,0,0.1,0,0,uniform,0,0,2000,2,4.95596,44.9165,201778,146406
C,2,50,0.95,web_server,0.8,0.1,0,0.1,0,0,zipf,0.3,1.5,2000,2,4.1862,44.5205,238880,137478
C,2,50,0.95,web_server,0.8,0.1,0,0.1,0,0,zipf,0.8,2,2000,2,4.11079,44.396,243264,136455
C,3,30,0.3,web_server,0.8,0.1,0,0.1,0,0,uniform,0,0,2000,2,29.5874,340.625,33798.3,713901
C,3,30,0.3,web_server,0.8,0.1,0,0.1,0,0,zipf,0.3,1.5,2000,2,34.2865,338.438,29167,703485
C,3,30,0.3,web_server,0.8,0.1,0,0.1,0,0,zipf,0.8,2,2000,2,31.7004,338.313,31545.4,701439
C,3,30,0.6,web_server,0.8,0.1,0,0.1,0,0,uniform,0,0,2000,2,24.2706,240.479,41202.1,522987
C,3,30,0.6,web_server,0.8,0.1,0,0.1,0,0,zipf,0.3,1.5,2000,2,26.4544,247.541,37800.9,513222
C,3,30,0.6,web_server,0.8,0.1,0,0.1,0,0,zipf,0.8,2,2000,2,26.8123,247.041,37297.9,511548
C,3,30,0.95,web_server,0.8,0.1,0,0.1,0,0,uniform,0,0,2000,2,26.1946,242.958,38175.8,521034
C,3,30,0.95,web_server,0.8,0.1,0,0.1,0,0,zipf,0.3,1.5,2000,2,24.8546,241.583,40234.5,513501
C,3,30,0.95,web_server,0.8,0.1,0,0.1,0,0,zipf,0.8,2,2000,2,24.0148,243.688,41640.9,510897
C,3,50,0.3,web_server,0.8,0.1,0,0.1,0,0,uniform,0,0,2000,2,129.891,1252.15,7698.78,2752544
C,3,50,0.3,web_server,0.8,0.1,0,0.1,0,0,zipf,0.3,1.5,2000,2,120.2,1263.54,8319.55,2740454
C,3,50,0.3,web_server,0.8,0.1,0,0.1,0,0,zipf,0.8,2,2000,2,122.028,1241.65,8194.87,2738966
C,3,50,0.6,web_server,0.8,0.1,0,0.1,0,0,uniform,0,0,2000,2,126.808,1345.85,7885.96,3045783
C,3,50,0.6,web_server,0.8,0.1,0,0.1,0,0,zipf,0.3,1.5,2000,2,136.093,1382.23,7347.95,3035367
C,3,50,0.6,web_server,0.8,0.1,0,0.1,0,0,zipf,0.8,2,2000,2,121.639,1358.42,8221.07,3033042
C,3,50,0.95,web_server,0.8,0.1,0,0.1,0,0,uniform,0,0,2000,2,136.42,1264.75,7330.41,2703249
C,3,50,0.95,web_server,0.8,0.1,0,0.1,0,0,zipf,0.3,1.5,2000,2,117.978,1239.48,8476.2,2693391
C,3,50,0.95,web_server,0.8,0.1,0,0.1,0,0,zipf,0.8,2,2000,2,124.732,1243.81,8017.27,2692740