fs_type,D,W,F,profile_name,p_read,p_write,p_mkdir,p_ls,p_mv,p_find,distribution,locality,zipf_s,operations,repeats,avg_latency_us,p99_latency_us,throughput_ops_sec,memory_usage_bytes
B,2,5,0.3,backup,0.1,0.7,0,0,0.2,0,uniform,0,0,2000,2,0.297268,1.333,3.36739e+06,2376
B,2,5,0.3,backup,0.1,0.7,0,0,0.2,0,zipf,0.3,1.5,2000,2,0.254716,1,3.9261e+06,2360
B,2,5,0.3,backup,0.1,0.7,0,0,0.2,0,zipf,0.8,2,2000,2,0.19545,1.0625,5.28582e+06,2256
B,2,5,0.6,backup,0.1,0.7,0,0,0.2,0,uniform,0,0,2000,2,0.174199,0.771,5.74881e+06,4896
B,2,5,0.6,backup,0.1,0.7,0,0,0.2,0,zipf,0.3,1.5,2000,2,0.203814,0.771,4.91671e+06,4627
B,2,5,0.6,backup,0.1,0.7,0,0,0.2,0,zipf,0.8,2,2000,2,0.18968,0.7085,5.28024e+06,4848
B,2,5,0.95,backup,0.1,0.7,0,0,0.2,0,uniform,0,0,2000,2,0.359273,1.2705,2.83865e+06,7060
B,2,5,0.95,backup,0.1,0.7,0,0,0.2,0,zipf,0.3,1.5,2000,2,0.302954,1.146,3.30153e+06,7292
B,2,5,0.95,backup,0.1,0.7,0,0,0.2,0,zipf,0.8,2,2000,2,0.321114,1.146,3.11431e+06,7172
B,2,10,0.3,backup,0.1,0.7,0,0,0.2,0,uniform,0,0,2000,2,0.313565,1.229,3.18984e+06,8936
B,2,10,0.3,backup,0.1,0.7,0,0,0.2,0,zipf,0.3,1.5,2000,2,0.278154,1.146,3.59656e+06,8635
B,2,10,0.3,backup,0.1,0.7,0,0,0.2,0,zipf,0.8,2,2000,2,0.185546,0.8335,5.40103e+06,8531
B,2,10,0.6,backup,0.1,0.7,0,0,0.2,0,uniform,0,0,2000,2,0.201843,0.75,4.95562e+06,17460
B,2,10,0.6,backup,0.1,0.7,0,0,0.2,0,zipf,0.3,1.5,2000,2,0.175334,0.709,5.7043e+06,17084
B,2,10,0.6,backup,0.1,0.7,0,0,0.2,0,zipf,0.8,2,2000,2,0.189837,0.708,5.26794e+06,17007
B,2,10,0.95,backup,0.1,0.7,0,0,0.2,0,uniform,0,0,2000,2,0.188049,0.75,5.31806e+06,18976
B,2,10,0.95,backup,0.1,0.7,0,0,0.2,0,zipf,0.3,1.5,2000,2,0.198563,0.7295,5.03834e+06,18840
B,2,10,0.95,backup,0.1,0.7,0,0,0.2,0,zipf,0.8,2,2000,2,0.244034,1.0625,4.28052e+06,18499
B,2,15,0.3,backup,0.1,0.7,0,0,0.2,0,uniform,0,0,2000,2,0.164601,0.646,6.08592e+06,18772
B,2,15,0.3,backup,0.1,0.7,0,0,0.2,0,zipf,0.3,1.5,2000,2,0.214716,0.875,5.01805e+06,18244
B,2,15,0.3,backup,0.1,0.7,0,0,0.2,0,zipf,0.8,2,2000,2,0.141253,0.6045,7.08099e+06,17767
B,2,15,0.6,backup,0.1,0.7,0,0,0.2,0,uniform,0,0,2000,2,0.154065,0.625,6.49168e+06,32144
B,2,15,0.6,backup,0.1,0.7,0,0,0.2,0,zipf,0.3,1.5,2000,2,0.17641,0.6455,5.69845e+06,31403
B,2,15,0.6,backup,0.1,0.7,0,0,0.2,0,zipf,0.8,2,2000,2,0.163897,0.6045,6.10202e+06,29418
B,2,15,0.95,backup,0.1,0.7,0,0,0.2,0,uniform,0,0,2000,2,0.169951,0.625,5.88594e+06,32328
B,2,15,0.95,backup,0.1,0.7,0,0,0.2,0,zipf,0.3,1.5,2000,2,0.172729,0.625,5.78966e+06,31560
B,2,15,0.95,backup,0.1,0.7,0,0,0.2,0,zipf,0.8,2,2000,2,0.17247,0.6665,5.82949e+06,29394
B,5,5,0.3,backup,0.1,0.7,0,0,0.2,0,uniform,0,0,2000,2,0.265145,1.0205,3.77744e+06,95112
B,5,5,0.3,backup,0.1,0.7,0,0,0.2,0,zipf,0.3,1.5,2000,2,0.48727,1.7705,2.05286e+06,87962
B,5,5,0.3,backup,0.1,0.7,0,0,0.2,0,zipf,0.8,2,2000,2,0.474171,1.7295,2.10894e+06,83121
B,5,5,0.6,backup,0.1,0.7,0,0,0.2,0,uniform,0,0,2000,2,0.463428,1.75,2.15794e+06,94960
B,5,5,0.6,backup,0.1,0.7,0,0,0.2,0,zipf,0.3,1.5,2000,2,0.324739,1.1875,3.0795e+06,87602
B,5,5,0.6,backup,0.1,0.7,0,0,0.2,0,zipf,0.8,2,2000,2,0.307216,1.1875,3.2551e+06,82491
B,5,5,0.95,backup,0.1,0.7,0,0,0.2,0,uniform,0,0,2000,2,0.30592,1.146,3.26941e+06,95288
B,5,5,0.95,backup,0.1,0.7,0,0,0.2,0,zipf,0.3,1.5,2000,2,0.291813,1.125,3.4269e+06,88318
B,5,5,0.95,backup,0.1,0.7,0,0,0.2,0,zipf,0.8,2,2000,2,0.278458,1.1045,3.59125e+06,82307
B,5,10,0.3,backup,0.1,0.7,0,0,0.2,0,uniform,0,0,2000,2,0.497497,1.792,2.14652e+06,1796741
B,5,10,0.3,backup,0.1,0.7,0,0,0.2,0,zipf,0.3,1.5,2000,2,0.335305,1.2085,2.98291e+06,1710270
B,5,10,0.3,backup,0.1,0.7,0,0,0.2,0,zipf,0.8,2,2000,2,0.380474,1.6245,2.75165e+06,1694462
B,5,10,0.6,backup,0.1,0.7,0,0,0.2,0,uniform,0,0,2000,2,0.506803,2.083,2.08436e+06,1791859
B,5,10,0.6,backup,0.1,0.7,0,0,0.2,0,zipf,0.3,1.5,2000,2,0.297862,1.0835,3.35731e+06,1705590
B,5,10,0.6,backup,0.1,0.7,0,0,0.2,0,zipf,0.8,2,2000,2,0.367953,1.5205,2.92265e+06,1695517
B,5,10,0.95,backup,0.1,0.7,0,0,0.2,0,uniform,0,0,2000,2,0.366711,1.271,2.72767e+06,1795443
B,5,10,0.95,backup,0.1,0.7,0,0,0.2,0,zipf,0.3,1.5,2000,2,0.31769,1.2085,3.14847e+06,1706752
B,5,10,0.95,backup,0.1,0.7,0,0,0.2,0,zipf,0.8,2,2000,2,0.308898,1.125,3.23747e+06,1694993
B,5,15,0.3,backup,0.1,0.7,0,0,0.2,0,uniform,0,0,2000,2,0.7372,3.3335,1.38589e+06,15442965
B,5,15,0.3,backup,0.1,0.7,0,0,0.2,0,zipf,0.3,1.5,2000,2,0.508376,2.604,2.0757e+06,15340106
B,5,15,0.3,backup,0.1,0.7,0,0,0.2,0,zipf,0.8,2,2000,2,0.351158,1.875,2.85782e+06,15322500
B,5,15,0.6,backup,0.1,0.7,0,0,0.2,0,uniform,0,0,2000,2,0.579366,1.959,1.728e+06,15441054
B,5,15,0.6,backup,0.1,0.7,0,0,0.2,0,zipf,0.3,1.5,2000,2,0.489231,2.292,2.19369e+06,15336992
B,5,15,0.6,backup,0.1,0.7,0,0,0.2,0,zipf,0.8,2,2000,2,0.417825,2.104,2.56197e+06,15322045
B,5,15,0.95,backup,0.1,0.7,0,0,0.2,0,uniform,0,0,2000,2,0.595315,1.958,1.68007e+06,15441945
B,5,15,0.95,backup,0.1,0.7,0,0,0.2,0,zipf,0.3,1.5,2000,2,0.392781,1.7915,2.5535e+06,15335323
B,5,15,0.95,backup,0.1,0.7,0,0,0.2,0,zipf,0.8,2,2000,2,0.302191,1.5,3.31988e+06,15321818
B,10,5,0.3,backup,0.1,0.7,0,0,0.2,0,uniform,0,0,2000,2,0.73866,2.6045,1.35965e+06,9094004
B,10,5,0.3,backup,0.1,0.7,0,0,0.2,0,zipf,0.3,1.5,2000,2,0.642704,3.417,1.62041e+06,8984700
B,10,5,0.3,backup,0.1,0.7,0,0,0.2,0,zipf,0.8,2,2000,2,0.467414,2.9795,2.13968e+06,8970846
B,10,5,0.6,backup,0.1,0.7,0,0,0.2,0,uniform,0,0,2000,2,1.18865,4.021,946684,9097417
B,10,5,0.6,backup,0.1,0.7,0,0,0.2,0,zipf,0.3,1.5,2000,2,0.61203,4.3955,1.63715e+06,8986280
B,10,5,0.6,backup,0.1,0.7,0,0,0.2,0,zipf,0.8,2,2000,2,0.496898,3.25,2.06759e+06,8969565
B,10,5,0.95,backup,0.1,0.7,0,0,0.2,0,uniform,0,0,2000,2,0.815457,2.7915,1.22634e+06,9092834
B,10,5,0.95,backup,0.1,0.7,0,0,0.2,0,zipf,0.3,1.5,2000,2,0.520149,2.896,1.92551e+06,8987599
B,10,5,0.95,backup,0.1,0.7,0,0,0.2,0,zipf,0.8,2,2000,2,0.397374,2.1455,2.51896e+06,8970573
B,10,10,0.3,backup,0.1,0.7,0,0,0.2,0,uniform,0,0,2000,2,15.8973,159.104,75755.6,832739858
B,10,10,0.3,backup,0.1,0.7,0,0,0.2,0,zipf,0.3,1.5,2000,2,1.60904,16.334,622436,832627573
B,10,10,0.3,backup,0.1,0.7,0,0,0.2,0,zipf,0.8,2,2000,2,2.15317,30.3125,803685,832612189
B,10,10,0.6,backup,0.1,0.7,0,0,0.2,0,uniform,0,0,2000,2,8.79221,81.521,116662,823112140
B,10,10,0.6,backup,0.1,0.7,0,0,0.2,0,zipf,0.3,1.5,2000,2,1.76541,18.8335,599589,823001031
B,10,10,0.6,backup,0.1,0.7,0,0,0.2,0,zipf,0.8,2,2000,2,0.859164,8.0835,1.18901e+06,822983532
B,10,10,0.95,backup,0.1,0.7,0,0,0.2,0,uniform,0,0,2000,2,6.13386,26.6875,164007,824320216
B,10,10,0.95,backup,0.1,0.7,0,0,0.2,0,zipf,0.3,1.5,2000,2,2.83704,42.0835,509568,824207208
B,10,10,0.95,backup,0.1,0.7,0,0,0.2,0,zipf,0.8,2,2000,2,1.07012,16.1455,992892,824188124
B,10,15,0.3,backup,0.1,0.7,0,0,0.2,0,uniform,0,0,2000,2,14.4097,88.1875,80725.2,813596844
B,10,15,0.3,backup,0.1,0.7,0,0,0.2,0,zipf,0.3,1.5,2000,2,4.94083,71.1665,382551,813482324
B,10,15,0.3,backup,0.1,0.7,0,0,0.2,0,zipf,0.8,2,2000,2,0.686246,5.6245,1.46498e+06,813467171
B,10,15,0.6,backup,0.1,0.7,0,0,0.2,0,uniform,0,0,2000,2,6.84283,27.9375,156148,810931893
B,10,15,0.6,backup,0.1,0.7,0,0,0.2,0,zipf,0.3,1.5,2000,2,2.43011,22.0415,454450,810821433
B,10,15,0.6,backup,0.1,0.7,0,0,0.2,0,zipf,0.8,2,2000,2,1.36653,26.5,897160,810803407
B,10,15,0.95,backup,0.1,0.7,0,0,0.2,0,uniform,0,0,2000,2,16.4464,161.959,60862.4,818677364
B,10,15,0.95,backup,0.1,0.7,0,0,0.2,0,zipf,0.3,1.5,2000,2,3.58114,56.3335,279256,818567803
B,10,15,0.95,backup,0.1,0.7,0,0,0.2,0,zipf,0.8,2,2000,2,1.12399,16.354,889794,818550691
B,10,2,0.3,backup,0.1,0.7,0,0,0.2,0,uniform,0,0,2000,2,0.519947,2.167,1.92629e+06,19032
B,10,2,0.3,backup,0.1,0.7,0,0,0.2,0,zipf,0.3,1.5,2000,2,0.488659,2.042,2.04643e+06,18747
B,10,2,0.3,backup,0.1,0.7,0,0,0.2,0,zipf,0.8,2,2000,2,0.480744,2.104,2.08012e+06,18249
B,10,2,0.6,backup,0.1,0.7,0,0,0.2,0,uniform,0,0,2000,2,0.411106,1.896,2.47564e+06,18800
B,10,2,0.6,backup,0.1,0.7,0,0,0.2,0,zipf,0.3,1.5,2000,2,0.315739,1.354,3.1672e+06,18723
B,10,2,0.6,backup,0.1,0.7,0,0,0.2,0,zipf,0.8,2,2000,2,0.33033,1.3545,3.02789e+06,18515
B,10,2,0.95,backup,0.1,0.7,0,0,0.2,0,uniform,0,0,2000,2,0.344272,1.417,2.91236e+06,19016
B,10,2,0.95,backup,0.1,0.7,0,0,0.2,0,zipf,0.3,1.5,2000,2,0.30269,1.271,3.30396e+06,18752
B,10,2,0.95,backup,0.1,0.7,0,0,0.2,0,zipf,0.8,2,2000,2,0.292447,1.25,3.41949e+06,18103
B,15,2,0.3,backup,0.1,0.7,0,0,0.2,0,uniform,0,0,2000,2,0.452411,1.688,2.24638e+06,72128
B,15,2,0.3,backup,0.1,0.7,0,0,0.2,0,zipf,0.3,1.5,2000,2,0.425963,1.646,2.3481e+06,68437
B,15,2,0.3,backup,0.1,0.7,0,0,0.2,0,zipf,0.8,2,2000,2,0.422243,1.625,2.38012e+06,64545
B,15,2,0.6,backup,0.1,0.7,0,0,0.2,0,uniform,0,0,2000,2,0.428391,1.646,2.33482e+06,71744
B,15,2,0.6,backup,0.1,0.7,0,0,0.2,0,zipf,0.3,1.5,2000,2,0.388084,1.563,2.57685e+06,68715
B,15,2,0.6,backup,0.1,0.7,0,0,0.2,0,zipf,0.8,2,2000,2,0.563409,3.292,1.81887e+06,64519
B,15,2,0.95,backup,0.1,0.7,0,0,0.2,0,uniform,0,0,2000,2,0.795204,6.0625,1.28271e+06,71744
B,15,2,0.95,backup,0.1,0.7,0,0,0.2,0,zipf,0.3,1.5,2000,2,0.608976,2.6045,1.64537e+06,68520
B,15,2,0.95,backup,0.1,0.7,0,0,0.2,0,zipf,0.8,2,2000,2,0.42526,1.667,2.3517e+06,65237
B,20,2,0.3,backup,0.1,0.7,0,0,0.2,0,uniform,0,0,2000,2,0.504092,2.1665,1.98422e+06,61992
B,20,2,0.3,backup,0.1,0.7,0,0,0.2,0,zipf,0.3,1.5,2000,2,0.538543,2.104,1.85719e+06,60593
B,20,2,0.3,backup,0.1,0.7,0,0,0.2,0,zipf,0.8,2,2000,2,0.729773,3.2915,1.38516e+06,56604
B,20,2,0.6,backup,0.1,0.7,0,0,0.2,0,uniform,0,0,2000,2,0.718677,3.042,1.39163e+06,61440
B,20,2,0.6,backup,0.1,0.7,0,0,0.2,0,zipf,0.3,1.5,2000,2,0.678023,2.8125,1.50285e+06,61739
B,20,2,0.6,backup,0.1,0.7,0,0,0.2,0,zipf,0.8,2,2000,2,0.471435,1.9165,2.12289e+06,56526
B,20,2,0.95,backup,0.1,0.7,0,0,0.2,0,uniform,0,0,2000,2,0.447457,1.875,2.23531e+06,62544
B,20,2,0.95,backup,0.1,0.7,0,0,0.2,0,zipf,0.3,1.5,2000,2,0.541845,2.0415,1.84658e+06,60432
B,20,2,0.95,backup,0.1,0.7,0,0,0.2,0,zipf,0.8,2,2000,2,0.479274,1.9795,2.08662e+06,56360
B,15,3,0.3,backup,0.1,0.7,0,0,0.2,0,uniform,0,0,2000,2,0.734293,2.7085,1.36368e+06,2363791
B,15,3,0.3,backup,0.1,0.7,0,0,0.2,0,zipf,0.3,1.5,2000,2,0.567677,2.25,1.76238e+06,2267737
B,15,3,0.3,backup,0.1,0.7,0,0,0.2,0,zipf,0.8,2,2000,2,0.526418,2.208,1.90047e+06,2253393
B,15,3,0.6,backup,0.1,0.7,0,0,0.2,0,uniform,0,0,2000,2,0.806229,3.4585,1.25825e+06,2362514
B,15,3,0.6,backup,0.1,0.7,0,0,0.2,0,zipf,0.3,1.5,2000,2,0.550904,2.229,1.81711e+06,2267292
B,15,3,0.6,backup,0.1,0.7,0,0,0.2,0,zipf,0.8,2,2000,2,0.517954,2.146,1.93079e+06,2253749
B,15,3,0.95,backup,0.1,0.7,0,0,0.2,0,uniform,0,0,2000,2,0.694815,2.625,1.44018e+06,2360819
B,15,3,0.95,backup,0.1,0.7,0,0,0.2,0,zipf,0.3,1.5,2000,2,0.578436,2.417,1.73088e+06,2267873
B,15,3,0.95,backup,0.1,0.7,0,0,0.2,0,zipf,0.8,2,2000,2,0.573082,2.417,1.74811e+06,2253190
B,2,30,0.3,backup,0.1,0.7,0,0,0.2,0,uniform,0,0,2000,2,0.213918,0.854,4.67756e+06,73936
B,2,30,0.3,backup,0.1,0.7,0,0,0.2,0,zipf,0.3,1.5,2000,2,0.211693,0.771,4.72422e+06,69364
B,2,30,0.3,backup,0.1,0.7,0,0,0.2,0,zipf,0.8,2,2000,2,0.196985,0.75,5.07724e+06,64823
B,2,30,0.6,backup,0.1,0.7,0,0,0.2,0,uniform,0,0,2000,2,0.206865,0.8125,4.83585e+06,125672
B,2,30,0.6,backup,0.1,0.7,0,0,0.2,0,zipf,0.3,1.5,2000,2,0.212597,0.792,4.70414e+06,113243
B,2,30,0.6,backup,0.1,0.7,0,0,0.2,0,zipf,0.8,2,2000,2,0.214417,0.75,4.66398e+06,108736
B,2,30,0.95,backup,0.1,0.7,0,0,0.2,0,uniform,0,0,2000,2,0.209682,0.8125,4.76959e+06,125507
B,2,30,0.95,backup,0.1,0.7,0,0,0.2,0,zipf,0.3,1.5,2000,2,0.214405,0.7705,4.66427e+06,113812
B,2,30,0.95,backup,0.1,0.7,0,0,0.2,0,zipf,0.8,2,2000,2,0.218537,0.7915,4.57669e+06,107903
B,2,50,0.3,backup,0.1,0.7,0,0,0.2,0,uniform,0,0,2000,2,0.234264,0.8955,4.26933e+06,196610
B,2,50,0.3,backup,0.1,0.7,0,0,0.2,0,zipf,0.3,1.5,2000,2,0.238999,0.875,4.18467e+06,171176
B,2,50,0.3,backup,0.1,0.7,0,0,0.2,0,zipf,0.8,2,2000,2,0.201941,0.8125,4.95243e+06,161548
B,2,50,0.6,backup,0.1,0.7,0,0,0.2,0,uniform,0,0,2000,2,0.232808,0.8125,4.29773e+06,289044
B,2,50,0.6,backup,0.1,0.7,0,0,0.2,0,zipf,0.3,1.5,2000,2,0.225737,0.8335,4.43037e+06,249748
B,2,50,0.6,backup,0.1,0.7,0,0,0.2,0,zipf,0.8,2,2000,2,0.227416,0.854,4.39809e+06,240355
B,2,50,0.95,backup,0.1,0.7,0,0,0.2,0,uniform,0,0,2000,2,0.235977,0.854,4.23937e+06,289410
B,2,50,0.95,backup,0.1,0.7,0,0,0.2,0,zipf,0.3,1.5,2000,2,0.226221,0.8335,4.42126e+06,250308
B,2,50,0.95,backup,0.1,0.7,0,0,0.2,0,zipf,0.8,2,2000,2,0.223245,0.813,4.4802e+06,240664
B,3,30,0.3,backup,0.1,0.7,0,0,0.2,0,uniform,0,0,2000,2,0.374445,1.2915,2.72611e+06,1677347
B,3,30,0.3,backup,0.1,0.7,0,0,0.2,0,zipf,0.3,1.5,2000,2,0.483098,1.875,2.07072e+06,1590463
B,3,30,0.3,backup,0.1,0.7,0,0,0.2,0,zipf,0.8,2,2000,2,0.262718,1.063,3.81407e+06,1576789
B,3,30,0.6,backup,0.1,0.7,0,0,0.2,0,uniform,0,0,2000,2,0.542206,2.021,1.93258e+06,1677202
B,3,30,0.6,backup,0.1,0.7,0,0,0.2,0,zipf,0.3,1.5,2000,2,0.293278,1.2085,3.41567e+06,1592274
B,3,30,0.6,backup,0.1,0.7,0,0,0.2,0,zipf,0.8,2,2000,2,0.267014,1,3.74513e+06,1576266
B,3,30,0.95,backup,0.1,0.7,0,0,0.2,0,uniform,0,0,2000,2,0.353549,1.2705,2.8434e+06,1678583
B,3,30,0.95,backup,0.1,0.7,0,0,0.2,0,zipf,0.3,1.5,2000,2,0.291245,1.083,3.43772e+06,1590896
B,3,30,0.95,backup,0.1,0.7,0,0,0.2,0,zipf,0.8,2,2000,2,0.266687,0.959,3.75002e+06,1573632
B,3,50,0.3,backup,0.1,0.7,0,0,0.2,0,uniform,0,0,2000,2,0.503984,1.6665,1.98619e+06,6982634
B,3,50,0.3,backup,0.1,0.7,0,0,0.2,0,zipf,0.3,1.5,2000,2,0.372091,1.875,2.68769e+06,6880510
B,3,50,0.3,backup,0.1,0.7,0,0,0.2,0,zipf,0.8,2,2000,2,0.41782,2.021,2.50472e+06,6867781
B,3,50,0.6,backup,0.1,0.7,0,0,0.2,0,uniform,0,0,2000,2,0.715052,2.4375,1.46205e+06,6981251
B,3,50,0.6,backup,0.1,0.7,0,0,0.2,0,zipf,0.3,1.5,2000,2,0.467252,2.1455,2.30945e+06,6883556
B,3,50,0.6,backup,0.1,0.7,0,0,0.2,0,zipf,0.8,2,2000,2,0.358058,1.625,2.90286e+06,6868224
B,3,50,0.95,backup,0.1,0.7,0,0,0.2,0,uniform,0,0,2000,2,0.660289,2.5625,1.53923e+06,6983832
B,3,50,0.95,backup,0.1,0.7,0,0,0.2,0,zipf,0.3,1.5,2000,2,0.425568,1.8125,2.40486e+06,6883180
B,3,50,0.95,backup,0.1,0.7,0,0,0.2,0,zipf,0.8,2,2000,2,0.364934,1.8125,2.87807e+06,6867978
B,2,5,0.3,build_system,0.5,0.25,0.1,0.05,0.05,0.05,uniform,0,0,2000,2,3.92066,99.1455,256384,41772
B,2,5,0.3,build_system,0.5,0.25,0.1,0.05,0.05,0.05,zipf,0.3,1.5,2000,2,2.74939,77.5835,363769,39132
B,2,5,0.3,build_system,0.5,0.25,0.1,0.05,0.05,0.05,zipf,0.8,2,2000,2,3.46345,117.395,288998,38892
B,2,5,0.6,build_system,0.5,0.25,0.1,0.05,0.05,0.05,uniform,0,0,2000,2,2.03578,43.8545,491584,42556
B,2,5,0.6,build_system,0.5,0.25,0.1,0.05,0.05,0.05,zipf,0.3,1.5,2000,2,3.35585,103.812,298373,48924
B,2,5,0.6,build_system,0.5,0.25,0.1,0.05,0.05,0.05,zipf,0.8,2,2000,2,2.81802,73.9585,354875,44812
B,2,5,0.95,build_system,0.5,0.25,0.1,0.05,0.05,0.05,uniform,0,0,2000,2,2.27901,56.6875,438792,47920
B,2,5,0.95,build_system,0.5,0.25,0.1,0.05,0.05,0.05,zipf,0.3,1.5,2000,2,2.73101,74.3545,366193,51392
B,2,5,0.95,build_system,0.5,0.25,0.1,0.05,0.05,0.05,zipf,0.8,2,2000,2,3.62511,101.999,276985,46448
B,2,10,0.3,build_system,0.5,0.25,0.1,0.05,0.05,0.05,uniform,0,0,2000,2,1.93137,28.604,518620,46108
B,2,10,0.3,build_system,0.5,0.25,0.1,0.05,0.05,0.05,zipf,0.3,1.5,2000,2,1.76865,51.9165,566817,46476
B,2,10,0.3,build_system,0.5,0.25,0.1,0.05,0.05,0.05,zipf,0.8,2,2000,2,2.67564,85.563,373897,51692
B,2,10,0.6,build_system,0.5,0.25,0.1,0.05,0.05,0.05,uniform,0,0,2000,2,1.49609,25.3125,668703,58056
B,2,10,0.6,build_system,0.5,0.25,0.1,0.05,0.05,0.05,zipf,0.3,1.5,2000,2,2.51995,83.771,398717,57246
B,2,10,0.6,build_system,0.5,0.25,0.1,0.05,0.05,0.05,zipf,0.8,2,2000,2,3.01267,76.875,331955,55453
B,2,10,0.95,build_system,0.5,0.25,0.1,0.05,0.05,0.05,uniform,0,0,2000,2,1.4962,28.5835,668861,57188
B,2,10,0.95,build_system,0.5,0.25,0.1,0.05,0.05,0.05,zipf,0.3,1.5,2000,2,2.39929,71.625,416898,55935
B,2,10,0.95,build_system,0.5,0.25,0.1,0.05,0.05,0.05,zipf,0.8,2,2000,2,2.52446,68.0205,396192,55374
B,2,15,0.3,build_system,0.5,0.25,0.1,0.05,0.05,0.05,uniform,0,0,2000,2,1.71433,39.1045,584156,57032
B,2,15,0.3,build_system,0.5,0.25,0.1,0.05,0.05,0.05,zipf,0.3,1.5,2000,2,3.30207,80.5,310528,59182
B,2,15,0.3,build_system,0.5,0.25,0.1,0.05,0.05,0.05,zipf,0.8,2,2000,2,3.60668,114.209,277282,63889
B,2,15,0.6,build_system,0.5,0.25,0.1,0.05,0.05,0.05,uniform,0,0,2000,2,0.783586,12.375,1.27656e+06,68664
B,2,15,0.6,build_system,0.5,0.25,0.1,0.05,0.05,0.05,zipf,0.3,1.5,2000,2,2.48735,97.1665,403127,62817
B,2,15,0.6,build_system,0.5,0.25,0.1,0.05,0.05,0.05,zipf,0.8,2,2000,2,2.53734,76.354,394129,62544
B,2,15,0.95,build_system,0.5,0.25,0.1,0.05,0.05,0.05,uniform,0,0,2000,2,0.992734,10.188,1.00803e+06,72552
B,2,15,0.95,build_system,0.5,0.25,0.1,0.05,0.05,0.05,zipf,0.3,1.5,2000,2,1.56448,35.979,639190,73111
B,2,15,0.95,build_system,0.5,0.25,0.1,0.05,0.05,0.05,zipf,0.8,2,2000,2,1.82451,64.1875,548204,70054
B,5,5,0.3,build_system,0.5,0.25,0.1,0.05,0.05,0.05,uniform,0,0,2000,2,1.92916,25.5835,518364,154415
B,5,5,0.3,build_system,0.5,0.25,0.1,0.05,0.05,0.05,zipf,0.3,1.5,2000,2,2.70975,77.542,372646,146527
B,5,5,0.3,build_system,0.5,0.25,0.1,0.05,0.05,0.05,zipf,0.8,2,2000,2,3.97155,126.062,251794,142240
B,5,5,0.6,build_system,0.5,0.25,0.1,0.05,0.05,0.05,uniform,0,0,2000,2,1.65975,36.1455,603716,150817
B,5,5,0.6,build_system,0.5,0.25,0.1,0.05,0.05,0.05,zipf,0.3,1.5,2000,2,2.59758,67.625,385044,147416
B,5,5,0.6,build_system,0.5,0.25,0.1,0.05,0.05,0.05,zipf,0.8,2,2000,2,3.43543,104.834,291089,145658
B,5,5,0.95,build_system,0.5,0.25,0.1,0.05,0.05,0.05,uniform,0,0,2000,2,1.85606,17.6875,545520,153058
B,5,5,0.95,build_system,0.5,0.25,0.1,0.05,0.05,0.05,zipf,0.3,1.5,2000,2,2.93323,82.0205,340967,145134
B,5,5,0.95,build_system,0.5,0.25,0.1,0.05,0.05,0.05,zipf,0.8,2,2000,2,4.44321,127.916,229496,143693
B,5,10,0.3,build_system,0.5,0.25,0.1,0.05,0.05,0.05,uniform,0,0,2000,2,1.51818,9.896,659235,2657719
B,5,10,0.3,build_system,0.5,0.25,0.1,0.05,0.05,0.05,zipf,0.3,1.5,2000,2,1.80368,42.1045,554429,2626853
B,5,10,0.3,build_system,0.5,0.25,0.1,0.05,0.05,0.05,zipf,0.8,2,2000,2,2.07825,52,481179,2625677
B,5,10,0.6,build_system,0.5,0.25,0.1,0.05,0.05,0.05,uniform,0,0,2000,2,1.41799,20.666,705249,2656664
B,5,10,0.6,build_system,0.5,0.25,0.1,0.05,0.05,0.05,zipf,0.3,1.5,2000,2,2.30021,50.771,435093,2628113
B,5,10,0.6,build_system,0.5,0.25,0.1,0.05,0.05,0.05,zipf,0.8,2,2000,2,2.31305,54.062,432752,2621273
B,5,10,0.95,build_system,0.5,0.25,0.1,0.05,0.05,0.05,uniform,0,0,2000,2,1.87444,26,539666,2657735
B,5,10,0.95,build_system,0.5,0.25,0.1,0.05,0.05,0.05,zipf,0.3,1.5,2000,2,1.64292,31.3335,608732,2624457
B,5,10,0.95,build_system,0.5,0.25,0.1,0.05,0.05,0.05,zipf,0.8,2,2000,2,3.34572,86.3125,303243,2629162
B,5,15,0.3,build_system,0.5,0.25,0.1,0.05,0.05,0.05,uniform,0,0,2000,2,2.64162,6.042,378584,14025159
B,5,15,0.3,build_system,0.5,0.25,0.1,0.05,0.05,0.05,zipf,0.3,1.5,2000,2,2.63927,62.3125,379443,13995840
B,5,15,0.3,build_system,0.5,0.25,0.1,0.05,0.05,0.05,zipf,0.8,2,2000,2,1.81001,41.4585,552489,13993120
B,5,15,0.6,build_system,0.5,0.25,0.1,0.05,0.05,0.05,uniform,0,0,2000,2,1.49095,5.729,674583,13316434
B,5,15,0.6,build_system,0.5,0.25,0.1,0.05,0.05,0.05,zipf,0.3,1.5,2000,2,3.52438,75.25,284940,13288455
B,5,15,0.6,build_system,0.5,0.25,0.1,0.05,0.05,0.05,zipf,0.8,2,2000,2,2.9436,87.875,345287,13282401
B,5,15,0.95,build_system,0.5,0.25,0.1,0.05,0.05,0.05,uniform,0,0,2000,2,2.22664,20.708,467225,13318748
B,5,15,0.95,build_system,0.5,0.25,0.1,0.05,0.05,0.05,zipf,0.3,1.5,2000,2,4.14688,88.167,258416,13279197
B,5,15,0.95,build_system,0.5,0.25,0.1,0.05,0.05,0.05,zipf,0.8,2,2000,2,2.0272,61.354,496909,13282688
B,10,5,0.3,build_system,0.5,0.25,0.1,0.05,0.05,0.05,uniform,0,0,2000,2,3.50797,21.292,289191,14717954
B,10,5,0.3,build_system,0.5,0.25,0.1,0.05,0.05,0.05,zipf,0.3,1.5,2000,2,4.09746,127.354,250210,14675589
B,10,5,0.3,build_system,0.5,0.25,0.1,0.05,0.05,0.05,zipf,0.8,2,2000,2,4.11446,99.5415,245194,14664093
B,10,5,0.6,build_system,0.5,0.25,0.1,0.05,0.05,0.05,uniform,0,0,2000,2,3.13109,27.479,320110,11735476
B,10,5,0.6,build_system,0.5,0.25,0.1,0.05,0.05,0.05,zipf,0.3,1.5,2000,2,5.96916,236.25,168574,11693340
B,10,5,0.6,build_system,0.5,0.25,0.1,0.05,0.05,0.05,zipf,0.8,2,2000,2,4.19256,142.062,238518,11698040
B,10,5,0.95,build_system,0.5,0.25,0.1,0.05,0.05,0.05,uniform,0,0,2000,2,4.35964,20.2705,261215,11738836
B,10,5,0.95,build_system,0.5,0.25,0.1,0.05,0.05,0.05,zipf,0.3,1.5,2000,2,4.94425,221.229,203339,11697778
B,10,5,0.95,build_system,0.5,0.25,0.1,0.05,0.05,0.05,zipf,0.8,2,2000,2,4.89352,161.354,207550,11689055
B,10,10,0.3,build_system,0.5,0.25,0.1,0.05,0.05,0.05,uniform,0,0,2000,2,46.6535,360.334,34406.1,827802037
B,10,10,0.3,build_system,0.5,0.25,0.1,0.05,0.05,0.05,zipf,0.3,1.5,2000,2,14.4527,203.791,98761.9,827765925
B,10,10,0.3,build_system,0.5,0.25,0.1,0.05,0.05,0.05,zipf,0.8,2,2000,2,4.92784,83.4165,224284,827758519
B,10,10,0.6,build_system,0.5,0.25,0.1,0.05,0.05,0.05,uniform,0,0,2000,2,37.5752,301.479,39423.3,821933282
B,10,10,0.6,build_system,0.5,0.25,0.1,0.05,0.05,0.05,zipf,0.3,1.5,2000,2,4.70895,69.9995,217872,821903004
B,10,10,0.6,build_system,0.5,0.25,0.1,0.05,0.05,0.05,zipf,0.8,2,2000,2,8.64423,147.291,118991,821894992
B,10,10,0.95,build_system,0.5,0.25,0.1,0.05,0.05,0.05,uniform,0,0,2000,2,74.3912,860.187,25785.5,824691489
B,10,10,0.95,build_system,0.5,0.25,0.1,0.05,0.05,0.05,zipf,0.3,1.5,2000,2,11.9028,171.334,100803,824659150
B,10,10,0.95,build_system,0.5,0.25,0.1,0.05,0.05,0.05,zipf,0.8,2,2000,2,5.13731,84.104,200024,824655938
B,10,15,0.3,build_system,0.5,0.25,0.1,0.05,0.05,0.05,uniform,0,0,2000,2,18.4433,191.542,55580.4,814063941
B,10,15,0.3,build_system,0.5,0.25,0.1,0.05,0.05,0.05,zipf,0.3,1.5,2000,2,21.3256,441.583,57433.6,814025381
B,10,15,0.3,build_system,0.5,0.25,0.1,0.05,0.05,0.05,zipf,0.8,2,2000,2,11.6182,101.521,104947,814014583
B,10,15,0.6,build_system,0.5,0.25,0.1,0.05,0.05,0.05,uniform,0,0,2000,2,32.347,328.396,51550.1,814102711
B,10,15,0.6,build_system,0.5,0.25,0.1,0.05,0.05,0.05,zipf,0.3,1.5,2000,2,4.2726,63.125,303499,814062687
B,10,15,0.6,build_system,0.5,0.25,0.1,0.05,0.05,0.05,zipf,0.8,2,2000,2,4.98774,39.917,207600,814056214
B,10,15,0.95,build_system,0.5,0.25,0.1,0.05,0.05,0.05,uniform,0,0,2000,2,22.7241,187.146,45500.5,812198688
B,10,15,0.95,build_system,0.5,0.25,0.1,0.05,0.05,0.05,zipf,0.3,1.5,2000,2,9.41991,120.188,106509,812160019
B,10,15,0.95,build_system,0.5,0.25,0.1,0.05,0.05,0.05,zipf,0.8,2,2000,2,3.27954,66.146,315939,812150010
B,10,2,0.3,build_system,0.5,0.25,0.1,0.05,0.05,0.05,uniform,0,0,2000,2,3.48173,88.8535,287425,74112
B,10,2,0.3,build_system,0.5,0.25,0.1,0.05,0.05,0.05,zipf,0.3,1.5,2000,2,3.79551,131.771,264617,74110
B,10,2,0.3,build_system,0.5,0.25,0.1,0.05,0.05,0.05,zipf,0.8,2,2000,2,3.10935,109.229,329993,73445
B,10,2,0.6,build_system,0.5,0.25,0.1,0.05,0.05,0.05,uniform,0,0,2000,2,2.99234,64.7705,346925,77896
B,10,2,0.6,build_system,0.5,0.25,0.1,0.05,0.05,0.05,zipf,0.3,1.5,2000,2,3.34636,111.916,302091,74667
B,10,2,0.6,build_system,0.5,0.25,0.1,0.05,0.05,0.05,zipf,0.8,2,2000,2,4.57139,126.583,220213,70758
B,10,2,0.95,build_system,0.5,0.25,0.1,0.05,0.05,0.05,uniform,0,0,2000,2,3.55257,86.9585,281626,76160
B,10,2,0.95,build_system,0.5,0.25,0.1,0.05,0.05,0.05,zipf,0.3,1.5,2000,2,2.71149,95.8125,369698,71313
B,10,2,0.95,build_system,0.5,0.25,0.1,0.05,0.05,0.05,zipf,0.8,2,2000,2,2.8821,93.896,360983,79988
B,15,2,0.3,build_system,0.5,0.25,0.1,0.05,0.05,0.05,uniform,0,0,2000,2,5.15093,147.271,194382,79884
B,15,2,0.3,build_system,0.5,0.25,0.1,0.05,0.05,0.05,zipf,0.3,1.5,2000,2,4.11496,128.146,255458,79307
B,15,2,0.3,build_system,0.5,0.25,0.1,0.05,0.05,0.05,zipf,0.8,2,2000,2,2.81077,83.6875,357689,79095
B,15,2,0.6,build_system,0.5,0.25,0.1,0.05,0.05,0.05,uniform,0,0,2000,2,4.63499,118.228,215847,80380
B,15,2,0.6,build_system,0.5,0.25,0.1,0.05,0.05,0.05,zipf,0.3,1.5,2000,2,5.74216,178.73,175230,79324
B,15,2,0.6,build_system,0.5,0.25,0.1,0.05,0.05,0.05,zipf,0.8,2,2000,2,4.46808,130.625,238076,81113
B,15,2,0.95,build_system,0.5,0.25,0.1,0.05,0.05,0.05,uniform,0,0,2000,2,4.17565,127.77,241579,80300
B,15,2,0.95,build_system,0.5,0.25,0.1,0.05,0.05,0.05,zipf,0.3,1.5,2000,2,4.42254,146.396,226262,77197
B,15,2,0.95,build_system,0.5,0.25,0.1,0.05,0.05,0.05,zipf,0.8,2,2000,2,3.80217,110.75,280392,79897
B,20,2,0.3,build_system,0.5,0.25,0.1,0.05,0.05,0.05,uniform,0,0,2000,2,4.22334,110.312,237264,85016
B,20,2,0.3,build_system,0.5,0.25,0.1,0.05,0.05,0.05,zipf,0.3,1.5,2000,2,3.35183,98.1665,305125,84105
B,20,2,0.3,build_system,0.5,0.25,0.1,0.05,0.05,0.05,zipf,0.8,2,2000,2,2.39386,82.063,418193,76789
B,20,2,0.6,build_system,0.5,0.25,0.1,0.05,0.05,0.05,uniform,0,0,2000,2,4.08582,175.48,253138,91008
B,20,2,0.6,build_system,0.5,0.25,0.1,0.05,0.05,0.05,zipf,0.3,1.5,2000,2,2.77475,64.542,361453,81203
B,20,2,0.6,build_system,0.5,0.25,0.1,0.05,0.05,0.05,zipf,0.8,2,2000,2,2.91942,85.625,354172,86620
B,20,2,0.95,build_system,0.5,0.25,0.1,0.05,0.05,0.05,uniform,0,0,2000,2,3.0109,75.0205,346693,85888
B,20,2,0.95,build_system,0.5,0.25,0.1,0.05,0.05,0.05,zipf,0.3,1.5,2000,2,3.21606,89.542,311776,83704
B,20,2,0.95,build_system,0.5,0.25,0.1,0.05,0.05,0.05,zipf,0.8,2,2000,2,4.69192,175.979,217092,86417
B,15,3,0.3,build_system,0.5,0.25,0.1,0.05,0.05,0.05,uniform,0,0,2000,2,3.83412,53.875,274680,222249
B,15,3,0.3,build_system,0.5,0.25,0.1,0.05,0.05,0.05,zipf,0.3,1.5,2000,2,7.36857,281.833,135969,209953
B,15,3,0.3,build_system,0.5,0.25,0.1,0.05,0.05,0.05,zipf,0.8,2,2000,2,6.42149,205.854,155982,207713
B,15,3,0.6,build_system,0.5,0.25,0.1,0.05,0.05,0.05,uniform,0,0,2000,2,3.01489,40.354,331839,219299
B,15,3,0.6,build_system,0.5,0.25,0.1,0.05,0.05,0.05,zipf,0.3,1.5,2000,2,7.45489,277.604,135541,207139
B,15,3,0.6,build_system,0.5,0.25,0.1,0.05,0.05,0.05,zipf,0.8,2,2000,2,4.49461,179.646,226954,208074
B,15,3,0.95,build_system,0.5,0.25,0.1,0.05,0.05,0.05,uniform,0,0,2000,2,2.95137,20.4375,361252,222484
B,15,3,0.95,build_system,0.5,0.25,0.1,0.05,0.05,0.05,zipf,0.3,1.5,2000,2,6.96383,222.479,144865,208114
B,15,3,0.95,build_system,0.5,0.25,0.1,0.05,0.05,0.05,zipf,0.8,2,2000,2,5.57105,198.646,179953,197207
B,2,30,0.3,build_system,0.5,0.25,0.1,0.05,0.05,0.05,uniform,0,0,2000,2,0.498171,3.875,2.02256e+06,113998
B,2,30,0.3,build_system,0.5,0.25,0.1,0.05,0.05,0.05,zipf,0.3,1.5,2000,2,1.29326,35.875,774715,115521
B,2,30,0.3,build_system,0.5,0.25,0.1,0.05,0.05,0.05,zipf,0.8,2,2000,2,0.908992,27.3125,1.10023e+06,107014
B,2,30,0.6,build_system,0.5,0.25,0.1,0.05,0.05,0.05,uniform,0,0,2000,2,0.512728,3.271,1.95092e+06,158770
B,2,30,0.6,build_system,0.5,0.25,0.1,0.05,0.05,0.05,zipf,0.3,1.5,2000,2,0.906789,23.7915,1.11026e+06,146822
B,2,30,0.6,build_system,0.5,0.25,0.1,0.05,0.05,0.05,zipf,0.8,2,2000,2,1.19602,37.646,836229,141781
B,2,30,0.95,build_system,0.5,0.25,0.1,0.05,0.05,0.05,uniform,0,0,2000,2,0.393752,3.1875,2.54066e+06,161462
B,2,30,0.95,build_system,0.5,0.25,0.1,0.05,0.05,0.05,zipf,0.3,1.5,2000,2,0.869151,24.208,1.15058e+06,150249
B,2,30,0.95,build_system,0.5,0.25,0.1,0.05,0.05,0.05,zipf,0.8,2,2000,2,1.2427,36.229,806176,143114
B,2,50,0.3,build_system,0.5,0.25,0.1,0.05,0.05,0.05,uniform,0,0,2000,2,0.499242,3.188,2.00329e+06,228153
B,2,50,0.3,build_system,0.5,0.25,0.1,0.05,0.05,0.05,zipf,0.3,1.5,2000,2,1.0806,29.646,926414,209796
B,2,50,0.3,build_system,0.5,0.25,0.1,0.05,0.05,0.05,zipf,0.8,2,2000,2,0.816137,23.9165,1.25097e+06,199802
B,2,50,0.6,build_system,0.5,0.25,0.1,0.05,0.05,0.05,uniform,0,0,2000,2,0.348546,1.9585,2.87041e+06,331520
B,2,50,0.6,build_system,0.5,0.25,0.1,0.05,0.05,0.05,zipf,0.3,1.5,2000,2,0.709421,22.8335,1.41137e+06,309244
B,2,50,0.6,build_system,0.5,0.25,0.1,0.05,0.05,0.05,zipf,0.8,2,2000,2,0.860022,25.8545,1.19557e+06,303997
B,2,50,0.95,build_system,0.5,0.25,0.1,0.05,0.05,0.05,uniform,0,0,2000,2,0.479541,3.0835,2.0854e+06,333028
B,2,50,0.95,build_system,0.5,0.25,0.1,0.05,0.05,0.05,zipf,0.3,1.5,2000,2,1.66978,58.437,599538,309405
B,2,50,0.95,build_system,0.5,0.25,0.1,0.05,0.05,0.05,zipf,0.8,2,2000,2,1.08692,32.666,920063,297688
B,3,30,0.3,build_system,0.5,0.25,0.1,0.05,0.05,0.05,uniform,0,0,2000,2,4.62214,2.1455,219450,1883067
B,3,30,0.3,build_system,0.5,0.25,0.1,0.05,0.05,0.05,zipf,0.3,1.5,2000,2,1.80833,52.0625,554862,1856104
B,3,30,0.3,build_system,0.5,0.25,0.1,0.05,0.05,0.05,zipf,0.8,2,2000,2,1.0166,30.4375,983889,1850467
B,3,30,0.6,build_system,0.5,0.25,0.1,0.05,0.05,0.05,uniform,0,0,2000,2,0.553091,2.4585,1.86668e+06,1882376
B,3,30,0.6,build_system,0.5,0.25,0.1,0.05,0.05,0.05,zipf,0.3,1.5,2000,2,1.32246,43.9375,799951,1850436
B,3,30,0.6,build_system,0.5,0.25,0.1,0.05,0.05,0.05,zipf,0.8,2,2000,2,1.25389,37.8335,808268,1846347
B,3,30,0.95,build_system,0.5,0.25,0.1,0.05,0.05,0.05,uniform,0,0,2000,2,1.01276,2.5625,987580,1882692
B,3,30,0.95,build_system,0.5,0.25,0.1,0.05,0.05,0.05,zipf,0.3,1.5,2000,2,1.25557,45.896,808049,1857922
B,3,30,0.95,build_system,0.5,0.25,0.1,0.05,0.05,0.05,zipf,0.8,2,2000,2,0.882701,24.7085,1.13331e+06,1845161
B,3,50,0.3,build_system,0.5,0.25,0.1,0.05,0.05,0.05,uniform,0,0,2000,2,0.757226,2.459,1.4396e+06,7302740
B,3,50,0.3,build_system,0.5,0.25,0.1,0.05,0.05,0.05,zipf,0.3,1.5,2000,2,1.29995,31.3125,897970,7267281
B,3,50,0.3,build_system,0.5,0.25,0.1,0.05,0.05,0.05,zipf,0.8,2,2000,2,1.33598,31.979,748844,7263410
B,3,50,0.6,build_system,0.5,0.25,0.1,0.05,0.05,0.05,uniform,0,0,2000,2,0.674074,2.25,1.5871e+06,7302695
B,3,50,0.6,build_system,0.5,0.25,0.1,0.05,0.05,0.05,zipf,0.3,1.5,2000,2,0.797942,19.063,1.25806e+06,7268322
B,3,50,0.6,build_system,0.5,0.25,0.1,0.05,0.05,0.05,zipf,0.8,2,2000,2,0.780341,15.104,1.2849e+06,7263804
B,3,50,0.95,build_system,0.5,0.25,0.1,0.05,0.05,0.05,uniform,0,0,2000,2,0.779268,3.104,1.28579e+06,8614890
B,3,50,0.95,build_system,0.5,0.25,0.1,0.05,0.05,0.05,zipf,0.3,1.5,2000,2,0.982538,20.5,1.10319e+06,8586496
B,3,50,0.95,build_system,0.5,0.25,0.1,0.05,0.05,0.05,zipf,0.8,2,2000,2,1.52401,39,665659,8582020
B,2,5,0.3,database,0.55,0.45,0,0,0,0,uniform,0,0,2000,2,0.13036,0.208,7.67775e+06,2076
B,2,5,0.3,database,0.55,0.45,0,0,0,0,zipf,0.3,1.5,2000,2,0.120014,0.167,8.3324e+06,2076
B,2,5,0.3,database,0.55,0.45,0,0,0,0,zipf,0.8,2,2000,2,0.131206,0.2295,7.63919e+06,2076
B,2,5,0.6,database,0.55,0.45,0,0,0,0,uniform,0,0,2000,2,0.351476,0.2295,4.20166e+06,4096
B,2,5,0.6,database,0.55,0.45,0,0,0,0,zipf,0.3,1.5,2000,2,0.425682,0.2295,2.45294e+06,4003
B,2,5,0.6,database,0.55,0.45,0,0,0,0,zipf,0.8,2,2000,2,0.143344,0.2295,6.97963e+06,4003
B,2,5,0.95,database,0.55,0.45,0,0,0,0,uniform,0,0,2000,2,0.138835,0.2295,7.20282e+06,6904
B,2,5,0.95,database,0.55,0.45,0,0,0,0,zipf,0.3,1.5,2000,2,0.139793,0.209,7.1608e+06,6904
B,2,5,0.95,database,0.55,0.45,0,0,0,0,zipf,0.8,2,2000,2,0.125971,0.209,7.93838e+06,6904
B,2,10,0.3,database,0.55,0.45,0,0,0,0,uniform,0,0,2000,2,0.12123,0.209,8.2488e+06,7476
B,2,10,0.3,database,0.55,0.45,0,0,0,0,zipf,0.3,1.5,2000,2,0.11462,0.167,8.72447e+06,7383
B,2,10,0.3,database,0.55,0.45,0,0,0,0,zipf,0.8,2,2000,2,0.117605,0.208,8.50351e+06,7383
B,2,10,0.6,database,0.55,0.45,0,0,0,0,uniform,0,0,2000,2,0.1318,0.2295,7.58723e+06,15144
B,2,10,0.6,database,0.55,0.45,0,0,0,0,zipf,0.3,1.5,2000,2,0.150866,0.25,6.64172e+06,15144
B,2,10,0.6,database,0.55,0.45,0,0,0,0,zipf,0.8,2,2000,2,0.144373,0.209,6.92649e+06,15144
B,2,10,0.95,database,0.55,0.45,0,0,0,0,uniform,0,0,2000,2,0.148972,0.209,6.7127e+06,18912
B,2,10,0.95,database,0.55,0.45,0,0,0,0,zipf,0.3,1.5,2000,2,0.29803,0.3335,4.47247e+06,18819
B,2,10,0.95,database,0.55,0.45,0,0,0,0,zipf,0.8,2,2000,2,0.147866,0.25,6.7629e+06,18540
B,2,15,0.3,database,0.55,0.45,0,0,0,0,uniform,0,0,2000,2,0.148383,0.2295,6.74054e+06,16412
B,2,15,0.3,database,0.55,0.45,0,0,0,0,zipf,0.3,1.5,2000,2,0.150556,0.2295,6.64214e+06,16412
B,2,15,0.3,database,0.55,0.45,0,0,0,0,zipf,0.8,2,2000,2,0.153418,0.2295,6.51814e+06,16319
B,2,15,0.6,database,0.55,0.45,0,0,0,0,uniform,0,0,2000,2,0.152492,0.25,6.55777e+06,33652
B,2,15,0.6,database,0.55,0.45,0,0,0,0,zipf,0.3,1.5,2000,2,0.191104,0.3335,5.4624e+06,33373
B,2,15,0.6,database,0.55,0.45,0,0,0,0,zipf,0.8,2,2000,2,0.129209,0.271,7.73991e+06,31792
B,2,15,0.95,database,0.55,0.45,0,0,0,0,uniform,0,0,2000,2,0.146165,0.25,6.84162e+06,38376
B,2,15,0.95,database,0.55,0.45,0,0,0,0,zipf,0.3,1.5,2000,2,0.141052,0.25,7.08961e+06,37539
B,2,15,0.95,database,0.55,0.45,0,0,0,0,zipf,0.8,2,2000,2,0.133382,0.25,7.49724e+06,35958
B,5,5,0.3,database,0.55,0.45,0,0,0,0,uniform,0,0,2000,2,0.310682,0.5,3.21923e+06,180168
B,5,5,0.3,database,0.55,0.45,0,0,0,0,zipf,0.3,1.5,2000,2,0.294482,0.6465,3.39833e+06,162963
B,5,5,0.3,database,0.55,0.45,0,0,0,0,zipf,0.8,2,2000,2,0.290993,0.563,3.50301e+06,157197
B,5,5,0.6,database,0.55,0.45,0,0,0,0,uniform,0,0,2000,2,0.307515,0.542,3.25863e+06,180726
B,5,5,0.6,database,0.55,0.45,0,0,0,0,zipf,0.3,1.5,2000,2,0.264761,0.4585,3.77733e+06,162591
B,5,5,0.6,database,0.55,0.45,0,0,0,0,zipf,0.8,2,2000,2,0.248028,0.417,4.03192e+06,157197
B,5,5,0.95,database,0.55,0.45,0,0,0,0,uniform,0,0,2000,2,0.314513,0.667,3.18323e+06,180633
B,5,5,0.95,database,0.55,0.45,0,0,0,0,zipf,0.3,1.5,2000,2,0.269363,0.5205,3.71253e+06,163335
B,5,5,0.95,database,0.55,0.45,0,0,0,0,zipf,0.8,2,2000,2,0.251243,0.4795,3.98023e+06,156081
B,5,10,0.3,database,0.55,0.45,0,0,0,0,uniform,0,0,2000,2,0.662774,1.0835,1.57849e+06,3062999
B,5,10,0.3,database,0.55,0.45,0,0,0,0,zipf,0.3,1.5,2000,2,0.374974,1.271,2.66692e+06,3008501
B,5,10,0.3,database,0.55,0.45,0,0,0,0,zipf,0.8,2,2000,2,0.333862,1.5835,3.01735e+06,2998364
B,5,10,0.6,database,0.55,0.45,0,0,0,0,uniform,0,0,2000,2,0.696384,1.25,1.43789e+06,2046711
B,5,10,0.6,database,0.55,0.45,0,0,0,0,zipf,0.3,1.5,2000,2,0.353471,1.125,2.83213e+06,1989981
B,5,10,0.6,database,0.55,0.45,0,0,0,0,zipf,0.8,2,2000,2,0.302179,1.583,3.31135e+06,1979565
B,5,10,0.95,database,0.55,0.45,0,0,0,0,uniform,0,0,2000,2,0.794016,1.3125,1.37896e+06,2051826
B,5,10,0.95,database,0.55,0.45,0,0,0,0,zipf,0.3,1.5,2000,2,0.403383,1.5835,2.55053e+06,1991190
B,5,10,0.95,database,0.55,0.45,0,0,0,0,zipf,0.8,2,2000,2,0.308186,1.729,3.26314e+06,1979565
B,5,15,0.3,database,0.55,0.45,0,0,0,0,uniform,0,0,2000,2,1.28124,3.646,845670,10088156
B,5,15,0.3,database,0.55,0.45,0,0,0,0,zipf,0.3,1.5,2000,2,0.928726,1.9795,1.41063e+06,10026125
B,5,15,0.3,database,0.55,0.45,0,0,0,0,zipf,0.8,2,2000,2,0.318732,1.312,3.1494e+06,10014965
B,5,15,0.6,database,0.55,0.45,0,0,0,0,uniform,0,0,2000,2,0.849688,1.5835,1.17804e+06,10089458
B,5,15,0.6,database,0.55,0.45,0,0,0,0,zipf,0.3,1.5,2000,2,1.06701,1.479,1.68013e+06,10025381
B,5,15,0.6,database,0.55,0.45,0,0,0,0,zipf,0.8,2,2000,2,0.296347,1.1665,3.38168e+06,10014314
B,5,15,0.95,database,0.55,0.45,0,0,0,0,uniform,0,0,2000,2,1.41193,4.125,726245,21516358
B,5,15,0.95,database,0.55,0.45,0,0,0,0,zipf,0.3,1.5,2000,2,0.548816,2.854,1.93315e+06,21452653
B,5,15,0.95,database,0.55,0.45,0,0,0,0,zipf,0.8,2,2000,2,0.394455,1.584,2.61703e+06,21440842
B,10,5,0.3,database,0.55,0.45,0,0,0,0,uniform,0,0,2000,2,1.79464,3.875,597014,4993012
B,10,5,0.3,database,0.55,0.45,0,0,0,0,zipf,0.3,1.5,2000,2,0.45629,1.417,2.1916e+06,4929772
B,10,5,0.3,database,0.55,0.45,0,0,0,0,zipf,0.8,2,2000,2,0.383435,1.4165,2.61858e+06,4918891
B,10,5,0.6,database,0.55,0.45,0,0,0,0,uniform,0,0,2000,2,1.48255,3.3955,695291,9228030
B,10,5,0.6,database,0.55,0.45,0,0,0,0,zipf,0.3,1.5,2000,2,0.559844,1.854,1.78723e+06,9163767
B,10,5,0.6,database,0.55,0.45,0,0,0,0,zipf,0.8,2,2000,2,0.396378,1.5,2.52839e+06,9153630
B,10,5,0.95,database,0.55,0.45,0,0,0,0,uniform,0,0,2000,2,0.977009,1.9795,1.02535e+06,9229983
B,10,5,0.95,database,0.55,0.45,0,0,0,0,zipf,0.3,1.5,2000,2,0.511494,1.9795,1.99967e+06,9163581
B,10,5,0.95,database,0.55,0.45,0,0,0,0,zipf,0.8,2,2000,2,0.391943,1.5005,2.56354e+06,9152514
B,10,10,0.3,database,0.55,0.45,0,0,0,0,uniform,0,0,2000,2,10.9939,90.6875,93653.3,825271101
B,10,10,0.3,database,0.55,0.45,0,0,0,0,zipf,0.3,1.5,2000,2,1.5023,18.708,799179,825210186
B,10,10,0.3,database,0.55,0.45,0,0,0,0,zipf,0.8,2,2000,2,0.361257,7,2.79168e+06,825197073
B,10,10,0.6,database,0.55,0.45,0,0,0,0,uniform,0,0,2000,2,15.7916,124.271,69990,827695689
B,10,10,0.6,database,0.55,0.45,0,0,0,0,zipf,0.3,1.5,2000,2,1.98486,25.541,789547,827637843
B,10,10,0.6,database,0.55,0.45,0,0,0,0,zipf,0.8,2,2000,2,0.523263,10.6875,2.40885e+06,827625753
B,10,10,0.95,database,0.55,0.45,0,0,0,0,uniform,0,0,2000,2,2.01891,4.7085,555200,824749536
B,10,10,0.95,database,0.55,0.45,0,0,0,0,zipf,0.3,1.5,2000,2,0.868759,8.104,1.29047e+06,824682855
B,10,10,0.95,database,0.55,0.45,0,0,0,0,zipf,0.8,2,2000,2,0.274735,3.937,3.75419e+06,824669835
B,10,15,0.3,database,0.55,0.45,0,0,0,0,uniform,0,0,2000,2,6.5494,36.146,255178,813178183
B,10,15,0.3,database,0.55,0.45,0,0,0,0,zipf,0.3,1.5,2000,2,1.82058,24.333,913667,813110293
B,10,15,0.3,database,0.55,0.45,0,0,0,0,zipf,0.8,2,2000,2,0.70816,7.792,1.83868e+06,813099319
B,10,15,0.6,database,0.55,0.45,0,0,0,0,uniform,0,0,2000,2,14.2341,66.521,83328.3,814938356
B,10,15,0.6,database,0.55,0.45,0,0,0,0,zipf,0.3,1.5,2000,2,2.43804,50.3125,427754,814874744
B,10,15,0.6,database,0.55,0.45,0,0,0,0,zipf,0.8,2,2000,2,0.47962,8.5835,2.13279e+06,814862096
B,10,15,0.95,database,0.55,0.45,0,0,0,0,uniform,0,0,2000,2,3.65079,9.187,532023,814023151
B,10,15,0.95,database,0.55,0.45,0,0,0,0,zipf,0.3,1.5,2000,2,0.48754,3.4165,2.12386e+06,813955354
B,10,15,0.95,database,0.55,0.45,0,0,0,0,zipf,0.8,2,2000,2,0.31576,5.146,3.21497e+06,813943636
B,10,2,0.3,database,0.55,0.45,0,0,0,0,uniform,0,0,2000,2,0.246473,0.375,4.05873e+06,33228
B,10,2,0.3,database,0.55,0.45,0,0,0,0,zipf,0.3,1.5,2000,2,0.238472,0.3335,4.20124e+06,32391
B,10,2,0.3,database,0.55,0.45,0,0,0,0,zipf,0.8,2,2000,2,0.206778,0.3125,5.01378e+06,30717
B,10,2,0.6,database,0.55,0.45,0,0,0,0,uniform,0,0,2000,2,0.256557,0.563,3.95102e+06,33228
B,10,2,0.6,database,0.55,0.45,0,0,0,0,zipf,0.3,1.5,2000,2,0.236158,0.3335,4.23945e+06,32670
B,10,2,0.6,database,0.55,0.45,0,0,0,0,zipf,0.8,2,2000,2,0.229122,0.313,4.36599e+06,30717
B,10,2,0.95,database,0.55,0.45,0,0,0,0,uniform,0,0,2000,2,0.250256,0.3545,3.99717e+06,33228
B,10,2,0.95,database,0.55,0.45,0,0,0,0,zipf,0.3,1.5,2000,2,0.214206,0.3125,4.66845e+06,32763
B,10,2,0.95,database,0.55,0.45,0,0,0,0,zipf,0.8,2,2000,2,0.202202,0.292,4.94556e+06,30996
B,15,2,0.3,database,0.55,0.45,0,0,0,0,uniform,0,0,2000,2,0.251594,0.3545,3.97481e+06,39908
B,15,2,0.3,database,0.55,0.45,0,0,0,0,zipf,0.3,1.5,2000,2,0.248188,0.375,4.02923e+06,39350
B,15,2,0.3,database,0.55,0.45,0,0,0,0,zipf,0.8,2,2000,2,0.241645,0.334,4.13832e+06,36839
B,15,2,0.6,database,0.55,0.45,0,0,0,0,uniform,0,0,2000,2,0.251402,0.375,3.97772e+06,39908
B,15,2,0.6,database,0.55,0.45,0,0,0,0,zipf,0.3,1.5,2000,2,0.281549,0.4585,3.55289e+06,39350
B,15,2,0.6,database,0.55,0.45,0,0,0,0,zipf,0.8,2,2000,2,0.289403,0.396,3.45666e+06,36839
B,15,2,0.95,database,0.55,0.45,0,0,0,0,uniform,0,0,2000,2,0.300513,0.4585,3.33082e+06,39908
B,15,2,0.95,database,0.55,0.45,0,0,0,0,zipf,0.3,1.5,2000,2,0.299732,0.458,3.3369e+06,39257
B,15,2,0.95,database,0.55,0.45,0,0,0,0,zipf,0.8,2,2000,2,0.285084,0.396,3.50842e+06,36839
B,20,2,0.3,database,0.55,0.45,0,0,0,0,uniform,0,0,2000,2,0.305552,0.4375,3.27818e+06,78772
B,20,2,0.3,database,0.55,0.45,0,0,0,0,zipf,0.3,1.5,2000,2,0.262512,0.4375,3.80967e+06,76168
B,20,2,0.3,database,0.55,0.45,0,0,0,0,zipf,0.8,2,2000,2,0.24057,0.3955,4.15679e+06,71983
B,20,2,0.6,database,0.55,0.45,0,0,0,0,uniform,0,0,2000,2,0.294088,0.417,3.40035e+06,78772
B,20,2,0.6,database,0.55,0.45,0,0,0,0,zipf,0.3,1.5,2000,2,0.260092,0.417,3.8448e+06,75424
B,20,2,0.6,database,0.55,0.45,0,0,0,0,zipf,0.8,2,2000,2,0.240461,0.3955,4.15867e+06,72169
B,20,2,0.95,database,0.55,0.45,0,0,0,0,uniform,0,0,2000,2,0.292832,0.417,3.41494e+06,78772
B,20,2,0.95,database,0.55,0.45,0,0,0,0,zipf,0.3,1.5,2000,2,0.258525,0.417,3.86818e+06,75703
B,20,2,0.95,database,0.55,0.45,0,0,0,0,zipf,0.8,2,2000,2,0.266616,0.437,3.78489e+06,72355
B,15,3,0.3,database,0.55,0.45,0,0,0,0,uniform,0,0,2000,2,0.349227,0.5625,2.87078e+06,1140402
B,15,3,0.3,database,0.55,0.45,0,0,0,0,zipf,0.3,1.5,2000,2,0.381376,0.854,2.81011e+06,1087764
B,15,3,0.3,database,0.55,0.45,0,0,0,0,zipf,0.8,2,2000,2,0.252873,0.5415,3.95519e+06,1079859
B,15,3,0.6,database,0.55,0.45,0,0,0,0,uniform,0,0,2000,2,0.922504,1.229,1.20689e+06,1143285
B,15,3,0.6,database,0.55,0.45,0,0,0,0,zipf,0.3,1.5,2000,2,0.34183,0.7705,3.02587e+06,1088322
B,15,3,0.6,database,0.55,0.45,0,0,0,0,zipf,0.8,2,2000,2,0.252922,0.5,3.95402e+06,1080045
B,15,3,0.95,database,0.55,0.45,0,0,0,0,uniform,0,0,2000,2,0.515792,1.0205,1.94078e+06,1141146
B,15,3,0.95,database,0.55,0.45,0,0,0,0,zipf,0.3,1.5,2000,2,0.267883,0.479,3.73427e+06,1088973
B,15,3,0.95,database,0.55,0.45,0,0,0,0,zipf,0.8,2,2000,2,0.436463,0.75,2.61875e+06,1079766
B,2,30,0.3,database,0.55,0.45,0,0,0,0,uniform,0,0,2000,2,0.0854842,0.1665,1.17006e+07,66892
B,2,30,0.3,database,0.55,0.45,0,0,0,0,zipf,0.3,1.5,2000,2,0.0855647,0.167,1.16878e+07,63265
B,2,30,0.3,database,0.55,0.45,0,0,0,0,zipf,0.8,2,2000,2,0.0817227,0.146,1.22369e+07,60103
B,2,30,0.6,database,0.55,0.45,0,0,0,0,uniform,0,0,2000,2,0.0940602,0.167,1.06319e+07,131565
B,2,30,0.6,database,0.55,0.45,0,0,0,0,zipf,0.3,1.5,2000,2,0.0866867,0.167,1.15365e+07,120219
B,2,30,0.6,database,0.55,0.45,0,0,0,0,zipf,0.8,2,2000,2,0.0793475,0.1665,1.2603e+07,114453
B,2,30,0.95,database,0.55,0.45,0,0,0,0,uniform,0,0,2000,2,0.0954137,0.167,1.04825e+07,140166
B,2,30,0.95,database,0.55,0.45,0,0,0,0,zipf,0.3,1.5,2000,2,0.0875622,0.167,1.14208e+07,128448
B,2,30,0.95,database,0.55,0.45,0,0,0,0,zipf,0.8,2,2000,2,0.114679,0.25,9.37817e+06,123240
B,2,50,0.3,database,0.55,0.45,0,0,0,0,uniform,0,0,2000,2,0.167644,0.3125,5.98434e+06,175640
B,2,50,0.3,database,0.55,0.45,0,0,0,0,zipf,0.3,1.5,2000,2,0.125709,0.292,7.95509e+06,160667
B,2,50,0.3,database,0.55,0.45,0,0,0,0,zipf,0.8,2,2000,2,0.115177,0.208,8.68229e+06,154622
B,2,50,0.6,database,0.55,0.45,0,0,0,0,uniform,0,0,2000,2,0.122246,0.3125,8.18942e+06,339725
B,2,50,0.6,database,0.55,0.45,0,0,0,0,zipf,0.3,1.5,2000,2,0.163194,0.2915,6.46264e+06,309314
B,2,50,0.6,database,0.55,0.45,0,0,0,0,zipf,0.8,2,2000,2,0.117886,0.209,8.48285e+06,299921
B,2,50,0.95,database,0.55,0.45,0,0,0,0,uniform,0,0,2000,2,0.155323,0.333,6.44938e+06,343588
B,2,50,0.95,database,0.55,0.45,0,0,0,0,zipf,0.3,1.5,2000,2,0.127138,0.313,7.87072e+06,312805
B,2,50,0.95,database,0.55,0.45,0,0,0,0,zipf,0.8,2,2000,2,0.0829747,0.1875,1.2052e+07,306016
B,3,30,0.3,database,0.55,0.45,0,0,0,0,uniform,0,0,2000,2,0.174841,0.354,5.73853e+06,1802369
B,3,30,0.3,database,0.55,0.45,0,0,0,0,zipf,0.3,1.5,2000,2,0.126149,0.333,7.9273e+06,1754009
B,3,30,0.3,database,0.55,0.45,0,0,0,0,zipf,0.8,2,2000,2,0.121882,0.292,8.20567e+06,1743686
B,3,30,0.6,database,0.55,0.45,0,0,0,0,uniform,0,0,2000,2,0.386199,0.75,2.59044e+06,1804136
B,3,30,0.6,database,0.55,0.45,0,0,0,0,zipf,0.3,1.5,2000,2,0.156032,0.5,6.40895e+06,1753172
B,3,30,0.6,database,0.55,0.45,0,0,0,0,zipf,0.8,2,2000,2,0.180895,0.604,5.52849e+06,1743035
B,3,30,0.95,database,0.55,0.45,0,0,0,0,uniform,0,0,2000,2,0.233229,0.5415,4.32145e+06,1806833
B,3,30,0.95,database,0.55,0.45,0,0,0,0,zipf,0.3,1.5,2000,2,0.158507,0.3955,6.31925e+06,1752335
B,3,30,0.95,database,0.55,0.45,0,0,0,0,zipf,0.8,2,2000,2,0.162759,0.4585,6.40211e+06,1742198
B,3,50,0.3,database,0.55,0.45,0,0,0,0,uniform,0,0,2000,2,0.446512,0.7705,2.43604e+06,7523304
B,3,50,0.3,database,0.55,0.45,0,0,0,0,zipf,0.3,1.5,2000,2,0.231826,0.7085,4.50862e+06,7466946
B,3,50,0.3,database,0.55,0.45,0,0,0,0,zipf,0.8,2,2000,2,0.175166,0.6045,5.85893e+06,7458297
B,3,50,0.6,database,0.55,0.45,0,0,0,0,uniform,0,0,2000,2,0.312541,0.604,3.20041e+06,7526280
B,3,50,0.6,database,0.55,0.45,0,0,0,0,zipf,0.3,1.5,2000,2,0.176064,0.5,5.68149e+06,7467597
B,3,50,0.6,database,0.55,0.45,0,0,0,0,zipf,0.8,2,2000,2,0.180589,0.5835,5.63279e+06,7459134
B,3,50,0.95,database,0.55,0.45,0,0,0,0,uniform,0,0,2000,2,0.296585,0.5625,3.372e+06,7530930
B,3,50,0.95,database,0.55,0.45,0,0,0,0,zipf,0.3,1.5,2000,2,0.213881,0.667,4.81048e+06,7468713
B,3,50,0.95,database,0.55,0.45,0,0,0,0,zipf,0.8,2,2000,2,0.224722,0.833,4.45026e+06,7458669
B,2,5,0.3,file_manager,0.2,0.05,0.45,0.1,0.1,0.1,uniform,0,0,2000,2,21.5989,472.354,46326.8,184556
B,2,5,0.3,file_manager,0.2,0.05,0.45,0.1,0.1,0.1,zipf,0.3,1.5,2000,2,32.7471,652.833,30742.9,198620
B,2,5,0.3,file_manager,0.2,0.05,0.45,0.1,0.1,0.1,zipf,0.8,2,2000,2,41.1551,912.729,24299.1,203484
B,2,5,0.6,file_manager,0.2,0.05,0.45,0.1,0.1,0.1,uniform,0,0,2000,2,26.0357,540.646,38415.4,185416
B,2,5,0.6,file_manager,0.2,0.05,0.45,0.1,0.1,0.1,zipf,0.3,1.5,2000,2,23.2197,579.25,43083.8,195355
B,2,5,0.6,file_manager,0.2,0.05,0.45,0.1,0.1,0.1,zipf,0.8,2,2000,2,29.5545,674.604,33847.3,198296
B,2,5,0.95,file_manager,0.2,0.05,0.45,0.1,0.1,0.1,uniform,0,0,2000,2,22.9137,485.375,43654,184500
B,2,5,0.95,file_manager,0.2,0.05,0.45,0.1,0.1,0.1,zipf,0.3,1.5,2000,2,29.317,667.333,34119.3,188765
B,2,5,0.95,file_manager,0.2,0.05,0.45,0.1,0.1,0.1,zipf,0.8,2,2000,2,28.8505,642.292,34661.5,182101
B,2,10,0.3,file_manager,0.2,0.05,0.45,0.1,0.1,0.1,uniform,0,0,2000,2,9.37394,202.355,106683,195956
B,2,10,0.3,file_manager,0.2,0.05,0.45,0.1,0.1,0.1,zipf,0.3,1.5,2000,2,17.581,486.104,56927.3,202983
B,2,10,0.3,file_manager,0.2,0.05,0.45,0.1,0.1,0.1,zipf,0.8,2,2000,2,25.3933,546.979,39494.4,200938
B,2,10,0.6,file_manager,0.2,0.05,0.45,0.1,0.1,0.1,uniform,0,0,2000,2,9.70119,160.938,104465,211438
B,2,10,0.6,file_manager,0.2,0.05,0.45,0.1,0.1,0.1,zipf,0.3,1.5,2000,2,20.901,516.855,47849.5,208725
B,2,10,0.6,file_manager,0.2,0.05,0.45,0.1,0.1,0.1,zipf,0.8,2,2000,2,25.2922,633.583,39540.9,198415
B,2,10,0.95,file_manager,0.2,0.05,0.45,0.1,0.1,0.1,uniform,0,0,2000,2,7.66895,152.562,130413,222356
B,2,10,0.95,file_manager,0.2,0.05,0.45,0.1,0.1,0.1,zipf,0.3,1.5,2000,2,17.0798,507.042,58548.7,205563
B,2,10,0.95,file_manager,0.2,0.05,0.45,0.1,0.1,0.1,zipf,0.8,2,2000,2,18.2388,557.396,54828.5,200538
B,2,15,0.3,file_manager,0.2,0.05,0.45,0.1,0.1,0.1,uniform,0,0,2000,2,8.0118,97.7915,124846,213976
B,2,15,0.3,file_manager,0.2,0.05,0.45,0.1,0.1,0.1,zipf,0.3,1.5,2000,2,20.3157,484.354,49235.7,202384
B,2,15,0.3,file_manager,0.2,0.05,0.45,0.1,0.1,0.1,zipf,0.8,2,2000,2,18.9554,431.834,52801,202808
B,2,15,0.6,file_manager,0.2,0.05,0.45,0.1,0.1,0.1,uniform,0,0,2000,2,6.17402,96,164836,225607
B,2,15,0.6,file_manager,0.2,0.05,0.45,0.1,0.1,0.1,zipf,0.3,1.5,2000,2,23.9649,611.062,42145.1,218008
B,2,15,0.6,file_manager,0.2,0.05,0.45,0.1,0.1,0.1,zipf,0.8,2,2000,2,17.6819,569.146,56608.4,205773
B,2,15,0.95,file_manager,0.2,0.05,0.45,0.1,0.1,0.1,uniform,0,0,2000,2,4.33081,68.646,231022,232502
B,2,15,0.95,file_manager,0.2,0.05,0.45,0.1,0.1,0.1,zipf,0.3,1.5,2000,2,19.5594,626.729,51132.8,225771
B,2,15,0.95,file_manager,0.2,0.05,0.45,0.1,0.1,0.1,zipf,0.8,2,2000,2,42.8416,1036.46,23427.7,221183
B,5,5,0.3,file_manager,0.2,0.05,0.45,0.1,0.1,0.1,uniform,0,0,2000,2,13.8365,163.728,77771.3,335986
B,5,5,0.3,file_manager,0.2,0.05,0.45,0.1,0.1,0.1,zipf,0.3,1.5,2000,2,15.3064,365.292,66432.1,321052
B,5,5,0.3,file_manager,0.2,0.05,0.45,0.1,0.1,0.1,zipf,0.8,2,2000,2,20.1857,469.333,49566,328032
B,5,5,0.6,file_manager,0.2,0.05,0.45,0.1,0.1,0.1,uniform,0,0,2000,2,5.81594,95.875,173957,331054
B,5,5,0.6,file_manager,0.2,0.05,0.45,0.1,0.1,0.1,zipf,0.3,1.5,2000,2,17.6232,478.48,56748.2,315957
B,5,5,0.6,file_manager,0.2,0.05,0.45,0.1,0.1,0.1,zipf,0.8,2,2000,2,41.1169,780.563,25027.6,329807
B,5,5,0.95,file_manager,0.2,0.05,0.45,0.1,0.1,0.1,uniform,0,0,2000,2,8.63309,75.0625,127620,328919
B,5,5,0.95,file_manager,0.2,0.05,0.45,0.1,0.1,0.1,zipf,0.3,1.5,2000,2,15.6919,448.792,63728.2,323027
B,5,5,0.95,file_manager,0.2,0.05,0.45,0.1,0.1,0.1,zipf,0.8,2,2000,2,25.6031,665.896,39063.9,327111
B,5,10,0.3,file_manager,0.2,0.05,0.45,0.1,0.1,0.1,uniform,0,0,2000,2,3.36379,28.7715,298037,2620177
B,5,10,0.3,file_manager,0.2,0.05,0.45,0.1,0.1,0.1,zipf,0.3,1.5,2000,2,13.6032,412.646,73517.8,2618723
B,5,10,0.3,file_manager,0.2,0.05,0.45,0.1,0.1,0.1,zipf,0.8,2,2000,2,22.6386,603.583,44440.8,2627212
B,5,10,0.6,file_manager,0.2,0.05,0.45,0.1,0.1,0.1,uniform,0,0,2000,2,2.95483,28.354,341655,2954493
B,5,10,0.6,file_manager,0.2,0.05,0.45,0.1,0.1,0.1,zipf,0.3,1.5,2000,2,13.7886,339.52,73069.9,2934530
B,5,10,0.6,file_manager,0.2,0.05,0.45,0.1,0.1,0.1,zipf,0.8,2,2000,2,25.0105,630.771,40196.3,2939475
B,5,10,0.95,file_manager,0.2,0.05,0.45,0.1,0.1,0.1,uniform,0,0,2000,2,3.45933,29.6455,290547,2948109
B,5,10,0.95,file_manager,0.2,0.05,0.45,0.1,0.1,0.1,zipf,0.3,1.5,2000,2,22.6127,597.188,46115.2,2946823
B,5,10,0.95,file_manager,0.2,0.05,0.45,0.1,0.1,0.1,zipf,0.8,2,2000,2,28.5422,724.146,35055.6,2950458
B,5,15,0.3,file_manager,0.2,0.05,0.45,0.1,0.1,0.1,uniform,0,0,2000,2,4.19397,37.792,248431,17484471
B,5,15,0.3,file_manager,0.2,0.05,0.45,0.1,0.1,0.1,zipf,0.3,1.5,2000,2,13.401,340.771,74639.6,17474273
B,5,15,0.3,file_manager,0.2,0.05,0.45,0.1,0.1,0.1,zipf,0.8,2,2000,2,13.1506,378.917,76587.2,17466271
B,5,15,0.6,file_manager,0.2,0.05,0.45,0.1,0.1,0.1,uniform,0,0,2000,2,3.61769,27.3745,276446,14049488
B,5,15,0.6,file_manager,0.2,0.05,0.45,0.1,0.1,0.1,zipf,0.3,1.5,2000,2,16.3163,430.188,61290.2,14045617
B,5,15,0.6,file_manager,0.2,0.05,0.45,0.1,0.1,0.1,zipf,0.8,2,2000,2,21.7504,625.25,46015.5,14048940
B,5,15,0.95,file_manager,0.2,0.05,0.45,0.1,0.1,0.1,uniform,0,0,2000,2,6.17791,38.9585,161912,14049190
B,5,15,0.95,file_manager,0.2,0.05,0.45,0.1,0.1,0.1,zipf,0.3,1.5,2000,2,15.3713,401.708,66169.8,14054670
B,5,15,0.95,file_manager,0.2,0.05,0.45,0.1,0.1,0.1,zipf,0.8,2,2000,2,20.7627,507.625,48325.3,14035772
B,10,5,0.3,file_manager,0.2,0.05,0.45,0.1,0.1,0.1,uniform,0,0,2000,2,13.839,74.354,72287.9,10409754
B,10,5,0.3,file_manager,0.2,0.05,0.45,0.1,0.1,0.1,zipf,0.3,1.5,2000,2,14.036,332.5,71245.4,10418279
B,10,5,0.3,file_manager,0.2,0.05,0.45,0.1,0.1,0.1,zipf,0.8,2,2000,2,16.8955,393.188,59189.7,10428625
B,10,5,0.6,file_manager,0.2,0.05,0.45,0.1,0.1,0.1,uniform,0,0,2000,2,4.43095,51.104,226312,11751678
B,10,5,0.6,file_manager,0.2,0.05,0.45,0.1,0.1,0.1,zipf,0.3,1.5,2000,2,17.6956,471.521,56511.7,11737712
B,10,5,0.6,file_manager,0.2,0.05,0.45,0.1,0.1,0.1,zipf,0.8,2,2000,2,19.9752,522.75,50066.3,11727605
B,10,5,0.95,file_manager,0.2,0.05,0.45,0.1,0.1,0.1,uniform,0,0,2000,2,6.28381,67.0415,159153,7240511
B,10,5,0.95,file_manager,0.2,0.05,0.45,0.1,0.1,0.1,zipf,0.3,1.5,2000,2,16.6907,446.104,60130.5,7237698
B,10,5,0.95,file_manager,0.2,0.05,0.45,0.1,0.1,0.1,zipf,0.8,2,2000,2,21.6171,695.896,46260.5,7243979
B,10,10,0.3,file_manager,0.2,0.05,0.45,0.1,0.1,0.1,uniform,0,0,2000,2,46.357,337.084,29316.4,819265036
B,10,10,0.3,file_manager,0.2,0.05,0.45,0.1,0.1,0.1,zipf,0.3,1.5,2000,2,29.5653,538.417,33868,819249212
B,10,10,0.3,file_manager,0.2,0.05,0.45,0.1,0.1,0.1,zipf,0.8,2,2000,2,31.0897,787.833,32219.1,819262352
B,10,10,0.6,file_manager,0.2,0.05,0.45,0.1,0.1,0.1,uniform,0,0,2000,2,43.8653,404.521,23384.4,829858302
B,10,10,0.6,file_manager,0.2,0.05,0.45,0.1,0.1,0.1,zipf,0.3,1.5,2000,2,24.5648,526.958,41006,829860630
B,10,10,0.6,file_manager,0.2,0.05,0.45,0.1,0.1,0.1,zipf,0.8,2,2000,2,35.9729,881.458,27800.9,829866945
B,10,10,0.95,file_manager,0.2,0.05,0.45,0.1,0.1,0.1,uniform,0,0,2000,2,42.098,328.166,61031.3,829999762
B,10,10,0.95,file_manager,0.2,0.05,0.45,0.1,0.1,0.1,zipf,0.3,1.5,2000,2,36.4131,596.979,34273.1,829992774
B,10,10,0.95,file_manager,0.2,0.05,0.45,0.1,0.1,0.1,zipf,0.8,2,2000,2,45.2199,778.021,22126.3,829999665
B,10,15,0.3,file_manager,0.2,0.05,0.45,0.1,0.1,0.1,uniform,0,0,2000,2,20.3644,220.562,52232.1,814216892
B,10,15,0.3,file_manager,0.2,0.05,0.45,0.1,0.1,0.1,zipf,0.3,1.5,2000,2,40.9686,640.021,26481.9,814207110
B,10,15,0.3,file_manager,0.2,0.05,0.45,0.1,0.1,0.1,zipf,0.8,2,2000,2,85.009,2488.67,22461.3,814213013
B,10,15,0.6,file_manager,0.2,0.05,0.45,0.1,0.1,0.1,uniform,0,0,2000,2,33.5095,286.042,39848.6,814259732
B,10,15,0.6,file_manager,0.2,0.05,0.45,0.1,0.1,0.1,zipf,0.3,1.5,2000,2,10.1025,195.853,99537.7,814259879
B,10,15,0.6,file_manager,0.2,0.05,0.45,0.1,0.1,0.1,zipf,0.8,2,2000,2,16.3767,340.583,62227.9,814246175
B,10,15,0.95,file_manager,0.2,0.05,0.45,0.1,0.1,0.1,uniform,0,0,2000,2,26.9522,215.395,37870.8,812353794
B,10,15,0.95,file_manager,0.2,0.05,0.45,0.1,0.1,0.1,zipf,0.3,1.5,2000,2,13.5008,208.522,74566.3,812345185
B,10,15,0.95,file_manager,0.2,0.05,0.45,0.1,0.1,0.1,zipf,0.8,2,2000,2,13.9595,307.729,71773.4,812339299
B,10,2,0.3,file_manager,0.2,0.05,0.45,0.1,0.1,0.1,uniform,0,0,2000,2,17.2665,468.854,58020.6,238404
B,10,2,0.3,file_manager,0.2,0.05,0.45,0.1,0.1,0.1,zipf,0.3,1.5,2000,2,24.8731,572.979,40212.5,241189
B,10,2,0.3,file_manager,0.2,0.05,0.45,0.1,0.1,0.1,zipf,0.8,2,2000,2,35.9528,796.98,27849.7,251126
B,10,2,0.6,file_manager,0.2,0.05,0.45,0.1,0.1,0.1,uniform,0,0,2000,2,20.4518,624.604,48960.4,235780
B,10,2,0.6,file_manager,0.2,0.05,0.45,0.1,0.1,0.1,zipf,0.3,1.5,2000,2,30.3545,588.375,33021.3,235822
B,10,2,0.6,file_manager,0.2,0.05,0.45,0.1,0.1,0.1,zipf,0.8,2,2000,2,31.2265,657.813,32450.4,235604
B,10,2,0.95,file_manager,0.2,0.05,0.45,0.1,0.1,0.1,uniform,0,0,2000,2,23.1725,673.771,43404.1,228602
B,10,2,0.95,file_manager,0.2,0.05,0.45,0.1,0.1,0.1,zipf,0.3,1.5,2000,2,29.8267,717.146,33565.1,243613
B,10,2,0.95,file_manager,0.2,0.05,0.45,0.1,0.1,0.1,zipf,0.8,2,2000,2,25.1754,564.896,39726.8,243374
B,15,2,0.3,file_manager,0.2,0.05,0.45,0.1,0.1,0.1,uniform,0,0,2000,2,17.8278,463.417,56118.9,275137
B,15,2,0.3,file_manager,0.2,0.05,0.45,0.1,0.1,0.1,zipf,0.3,1.5,2000,2,18.5859,434.958,53859.1,268747
B,15,2,0.3,file_manager,0.2,0.05,0.45,0.1,0.1,0.1,zipf,0.8,2,2000,2,25.171,723.833,39748.2,282228
B,15,2,0.6,file_manager,0.2,0.05,0.45,0.1,0.1,0.1,uniform,0,0,2000,2,18.9263,466.083,53292.6,270134
B,15,2,0.6,file_manager,0.2,0.05,0.45,0.1,0.1,0.1,zipf,0.3,1.5,2000,2,26.8575,701.792,37275.9,270769
B,15,2,0.6,file_manager,0.2,0.05,0.45,0.1,0.1,0.1,zipf,0.8,2,2000,2,21.7988,522.375,45886.5,275503
B,15,2,0.95,file_manager,0.2,0.05,0.45,0.1,0.1,0.1,uniform,0,0,2000,2,20.8685,607.605,47936.2,266217
B,15,2,0.95,file_manager,0.2,0.05,0.45,0.1,0.1,0.1,zipf,0.3,1.5,2000,2,23.768,653.333,42102.4,268403
B,15,2,0.95,file_manager,0.2,0.05,0.45,0.1,0.1,0.1,zipf,0.8,2,2000,2,24.6037,605.75,40645,283449
B,20,2,0.3,file_manager,0.2,0.05,0.45,0.1,0.1,0.1,uniform,0,0,2000,2,13.5203,376.396,73971.3,340943
B,20,2,0.3,file_manager,0.2,0.05,0.45,0.1,0.1,0.1,zipf,0.3,1.5,2000,2,16.6067,334.23,60321.9,338938
B,20,2,0.3,file_manager,0.2,0.05,0.45,0.1,0.1,0.1,zipf,0.8,2,2000,2,17.1376,337.812,58452.9,330724
B,20,2,0.6,file_manager,0.2,0.05,0.45,0.1,0.1,0.1,uniform,0,0,2000,2,9.56787,212.52,105352,337215
B,20,2,0.6,file_manager,0.2,0.05,0.45,0.1,0.1,0.1,zipf,0.3,1.5,2000,2,12.1474,269.875,82436.1,361734
B,20,2,0.6,file_manager,0.2,0.05,0.45,0.1,0.1,0.1,zipf,0.8,2,2000,2,20.3886,483.708,49056.9,374177
B,20,2,0.95,file_manager,0.2,0.05,0.45,0.1,0.1,0.1,uniform,0,0,2000,2,8.79635,170.02,113803,340659
B,20,2,0.95,file_manager,0.2,0.05,0.45,0.1,0.1,0.1,zipf,0.3,1.5,2000,2,13.4483,314.458,74362.4,356842
B,20,2,0.95,file_manager,0.2,0.05,0.45,0.1,0.1,0.1,zipf,0.8,2,2000,2,19.9878,530.083,50085.2,365599
B,15,3,0.3,file_manager,0.2,0.05,0.45,0.1,0.1,0.1,uniform,0,0,2000,2,4.98894,57.146,200652,3212105
B,15,3,0.3,file_manager,0.2,0.05,0.45,0.1,0.1,0.1,zipf,0.3,1.5,2000,2,12.703,286.083,78887.6,3198669
B,15,3,0.3,file_manager,0.2,0.05,0.45,0.1,0.1,0.1,zipf,0.8,2,2000,2,16.3933,415.187,61141.4,3205238
B,15,3,0.6,file_manager,0.2,0.05,0.45,0.1,0.1,0.1,uniform,0,0,2000,2,3.90729,51.75,258909,3220496
B,15,3,0.6,file_manager,0.2,0.05,0.45,0.1,0.1,0.1,zipf,0.3,1.5,2000,2,9.2796,231.75,107768,3205842
B,15,3,0.6,file_manager,0.2,0.05,0.45,0.1,0.1,0.1,zipf,0.8,2,2000,2,15.4871,430.875,64570.1,3210783
B,15,3,0.95,file_manager,0.2,0.05,0.45,0.1,0.1,0.1,uniform,0,0,2000,2,4.89084,44.104,205455,3212351
B,15,3,0.95,file_manager,0.2,0.05,0.45,0.1,0.1,0.1,zipf,0.3,1.5,2000,2,8.20591,173.229,121871,3211353
B,15,3,0.95,file_manager,0.2,0.05,0.45,0.1,0.1,0.1,zipf,0.8,2,2000,2,15.9419,400.812,62728.4,3205648
B,2,30,0.3,file_manager,0.2,0.05,0.45,0.1,0.1,0.1,uniform,0,0,2000,2,1.05522,11.354,947706,272580
B,2,30,0.3,file_manager,0.2,0.05,0.45,0.1,0.1,0.1,zipf,0.3,1.5,2000,2,7.61308,204.375,133225,267823
B,2,30,0.3,file_manager,0.2,0.05,0.45,0.1,0.1,0.1,zipf,0.8,2,2000,2,11.5219,298.312,86804.8,274930
B,2,30,0.6,file_manager,0.2,0.05,0.45,0.1,0.1,0.1,uniform,0,0,2000,2,0.766766,7.208,1.30439e+06,316174
B,2,30,0.6,file_manager,0.2,0.05,0.45,0.1,0.1,0.1,zipf,0.3,1.5,2000,2,5.433,161.625,184153,305130
B,2,30,0.6,file_manager,0.2,0.05,0.45,0.1,0.1,0.1,zipf,0.8,2,2000,2,8.84735,187.729,113278,300095
B,2,30,0.95,file_manager,0.2,0.05,0.45,0.1,0.1,0.1,uniform,0,0,2000,2,0.58036,4.7505,1.72345e+06,346073
B,2,30,0.95,file_manager,0.2,0.05,0.45,0.1,0.1,0.1,zipf,0.3,1.5,2000,2,8.72171,251.25,114680,342233
B,2,30,0.95,file_manager,0.2,0.05,0.45,0.1,0.1,0.1,zipf,0.8,2,2000,2,13.3742,399.021,75748.9,334675
B,2,50,0.3,file_manager,0.2,0.05,0.45,0.1,0.1,0.1,uniform,0,0,2000,2,0.87287,9.771,1.21769e+06,377221
B,2,50,0.3,file_manager,0.2,0.05,0.45,0.1,0.1,0.1,zipf,0.3,1.5,2000,2,7.65234,153.646,131236,375202
B,2,50,0.3,file_manager,0.2,0.05,0.45,0.1,0.1,0.1,zipf,0.8,2,2000,2,12.5072,363.104,79998.6,371593
B,2,50,0.6,file_manager,0.2,0.05,0.45,0.1,0.1,0.1,uniform,0,0,2000,2,0.491145,2.833,2.03606e+06,519418
B,2,50,0.6,file_manager,0.2,0.05,0.45,0.1,0.1,0.1,zipf,0.3,1.5,2000,2,4.64268,136.5,217616,508840
B,2,50,0.6,file_manager,0.2,0.05,0.45,0.1,0.1,0.1,zipf,0.8,2,2000,2,10.9337,341.978,91588.1,511097
B,2,50,0.95,file_manager,0.2,0.05,0.45,0.1,0.1,0.1,uniform,0,0,2000,2,0.88423,8.0835,1.13127e+06,531387
B,2,50,0.95,file_manager,0.2,0.05,0.45,0.1,0.1,0.1,zipf,0.3,1.5,2000,2,8.22922,251.688,127207,526301
B,2,50,0.95,file_manager,0.2,0.05,0.45,0.1,0.1,0.1,zipf,0.8,2,2000,2,10.5414,302.209,99181.9,520825
B,3,30,0.3,file_manager,0.2,0.05,0.45,0.1,0.1,0.1,uniform,0,0,2000,2,1.40924,7.5215,743434,1390065
B,3,30,0.3,file_manager,0.2,0.05,0.45,0.1,0.1,0.1,zipf,0.3,1.5,2000,2,6.23288,150.312,160712,1395738
B,3,30,0.3,file_manager,0.2,0.05,0.45,0.1,0.1,0.1,zipf,0.8,2,2000,2,13.7584,385.375,72808.5,1381832
B,3,30,0.6,file_manager,0.2,0.05,0.45,0.1,0.1,0.1,uniform,0,0,2000,2,1.26255,13.542,835145,1402035
B,3,30,0.6,file_manager,0.2,0.05,0.45,0.1,0.1,0.1,zipf,0.3,1.5,2000,2,5.05592,152.583,198187,1400185
B,3,30,0.6,file_manager,0.2,0.05,0.45,0.1,0.1,0.1,zipf,0.8,2,2000,2,9.61756,261.667,104209,1390788
B,3,30,0.95,file_manager,0.2,0.05,0.45,0.1,0.1,0.1,uniform,0,0,2000,2,0.650128,2.8955,1.5384e+06,1409040
B,3,30,0.95,file_manager,0.2,0.05,0.45,0.1,0.1,0.1,zipf,0.3,1.5,2000,2,6.55797,193.417,154137,1390196
B,3,30,0.95,file_manager,0.2,0.05,0.45,0.1,0.1,0.1,zipf,0.8,2,2000,2,12.8075,401.333,78430.6,1396281
B,3,50,0.3,file_manager,0.2,0.05,0.45,0.1,0.1,0.1,uniform,0,0,2000,2,0.833297,2.9995,1.20044e+06,7764071
B,3,50,0.3,file_manager,0.2,0.05,0.45,0.1,0.1,0.1,zipf,0.3,1.5,2000,2,7.94997,232.354,136666,7764660
B,3,50,0.3,file_manager,0.2,0.05,0.45,0.1,0.1,0.1,zipf,0.8,2,2000,2,12.2224,290.771,81845.6,7748490
B,3,50,0.6,file_manager,0.2,0.05,0.45,0.1,0.1,0.1,uniform,0,0,2000,2,0.843781,3.125,1.18536e+06,8538147
B,3,50,0.6,file_manager,0.2,0.05,0.45,0.1,0.1,0.1,zipf,0.3,1.5,2000,2,5.49842,153.334,182448,8535436
B,3,50,0.6,file_manager,0.2,0.05,0.45,0.1,0.1,0.1,zipf,0.8,2,2000,2,8.97703,245.041,111754,8545432
B,3,50,0.95,file_manager,0.2,0.05,0.45,0.1,0.1,0.1,uniform,0,0,2000,2,1.3725,4.1665,736666,8536248
B,3,50,0.95,file_manager,0.2,0.05,0.45,0.1,0.1,0.1,zipf,0.3,1.5,2000,2,6.92833,178.312,146705,8530968
B,3,50,0.95,file_manager,0.2,0.05,0.45,0.1,0.1,0.1,zipf,0.8,2,2000,2,6.85555,198.062,145997,8529718
B,2,5,0.3,refactoring,0.1,0.1,0.1,0.1,0.5,0.1,uniform,0,0,2000,2,5.54084,120.084,180688,47064
B,2,5,0.3,refactoring,0.1,0.1,0.1,0.1,0.5,0.1,zipf,0.3,1.5,2000,2,4.56741,77.4375,219061,42824
B,2,5,0.3,refactoring,0.1,0.1,0.1,0.1,0.5,0.1,zipf,0.8,2,2000,2,5.72581,94.0835,181867,45176
B,2,5,0.6,refactoring,0.1,0.1,0.1,0.1,0.5,0.1,uniform,0,0,2000,2,3.97581,78.938,251521,48304
B,2,5,0.6,refactoring,0.1,0.1,0.1,0.1,0.5,0.1,zipf,0.3,1.5,2000,2,5.09145,133.291,196408,46920
B,2,5,0.6,refactoring,0.1,0.1,0.1,0.1,0.5,0.1,zipf,0.8,2,2000,2,5.77209,135.479,181194,44512
B,2,5,0.95,refactoring,0.1,0.1,0.1,0.1,0.5,0.1,uniform,0,0,2000,2,4.45786,91.208,227451,48368
B,2,5,0.95,refactoring,0.1,0.1,0.1,0.1,0.5,0.1,zipf,0.3,1.5,2000,2,5.36785,139.312,186406,46688
B,2,5,0.95,refactoring,0.1,0.1,0.1,0.1,0.5,0.1,zipf,0.8,2,2000,2,5.14866,131.98,194737,45744
B,2,10,0.3,refactoring,0.1,0.1,0.1,0.1,0.5,0.1,uniform,0,0,2000,2,3.25573,56.7285,322272,52140
B,2,10,0.3,refactoring,0.1,0.1,0.1,0.1,0.5,0.1,zipf,0.3,1.5,2000,2,4.34955,112.729,231014,50775
B,2,10,0.3,refactoring,0.1,0.1,0.1,0.1,0.5,0.1,zipf,0.8,2,2000,2,4.95158,121.583,202903,50927
B,2,10,0.6,refactoring,0.1,0.1,0.1,0.1,0.5,0.1,uniform,0,0,2000,2,1.79241,28.7915,557991,56363
B,2,10,0.6,refactoring,0.1,0.1,0.1,0.1,0.5,0.1,zipf,0.3,1.5,2000,2,3.47357,95.2915,287889,57610
B,2,10,0.6,refactoring,0.1,0.1,0.1,0.1,0.5,0.1,zipf,0.8,2,2000,2,5.53945,137.916,186169,58697
B,2,10,0.95,refactoring,0.1,0.1,0.1,0.1,0.5,0.1,uniform,0,0,2000,2,2.14269,36.979,466712,60400
B,2,10,0.95,refactoring,0.1,0.1,0.1,0.1,0.5,0.1,zipf,0.3,1.5,2000,2,2.9175,65.7705,342760,51103
B,2,10,0.95,refactoring,0.1,0.1,0.1,0.1,0.5,0.1,zipf,0.8,2,2000,2,3.43173,77.042,291398,53076
B,2,15,0.3,refactoring,0.1,0.1,0.1,0.1,0.5,0.1,uniform,0,0,2000,2,2.21823,34.5835,467645,57415
B,2,15,0.3,refactoring,0.1,0.1,0.1,0.1,0.5,0.1,zipf,0.3,1.5,2000,2,4.07176,91.2295,246954,60687
B,2,15,0.3,refactoring,0.1,0.1,0.1,0.1,0.5,0.1,zipf,0.8,2,2000,2,3.80513,83.9375,262803,58166
B,2,15,0.6,refactoring,0.1,0.1,0.1,0.1,0.5,0.1,uniform,0,0,2000,2,1.19081,14.7915,839810,78193
B,2,15,0.6,refactoring,0.1,0.1,0.1,0.1,0.5,0.1,zipf,0.3,1.5,2000,2,4.63615,99.4585,215864,73616
B,2,15,0.6,refactoring,0.1,0.1,0.1,0.1,0.5,0.1,zipf,0.8,2,2000,2,3.88204,103.584,257740,75148
B,2,15,0.95,refactoring,0.1,0.1,0.1,0.1,0.5,0.1,uniform,0,0,2000,2,1.03734,8.25,964038,77500
B,2,15,0.95,refactoring,0.1,0.1,0.1,0.1,0.5,0.1,zipf,0.3,1.5,2000,2,3.19345,85.521,313143,72169
B,2,15,0.95,refactoring,0.1,0.1,0.1,0.1,0.5,0.1,zipf,0.8,2,2000,2,3.96778,97.7505,252076,75532
B,5,5,0.3,refactoring,0.1,0.1,0.1,0.1,0.5,0.1,uniform,0,0,2000,2,1.82961,21.7085,546604,121667
B,5,5,0.3,refactoring,0.1,0.1,0.1,0.1,0.5,0.1,zipf,0.3,1.5,2000,2,4.2778,75.6045,241035,121169
B,5,5,0.3,refactoring,0.1,0.1,0.1,0.1,0.5,0.1,zipf,0.8,2,2000,2,3.23482,61.7705,309195,113307
B,5,5,0.6,refactoring,0.1,0.1,0.1,0.1,0.5,0.1,uniform,0,0,2000,2,2.04878,25.0625,488147,118239
B,5,5,0.6,refactoring,0.1,0.1,0.1,0.1,0.5,0.1,zipf,0.3,1.5,2000,2,3.36054,68.417,297749,116843
B,5,5,0.6,refactoring,0.1,0.1,0.1,0.1,0.5,0.1,zipf,0.8,2,2000,2,2.96067,51.6875,339639,115005
B,5,5,0.95,refactoring,0.1,0.1,0.1,0.1,0.5,0.1,uniform,0,0,2000,2,3.13491,45.0415,332615,121037
B,5,5,0.95,refactoring,0.1,0.1,0.1,0.1,0.5,0.1,zipf,0.3,1.5,2000,2,3.1888,64.5205,313601,117053
B,5,5,0.95,refactoring,0.1,0.1,0.1,0.1,0.5,0.1,zipf,0.8,2,2000,2,3.71112,67.729,269461,115263
B,5,10,0.3,refactoring,0.1,0.1,0.1,0.1,0.5,0.1,uniform,0,0,2000,2,2.30059,18.375,471230,2325922
B,5,10,0.3,refactoring,0.1,0.1,0.1,0.1,0.5,0.1,zipf,0.3,1.5,2000,2,4.74076,101.646,210982,2299950
B,5,10,0.3,refactoring,0.1,0.1,0.1,0.1,0.5,0.1,zipf,0.8,2,2000,2,4.48109,86.4375,224438,2302733
B,5,10,0.6,refactoring,0.1,0.1,0.1,0.1,0.5,0.1,uniform,0,0,2000,2,1.56501,12.6455,642310,2325213
B,5,10,0.6,refactoring,0.1,0.1,0.1,0.1,0.5,0.1,zipf,0.3,1.5,2000,2,5.27792,101.604,196666,2299491
B,5,10,0.6,refactoring,0.1,0.1,0.1,0.1,0.5,0.1,zipf,0.8,2,2000,2,5.3012,107.541,190750,2304616
B,5,10,0.95,refactoring,0.1,0.1,0.1,0.1,0.5,0.1,uniform,0,0,2000,2,1.74523,13.729,574993,2323464
B,5,10,0.95,refactoring,0.1,0.1,0.1,0.1,0.5,0.1,zipf,0.3,1.5,2000,2,5.60491,129.084,179824,2303612
B,5,10,0.95,refactoring,0.1,0.1,0.1,0.1,0.5,0.1,zipf,0.8,2,2000,2,5.10057,105.896,199203,2299196
B,5,15,0.3,refactoring,0.1,0.1,0.1,0.1,0.5,0.1,uniform,0,0,2000,2,2.78709,20.1245,359152,18979637
B,5,15,0.3,refactoring,0.1,0.1,0.1,0.1,0.5,0.1,zipf,0.3,1.5,2000,2,4.41696,103.27,227841,18955402
B,5,15,0.3,refactoring,0.1,0.1,0.1,0.1,0.5,0.1,zipf,0.8,2,2000,2,3.92783,78.9375,255022,18945942
B,5,15,0.6,refactoring,0.1,0.1,0.1,0.1,0.5,0.1,uniform,0,0,2000,2,3.00737,27.4375,334110,18598997
B,5,15,0.6,refactoring,0.1,0.1,0.1,0.1,0.5,0.1,zipf,0.3,1.5,2000,2,3.71852,81.334,269117,18565520
B,5,15,0.6,refactoring,0.1,0.1,0.1,0.1,0.5,0.1,zipf,0.8,2,2000,2,3.09918,50.6665,323251,18562166
B,5,15,0.95,refactoring,0.1,0.1,0.1,0.1,0.5,0.1,uniform,0,0,2000,2,2.69086,26.875,371748,18599828
B,5,15,0.95,refactoring,0.1,0.1,0.1,0.1,0.5,0.1,zipf,0.3,1.5,2000,2,3.90255,90.1875,256723,18574315
B,5,15,0.95,refactoring,0.1,0.1,0.1,0.1,0.5,0.1,zipf,0.8,2,2000,2,3.15053,55.792,317407,18568323
B,10,5,0.3,refactoring,0.1,0.1,0.1,0.1,0.5,0.1,uniform,0,0,2000,2,2.557,21.0005,391113,17526223
B,10,5,0.3,refactoring,0.1,0.1,0.1,0.1,0.5,0.1,zipf,0.3,1.5,2000,2,4.33817,75.375,230834,17509011
B,10,5,0.3,refactoring,0.1,0.1,0.1,0.1,0.5,0.1,zipf,0.8,2,2000,2,4.614,91.8125,217160,17509065
B,10,5,0.6,refactoring,0.1,0.1,0.1,0.1,0.5,0.1,uniform,0,0,2000,2,8.85896,31.229,113009,12688772
B,10,5,0.6,refactoring,0.1,0.1,0.1,0.1,0.5,0.1,zipf,0.3,1.5,2000,2,5.90852,110,172393,12660680
B,10,5,0.6,refactoring,0.1,0.1,0.1,0.1,0.5,0.1,zipf,0.8,2,2000,2,4.93071,96.271,203297,12662662
B,10,5,0.95,refactoring,0.1,0.1,0.1,0.1,0.5,0.1,uniform,0,0,2000,2,2.82075,24.4165,357044,12693183
B,10,5,0.95,refactoring,0.1,0.1,0.1,0.1,0.5,0.1,zipf,0.3,1.5,2000,2,6.51268,139.542,153995,12661616
B,10,5,0.95,refactoring,0.1,0.1,0.1,0.1,0.5,0.1,zipf,0.8,2,2000,2,4.61883,84.4585,217076,12661748
B,10,10,0.3,refactoring,0.1,0.1,0.1,0.1,0.5,0.1,uniform,0,0,2000,2,12.5728,82.2295,103230,828288278
B,10,10,0.3,refactoring,0.1,0.1,0.1,0.1,0.5,0.1,zipf,0.3,1.5,2000,2,5.82247,98.4995,172558,828258462
B,10,10,0.3,refactoring,0.1,0.1,0.1,0.1,0.5,0.1,zipf,0.8,2,2000,2,8.45862,157.208,140521,828244124
B,10,10,0.6,refactoring,0.1,0.1,0.1,0.1,0.5,0.1,uniform,0,0,2000,2,16.8441,107.541,61755.4,827105610
B,10,10,0.6,refactoring,0.1,0.1,0.1,0.1,0.5,0.1,zipf,0.3,1.5,2000,2,8.68979,114.105,118236,827067993
B,10,10,0.6,refactoring,0.1,0.1,0.1,0.1,0.5,0.1,zipf,0.8,2,2000,2,4.25631,61.4375,235546,827070140
B,10,10,0.95,refactoring,0.1,0.1,0.1,0.1,0.5,0.1,uniform,0,0,2000,2,5.27378,16.458,204268,830594725
B,10,10,0.95,refactoring,0.1,0.1,0.1,0.1,0.5,0.1,zipf,0.3,1.5,2000,2,4.45649,85.312,224445,830563944
B,10,10,0.95,refactoring,0.1,0.1,0.1,0.1,0.5,0.1,zipf,0.8,2,2000,2,3.45621,68.25,289881,830556437
B,10,15,0.3,refactoring,0.1,0.1,0.1,0.1,0.5,0.1,uniform,0,0,2000,2,3.58681,16.729,279732,810989974
B,10,15,0.3,refactoring,0.1,0.1,0.1,0.1,0.5,0.1,zipf,0.3,1.5,2000,2,4.71279,97.417,212591,810963984
B,10,15,0.3,refactoring,0.1,0.1,0.1,0.1,0.5,0.1,zipf,0.8,2,2000,2,4.46024,81.354,224977,810953385
B,10,15,0.6,refactoring,0.1,0.1,0.1,0.1,0.5,0.1,uniform,0,0,2000,2,3.38762,20,295831,811484144
B,10,15,0.6,refactoring,0.1,0.1,0.1,0.1,0.5,0.1,zipf,0.3,1.5,2000,2,5.06587,97.9165,198933,811452167
B,10,15,0.6,refactoring,0.1,0.1,0.1,0.1,0.5,0.1,zipf,0.8,2,2000,2,5.26114,110.792,190145,811452466
B,10,15,0.95,refactoring,0.1,0.1,0.1,0.1,0.5,0.1,uniform,0,0,2000,2,3.9177,22.1665,262367,808191094
B,10,15,0.95,refactoring,0.1,0.1,0.1,0.1,0.5,0.1,zipf,0.3,1.5,2000,2,4.04812,62.167,247030,808150804
B,10,15,0.95,refactoring,0.1,0.1,0.1,0.1,0.5,0.1,zipf,0.8,2,2000,2,6.47502,124.459,156305,808150267
B,10,2,0.3,refactoring,0.1,0.1,0.1,0.1,0.5,0.1,uniform,0,0,2000,2,6.01738,140.459,169030,71180
B,10,2,0.3,refactoring,0.1,0.1,0.1,0.1,0.5,0.1,zipf,0.3,1.5,2000,2,4.74953,64.1455,210549,56498
B,10,2,0.3,refactoring,0.1,0.1,0.1,0.1,0.5,0.1,zipf,0.8,2,2000,2,3.20553,48.146,311968,64082
B,10,2,0.6,refactoring,0.1,0.1,0.1,0.1,0.5,0.1,uniform,0,0,2000,2,4.11249,83.5415,243164,63524
B,10,2,0.6,refactoring,0.1,0.1,0.1,0.1,0.5,0.1,zipf,0.3,1.5,2000,2,4.24723,62.646,235449,68151
B,10,2,0.6,refactoring,0.1,0.1,0.1,0.1,0.5,0.1,zipf,0.8,2,2000,2,3.51064,47.4165,284850,66190
B,10,2,0.95,refactoring,0.1,0.1,0.1,0.1,0.5,0.1,uniform,0,0,2000,2,5.71454,158.834,174993,67884
B,10,2,0.95,refactoring,0.1,0.1,0.1,0.1,0.5,0.1,zipf,0.3,1.5,2000,2,4.00998,60.8335,249381,65732
B,10,2,0.95,refactoring,0.1,0.1,0.1,0.1,0.5,0.1,zipf,0.8,2,2000,2,3.786,53.646,264133,66358
B,15,2,0.3,refactoring,0.1,0.1,0.1,0.1,0.5,0.1,uniform,0,0,2000,2,4.8471,76.6875,206326,96571
B,15,2,0.3,refactoring,0.1,0.1,0.1,0.1,0.5,0.1,zipf,0.3,1.5,2000,2,6.33386,102.521,157883,99837
B,15,2,0.3,refactoring,0.1,0.1,0.1,0.1,0.5,0.1,zipf,0.8,2,2000,2,6.96967,118.23,143480,101337
B,15,2,0.6,refactoring,0.1,0.1,0.1,0.1,0.5,0.1,uniform,0,0,2000,2,6.06207,190.416,164961,95496
B,15,2,0.6,refactoring,0.1,0.1,0.1,0.1,0.5,0.1,zipf,0.3,1.5,2000,2,7.85361,128.375,127330,103613
B,15,2,0.6,refactoring,0.1,0.1,0.1,0.1,0.5,0.1,zipf,0.8,2,2000,2,6.48041,104.48,154313,97762
B,15,2,0.95,refactoring,0.1,0.1,0.1,0.1,0.5,0.1,uniform,0,0,2000,2,5.89369,192.166,169675,97206
B,15,2,0.95,refactoring,0.1,0.1,0.1,0.1,0.5,0.1,zipf,0.3,1.5,2000,2,6.70488,113.749,149145,97008
B,15,2,0.95,refactoring,0.1,0.1,0.1,0.1,0.5,0.1,zipf,0.8,2,2000,2,8.35074,134.188,119751,100321
B,20,2,0.3,refactoring,0.1,0.1,0.1,0.1,0.5,0.1,uniform,0,0,2000,2,6.56814,146.125,152315,137149
B,20,2,0.3,refactoring,0.1,0.1,0.1,0.1,0.5,0.1,zipf,0.3,1.5,2000,2,7.01772,124.666,142497,127471
B,20,2,0.3,refactoring,0.1,0.1,0.1,0.1,0.5,0.1,zipf,0.8,2,2000,2,6.44599,102.229,155174,130523
B,20,2,0.6,refactoring,0.1,0.1,0.1,0.1,0.5,0.1,uniform,0,0,2000,2,6.34981,136.625,157690,130103
B,20,2,0.6,refactoring,0.1,0.1,0.1,0.1,0.5,0.1,zipf,0.3,1.5,2000,2,6.74857,122.646,148245,131009
B,20,2,0.6,refactoring,0.1,0.1,0.1,0.1,0.5,0.1,zipf,0.8,2,2000,2,6.82592,102.916,146508,126240
B,20,2,0.95,refactoring,0.1,0.1,0.1,0.1,0.5,0.1,uniform,0,0,2000,2,5.12903,132.604,195093,128650
B,20,2,0.95,refactoring,0.1,0.1,0.1,0.1,0.5,0.1,zipf,0.3,1.5,2000,2,6.10916,103.416,163767,126074
B,20,2,0.95,refactoring,0.1,0.1,0.1,0.1,0.5,0.1,zipf,0.8,2,2000,2,6.45937,106.48,155039,124658
B,15,3,0.3,refactoring,0.1,0.1,0.1,0.1,0.5,0.1,uniform,0,0,2000,2,4.59707,69.958,217573,3014908
B,15,3,0.3,refactoring,0.1,0.1,0.1,0.1,0.5,0.1,zipf,0.3,1.5,2000,2,4.80875,89.563,208346,2985557
B,15,3,0.3,refactoring,0.1,0.1,0.1,0.1,0.5,0.1,zipf,0.8,2,2000,2,4.94335,85.25,202368,2980035
B,15,3,0.6,refactoring,0.1,0.1,0.1,0.1,0.5,0.1,uniform,0,0,2000,2,5.03498,64.313,198730,3010721
B,15,3,0.6,refactoring,0.1,0.1,0.1,0.1,0.5,0.1,zipf,0.3,1.5,2000,2,6.04581,114.916,165416,2981645
B,15,3,0.6,refactoring,0.1,0.1,0.1,0.1,0.5,0.1,zipf,0.8,2,2000,2,5.93446,110.084,168524,2981821
B,15,3,0.95,refactoring,0.1,0.1,0.1,0.1,0.5,0.1,uniform,0,0,2000,2,6.00871,58.021,166468,3003577
B,15,3,0.95,refactoring,0.1,0.1,0.1,0.1,0.5,0.1,zipf,0.3,1.5,2000,2,4.81788,95.375,207677,2989606
B,15,3,0.95,refactoring,0.1,0.1,0.1,0.1,0.5,0.1,zipf,0.8,2,2000,2,5.62044,104.249,178100,2980760
B,2,30,0.3,refactoring,0.1,0.1,0.1,0.1,0.5,0.1,uniform,0,0,2000,2,0.951516,10.25,1.05117e+06,115223
B,2,30,0.3,refactoring,0.1,0.1,0.1,0.1,0.5,0.1,zipf,0.3,1.5,2000,2,2.8329,67.0415,352997,109139
B,2,30,0.3,refactoring,0.1,0.1,0.1,0.1,0.5,0.1,zipf,0.8,2,2000,2,3.30371,83.8125,302722,107067
B,2,30,0.6,refactoring,0.1,0.1,0.1,0.1,0.5,0.1,uniform,0,0,2000,2,0.985189,5.7505,1.01507e+06,179967
B,2,30,0.6,refactoring,0.1,0.1,0.1,0.1,0.5,0.1,zipf,0.3,1.5,2000,2,2.79199,74.9375,359021,159102
B,2,30,0.6,refactoring,0.1,0.1,0.1,0.1,0.5,0.1,zipf,0.8,2,2000,2,2.62071,70.4585,381857,153628
B,2,30,0.95,refactoring,0.1,0.1,0.1,0.1,0.5,0.1,uniform,0,0,2000,2,1.06688,5.3335,937407,170387
B,2,30,0.95,refactoring,0.1,0.1,0.1,0.1,0.5,0.1,zipf,0.3,1.5,2000,2,2.92897,75.3955,341506,156715
B,2,30,0.95,refactoring,0.1,0.1,0.1,0.1,0.5,0.1,zipf,0.8,2,2000,2,4.09766,95.583,244047,148479
B,2,50,0.3,refactoring,0.1,0.1,0.1,0.1,0.5,0.1,uniform,0,0,2000,2,1.52072,6.833,657619,230928
B,2,50,0.3,refactoring,0.1,0.1,0.1,0.1,0.5,0.1,zipf,0.3,1.5,2000,2,2.89438,75.771,345498,211407
B,2,50,0.3,refactoring,0.1,0.1,0.1,0.1,0.5,0.1,zipf,0.8,2,2000,2,3.08453,77.833,324271,202520
B,2,50,0.6,refactoring,0.1,0.1,0.1,0.1,0.5,0.1,uniform,0,0,2000,2,0.918773,4.125,1.08866e+06,346245
B,2,50,0.6,refactoring,0.1,0.1,0.1,0.1,0.5,0.1,zipf,0.3,1.5,2000,2,3.40893,83.3545,293465,317933
B,2,50,0.6,refactoring,0.1,0.1,0.1,0.1,0.5,0.1,zipf,0.8,2,2000,2,3.43214,76.5,291369,309719
B,2,50,0.95,refactoring,0.1,0.1,0.1,0.1,0.5,0.1,uniform,0,0,2000,2,1.8002,4.2505,555497,345920
B,2,50,0.95,refactoring,0.1,0.1,0.1,0.1,0.5,0.1,zipf,0.3,1.5,2000,2,2.48645,52.458,402186,319738
B,2,50,0.95,refactoring,0.1,0.1,0.1,0.1,0.5,0.1,zipf,0.8,2,2000,2,3.72007,78.458,268879,310611
B,3,30,0.3,refactoring,0.1,0.1,0.1,0.1,0.5,0.1,uniform,0,0,2000,2,0.941715,2.667,1.06397e+06,1585866
B,3,30,0.3,refactoring,0.1,0.1,0.1,0.1,0.5,0.1,zipf,0.3,1.5,2000,2,2.9486,67.7495,339169,1555894
B,3,30,0.3,refactoring,0.1,0.1,0.1,0.1,0.5,0.1,zipf,0.8,2,2000,2,3.22065,86.7295,311305,1552751
B,3,30,0.6,refactoring,0.1,0.1,0.1,0.1,0.5,0.1,uniform,0,0,2000,2,1.04188,2.9995,960684,1579822
B,3,30,0.6,refactoring,0.1,0.1,0.1,0.1,0.5,0.1,zipf,0.3,1.5,2000,2,3.07896,58.208,324785,1553537
B,3,30,0.6,refactoring,0.1,0.1,0.1,0.1,0.5,0.1,zipf,0.8,2,2000,2,3.99739,88.1665,250355,1545147
B,3,30,0.95,refactoring,0.1,0.1,0.1,0.1,0.5,0.1,uniform,0,0,2000,2,1.23397,2.8335,810888,1585989
B,3,30,0.95,refactoring,0.1,0.1,0.1,0.1,0.5,0.1,zipf,0.3,1.5,2000,2,3.93256,104.542,254814,1558287
B,3,30,0.95,refactoring,0.1,0.1,0.1,0.1,0.5,0.1,zipf,0.8,2,2000,2,3.27845,68.896,305594,1542710
B,3,50,0.3,refactoring,0.1,0.1,0.1,0.1,0.5,0.1,uniform,0,0,2000,2,3.14539,2.9585,318009,7233190
B,3,50,0.3,refactoring,0.1,0.1,0.1,0.1,0.5,0.1,zipf,0.3,1.5,2000,2,3.59664,94.3125,278038,7219488
B,3,50,0.3,refactoring,0.1,0.1,0.1,0.1,0.5,0.1,zipf,0.8,2,2000,2,3.42941,67.625,291814,7210824
B,3,50,0.6,refactoring,0.1,0.1,0.1,0.1,0.5,0.1,uniform,0,0,2000,2,1.76536,2.333,566879,7234655
B,3,50,0.6,refactoring,0.1,0.1,0.1,0.1,0.5,0.1,zipf,0.3,1.5,2000,2,3.73514,93.9585,267728,7214218
B,3,50,0.6,refactoring,0.1,0.1,0.1,0.1,0.5,0.1,zipf,0.8,2,2000,2,2.98889,55.6455,334573,7206911
B,3,50,0.95,refactoring,0.1,0.1,0.1,0.1,0.5,0.1,uniform,0,0,2000,2,1.09168,2.646,916072,7235707
B,3,50,0.95,refactoring,0.1,0.1,0.1,0.1,0.5,0.1,zipf,0.3,1.5,2000,2,3.22955,80.3125,309648,7210287
B,3,50,0.95,refactoring,0.1,0.1,0.1,0.1,0.5,0.1,zipf,0.8,2,2000,2,3.42823,61.396,291717,7208362
B,2,5,0.3,reshaping,0.05,0.1,0.35,0.05,0.4,0.05,uniform,0,0,2000,2,6.3147,193.271,158378,149600
B,2,5,0.3,reshaping,0.05,0.1,0.35,0.05,0.4,0.05,zipf,0.3,1.5,2000,2,6.34874,212.5,157819,138768
B,2,5,0.3,reshaping,0.05,0.1,0.35,0.05,0.4,0.05,zipf,0.8,2,2000,2,6.77813,227.084,148110,137240
B,2,5,0.6,reshaping,0.05,0.1,0.35,0.05,0.4,0.05,uniform,0,0,2000,2,5.42479,127.98,184362,151504
B,2,5,0.6,reshaping,0.05,0.1,0.35,0.05,0.4,0.05,zipf,0.3,1.5,2000,2,8.18504,243.958,126482,159008
B,2,5,0.6,reshaping,0.05,0.1,0.35,0.05,0.4,0.05,zipf,0.8,2,2000,2,6.05163,220.23,166069,152952
B,2,5,0.95,reshaping,0.05,0.1,0.35,0.05,0.4,0.05,uniform,0,0,2000,2,4.79849,128.77,208981,145204
B,2,5,0.95,reshaping,0.05,0.1,0.35,0.05,0.4,0.05,zipf,0.3,1.5,2000,2,4.79071,156.041,208739,137044
B,2,5,0.95,reshaping,0.05,0.1,0.35,0.05,0.4,0.05,zipf,0.8,2,2000,2,6.2396,212.645,160274,145602
B,2,10,0.3,reshaping,0.05,0.1,0.35,0.05,0.4,0.05,uniform,0,0,2000,2,4.33806,74.313,230536,150776
B,2,10,0.3,reshaping,0.05,0.1,0.35,0.05,0.4,0.05,zipf,0.3,1.5,2000,2,6.23549,228.145,162890,145294
B,2,10,0.3,reshaping,0.05,0.1,0.35,0.05,0.4,0.05,zipf,0.8,2,2000,2,6.06485,247.062,166662,138086
B,2,10,0.6,reshaping,0.05,0.1,0.35,0.05,0.4,0.05,uniform,0,0,2000,2,2.45394,37.75,408149,158324
B,2,10,0.6,reshaping,0.05,0.1,0.35,0.05,0.4,0.05,zipf,0.3,1.5,2000,2,4.38505,147.896,229720,149766
B,2,10,0.6,reshaping,0.05,0.1,0.35,0.05,0.4,0.05,zipf,0.8,2,2000,2,5.14587,159.938,201879,158054
B,2,10,0.95,reshaping,0.05,0.1,0.35,0.05,0.4,0.05,uniform,0,0,2000,2,1.22127,17.375,818879,157144
B,2,10,0.95,reshaping,0.05,0.1,0.35,0.05,0.4,0.05,zipf,0.3,1.5,2000,2,4.80545,152.709,218901,166458
B,2,10,0.95,reshaping,0.05,0.1,0.35,0.05,0.4,0.05,zipf,0.8,2,2000,2,6.22397,185.27,161775,179957
B,2,15,0.3,reshaping,0.05,0.1,0.35,0.05,0.4,0.05,uniform,0,0,2000,2,2.0068,22.3125,530202,157324
B,2,15,0.3,reshaping,0.05,0.1,0.35,0.05,0.4,0.05,zipf,0.3,1.5,2000,2,6.36369,161.27,164294,153674
B,2,15,0.3,reshaping,0.05,0.1,0.35,0.05,0.4,0.05,zipf,0.8,2,2000,2,4.76468,182.208,209878,156330
B,2,15,0.6,reshaping,0.05,0.1,0.35,0.05,0.4,0.05,uniform,0,0,2000,2,1.23903,11.396,807159,169483
B,2,15,0.6,reshaping,0.05,0.1,0.35,0.05,0.4,0.05,zipf,0.3,1.5,2000,2,2.35666,70.104,424494,186003
B,2,15,0.6,reshaping,0.05,0.1,0.35,0.05,0.4,0.05,zipf,0.8,2,2000,2,4.41361,168.5,228738,187267
B,2,15,0.95,reshaping,0.05,0.1,0.35,0.05,0.4,0.05,uniform,0,0,2000,2,1.04157,11.0005,960161,181550
B,2,15,0.95,reshaping,0.05,0.1,0.35,0.05,0.4,0.05,zipf,0.3,1.5,2000,2,2.40328,70.6255,416100,180612
B,2,15,0.95,reshaping,0.05,0.1,0.35,0.05,0.4,0.05,zipf,0.8,2,2000,2,3.60332,119.875,277552,175543
B,5,5,0.3,reshaping,0.05,0.1,0.35,0.05,0.4,0.05,uniform,0,0,2000,2,1.65552,19.7295,604166,252564
B,5,5,0.3,reshaping,0.05,0.1,0.35,0.05,0.4,0.05,zipf,0.3,1.5,2000,2,3.17146,103.666,315412,258141
B,5,5,0.3,reshaping,0.05,0.1,0.35,0.05,0.4,0.05,zipf,0.8,2,2000,2,5.96766,203.833,167833,245746
B,5,5,0.6,reshaping,0.05,0.1,0.35,0.05,0.4,0.05,uniform,0,0,2000,2,3.47841,32.6665,318730,255748
B,5,5,0.6,reshaping,0.05,0.1,0.35,0.05,0.4,0.05,zipf,0.3,1.5,2000,2,3.39422,117.584,294621,244708
B,5,5,0.6,reshaping,0.05,0.1,0.35,0.05,0.4,0.05,zipf,0.8,2,2000,2,4.36555,162.541,229066,245847
B,5,5,0.95,reshaping,0.05,0.1,0.35,0.05,0.4,0.05,uniform,0,0,2000,2,1.63074,18.521,613261,259860
B,5,5,0.95,reshaping,0.05,0.1,0.35,0.05,0.4,0.05,zipf,0.3,1.5,2000,2,2.80647,95.5205,356326,249009
B,5,5,0.95,reshaping,0.05,0.1,0.35,0.05,0.4,0.05,zipf,0.8,2,2000,2,4.19769,140.021,238226,249035
B,5,10,0.3,reshaping,0.05,0.1,0.35,0.05,0.4,0.05,uniform,0,0,2000,2,1.08324,8.25,923751,1863368
B,5,10,0.3,reshaping,0.05,0.1,0.35,0.05,0.4,0.05,zipf,0.3,1.5,2000,2,3.30879,103.312,307457,1849273
B,5,10,0.3,reshaping,0.05,0.1,0.35,0.05,0.4,0.05,zipf,0.8,2,2000,2,4.37404,154.708,228922,1847881
B,5,10,0.6,reshaping,0.05,0.1,0.35,0.05,0.4,0.05,uniform,0,0,2000,2,1.23666,11.812,859028,1871001
B,5,10,0.6,reshaping,0.05,0.1,0.35,0.05,0.4,0.05,zipf,0.3,1.5,2000,2,2.90804,92.2085,343911,1852095
B,5,10,0.6,reshaping,0.05,0.1,0.35,0.05,0.4,0.05,zipf,0.8,2,2000,2,3.9745,126.708,253855,1848183
B,5,10,0.95,reshaping,0.05,0.1,0.35,0.05,0.4,0.05,uniform,0,0,2000,2,1.18176,10.1875,872386,1876195
B,5,10,0.95,reshaping,0.05,0.1,0.35,0.05,0.4,0.05,zipf,0.3,1.5,2000,2,3.88325,121.104,272338,1856384
B,5,10,0.95,reshaping,0.05,0.1,0.35,0.05,0.4,0.05,zipf,0.8,2,2000,2,5.43753,184.437,187311,1843946
B,5,15,0.3,reshaping,0.05,0.1,0.35,0.05,0.4,0.05,uniform,0,0,2000,2,2.4595,4.687,446657,15508579
B,5,15,0.3,reshaping,0.05,0.1,0.35,0.05,0.4,0.05,zipf,0.3,1.5,2000,2,3.29636,101.438,303418,15478061
B,5,15,0.3,reshaping,0.05,0.1,0.35,0.05,0.4,0.05,zipf,0.8,2,2000,2,4.56022,147.062,223857,15479675
B,5,15,0.6,reshaping,0.05,0.1,0.35,0.05,0.4,0.05,uniform,0,0,2000,2,2.16491,12.1255,521333,16148740
B,5,15,0.6,reshaping,0.05,0.1,0.35,0.05,0.4,0.05,zipf,0.3,1.5,2000,2,6.94555,256.667,144779,16116988
B,5,15,0.6,reshaping,0.05,0.1,0.35,0.05,0.4,0.05,zipf,0.8,2,2000,2,4.88403,192.479,204754,16129112
B,5,15,0.95,reshaping,0.05,0.1,0.35,0.05,0.4,0.05,uniform,0,0,2000,2,1.46556,3.4585,717154,16141866
B,5,15,0.95,reshaping,0.05,0.1,0.35,0.05,0.4,0.05,zipf,0.3,1.5,2000,2,5.14077,201.334,194681,16129388
B,5,15,0.95,reshaping,0.05,0.1,0.35,0.05,0.4,0.05,zipf,0.8,2,2000,2,6.99812,256.25,144094,16129579
B,10,5,0.3,reshaping,0.05,0.1,0.35,0.05,0.4,0.05,uniform,0,0,2000,2,1.89073,13.1665,540914,3837468
B,10,5,0.3,reshaping,0.05,0.1,0.35,0.05,0.4,0.05,zipf,0.3,1.5,2000,2,4.4182,131.042,227236,3818013
B,10,5,0.3,reshaping,0.05,0.1,0.35,0.05,0.4,0.05,zipf,0.8,2,2000,2,4.63063,135.021,216240,3815835
B,10,5,0.6,reshaping,0.05,0.1,0.35,0.05,0.4,0.05,uniform,0,0,2000,2,2.46064,9.0205,407240,3832644
B,10,5,0.6,reshaping,0.05,0.1,0.35,0.05,0.4,0.05,zipf,0.3,1.5,2000,2,3.92418,89.625,257890,3815558
B,10,5,0.6,reshaping,0.05,0.1,0.35,0.05,0.4,0.05,zipf,0.8,2,2000,2,6.55908,186.645,157495,3817611
B,10,5,0.95,reshaping,0.05,0.1,0.35,0.05,0.4,0.05,uniform,0,0,2000,2,1.84691,11.2705,544230,3837563
B,10,5,0.95,reshaping,0.05,0.1,0.35,0.05,0.4,0.05,zipf,0.3,1.5,2000,2,4.10019,109.355,245714,3821395
B,10,5,0.95,reshaping,0.05,0.1,0.35,0.05,0.4,0.05,zipf,0.8,2,2000,2,6.9617,253.688,143774,3814107
B,10,10,0.3,reshaping,0.05,0.1,0.35,0.05,0.4,0.05,uniform,0,0,2000,2,17.2112,115.124,74633.7,826437760
B,10,10,0.3,reshaping,0.05,0.1,0.35,0.05,0.4,0.05,zipf,0.3,1.5,2000,2,5.63018,84.1045,184913,826421486
B,10,10,0.3,reshaping,0.05,0.1,0.35,0.05,0.4,0.05,zipf,0.8,2,2000,2,8.849,210,119367,826416696
B,10,10,0.6,reshaping,0.05,0.1,0.35,0.05,0.4,0.05,uniform,0,0,2000,2,17.6486,145.396,78288.4,821936977
B,10,10,0.6,reshaping,0.05,0.1,0.35,0.05,0.4,0.05,zipf,0.3,1.5,2000,2,8.36705,166.167,128472,821895642
B,10,10,0.6,reshaping,0.05,0.1,0.35,0.05,0.4,0.05,zipf,0.8,2,2000,2,6.7651,137.188,148614,821895343
B,10,10,0.95,reshaping,0.05,0.1,0.35,0.05,0.4,0.05,uniform,0,0,2000,2,8.80725,30.1245,124128,824404874
B,10,10,0.95,reshaping,0.05,0.1,0.35,0.05,0.4,0.05,zipf,0.3,1.5,2000,2,8.32679,142.188,126800,824378623
B,10,10,0.95,reshaping,0.05,0.1,0.35,0.05,0.4,0.05,zipf,0.8,2,2000,2,6.49824,159.395,154022,824379613
B,10,15,0.3,reshaping,0.05,0.1,0.35,0.05,0.4,0.05,uniform,0,0,2000,2,16.4342,138.041,68930.4,813678909
B,10,15,0.3,reshaping,0.05,0.1,0.35,0.05,0.4,0.05,zipf,0.3,1.5,2000,2,10.8324,142.291,107194,813658633
B,10,15,0.3,reshaping,0.05,0.1,0.35,0.05,0.4,0.05,zipf,0.8,2,2000,2,6.71016,169.771,149863,813651092
B,10,15,0.6,reshaping,0.05,0.1,0.35,0.05,0.4,0.05,uniform,0,0,2000,2,10.9707,57.25,91380.8,811025054
B,10,15,0.6,reshaping,0.05,0.1,0.35,0.05,0.4,0.05,zipf,0.3,1.5,2000,2,7.39116,176.209,139220,810993868
B,10,15,0.6,reshaping,0.05,0.1,0.35,0.05,0.4,0.05,zipf,0.8,2,2000,2,8.16995,175.438,138978,810998439
B,10,15,0.95,reshaping,0.05,0.1,0.35,0.05,0.4,0.05,uniform,0,0,2000,2,26.2352,201.416,38443.3,818761158
B,10,15,0.95,reshaping,0.05,0.1,0.35,0.05,0.4,0.05,zipf,0.3,1.5,2000,2,8.30958,135.584,120813,818750433
B,10,15,0.95,reshaping,0.05,0.1,0.35,0.05,0.4,0.05,zipf,0.8,2,2000,2,7.77408,217.042,134613,818731404
B,10,2,0.3,reshaping,0.05,0.1,0.35,0.05,0.4,0.05,uniform,0,0,2000,2,5.83399,120.626,173895,180264
B,10,2,0.3,reshaping,0.05,0.1,0.35,0.05,0.4,0.05,zipf,0.3,1.5,2000,2,6.924,227.688,154260,171002
B,10,2,0.3,reshaping,0.05,0.1,0.35,0.05,0.4,0.05,zipf,0.8,2,2000,2,9.67034,311.437,106151,178175
B,10,2,0.6,reshaping,0.05,0.1,0.35,0.05,0.4,0.05,uniform,0,0,2000,2,6.11034,143.396,163683,177632
B,10,2,0.6,reshaping,0.05,0.1,0.35,0.05,0.4,0.05,zipf,0.3,1.5,2000,2,5.48814,151.312,182410,184226
B,10,2,0.6,reshaping,0.05,0.1,0.35,0.05,0.4,0.05,zipf,0.8,2,2000,2,8.89316,319.375,113331,179523
B,10,2,0.95,reshaping,0.05,0.1,0.35,0.05,0.4,0.05,uniform,0,0,2000,2,4.50102,110.73,222179,186264
B,10,2,0.95,reshaping,0.05,0.1,0.35,0.05,0.4,0.05,zipf,0.3,1.5,2000,2,5.92951,183.959,168650,183053
B,10,2,0.95,reshaping,0.05,0.1,0.35,0.05,0.4,0.05,zipf,0.8,2,2000,2,7.97812,273.854,127908,179527
B,15,2,0.3,reshaping,0.05,0.1,0.35,0.05,0.4,0.05,uniform,0,0,2000,2,4.96981,93.75,202501,255783
B,15,2,0.3,reshaping,0.05,0.1,0.35,0.05,0.4,0.05,zipf,0.3,1.5,2000,2,6.01282,179.062,169499,255517
B,15,2,0.3,reshaping,0.05,0.1,0.35,0.05,0.4,0.05,zipf,0.8,2,2000,2,3.79683,114.084,263386,247657
B,15,2,0.6,reshaping,0.05,0.1,0.35,0.05,0.4,0.05,uniform,0,0,2000,2,3.27832,72.75,305196,263323
B,15,2,0.6,reshaping,0.05,0.1,0.35,0.05,0.4,0.05,zipf,0.3,1.5,2000,2,5.35416,148.667,186927,239462
B,15,2,0.6,reshaping,0.05,0.1,0.35,0.05,0.4,0.05,zipf,0.8,2,2000,2,4.98881,138.271,200516,248071
B,15,2,0.95,reshaping,0.05,0.1,0.35,0.05,0.4,0.05,uniform,0,0,2000,2,3.64832,79.896,274129,251094
B,15,2,0.95,reshaping,0.05,0.1,0.35,0.05,0.4,0.05,zipf,0.3,1.5,2000,2,4.12422,99.5625,242475,261163
B,15,2,0.95,reshaping,0.05,0.1,0.35,0.05,0.4,0.05,zipf,0.8,2,2000,2,5.08039,130.895,204576,250182
B,20,2,0.3,reshaping,0.05,0.1,0.35,0.05,0.4,0.05,uniform,0,0,2000,2,7.99897,131.125,125801,268352
B,20,2,0.3,reshaping,0.05,0.1,0.35,0.05,0.4,0.05,zipf,0.3,1.5,2000,2,7.57001,224.083,132153,277004
B,20,2,0.3,reshaping,0.05,0.1,0.35,0.05,0.4,0.05,zipf,0.8,2,2000,2,8.37492,239.938,120406,270426
B,20,2,0.6,reshaping,0.05,0.1,0.35,0.05,0.4,0.05,uniform,0,0,2000,2,7.14314,138.479,144427,263286
B,20,2,0.6,reshaping,0.05,0.1,0.35,0.05,0.4,0.05,zipf,0.3,1.5,2000,2,7.58223,202.646,133194,285741
B,20,2,0.6,reshaping,0.05,0.1,0.35,0.05,0.4,0.05,zipf,0.8,2,2000,2,9.11414,246.417,111494,269444
B,20,2,0.95,reshaping,0.05,0.1,0.35,0.05,0.4,0.05,uniform,0,0,2000,2,4.98337,118.729,205911,255679
B,20,2,0.95,reshaping,0.05,0.1,0.35,0.05,0.4,0.05,zipf,0.3,1.5,2000,2,9.33346,252.292,107663,280672
B,20,2,0.95,reshaping,0.05,0.1,0.35,0.05,0.4,0.05,zipf,0.8,2,2000,2,9.40161,292.104,108369,276196
B,15,3,0.3,reshaping,0.05,0.1,0.35,0.05,0.4,0.05,uniform,0,0,2000,2,3.35661,17.958,297928,2474584
B,15,3,0.3,reshaping,0.05,0.1,0.35,0.05,0.4,0.05,zipf,0.3,1.5,2000,2,4.66866,110.084,214653,2447641
B,15,3,0.3,reshaping,0.05,0.1,0.35,0.05,0.4,0.05,zipf,0.8,2,2000,2,5.40405,163.709,185047,2451757
B,15,3,0.6,reshaping,0.05,0.1,0.35,0.05,0.4,0.05,uniform,0,0,2000,2,3.66411,23.1455,278119,646695
B,15,3,0.6,reshaping,0.05,0.1,0.35,0.05,0.4,0.05,zipf,0.3,1.5,2000,2,5.50735,179.605,183373,632773
B,15,3,0.6,reshaping,0.05,0.1,0.35,0.05,0.4,0.05,zipf,0.8,2,2000,2,8.26445,272.146,123250,640835
B,15,3,0.95,reshaping,0.05,0.1,0.35,0.05,0.4,0.05,uniform,0,0,2000,2,2.08402,18.7085,479883,650976
B,15,3,0.95,reshaping,0.05,0.1,0.35,0.05,0.4,0.05,zipf,0.3,1.5,2000,2,6.48841,141.292,156132,630001
B,15,3,0.95,reshaping,0.05,0.1,0.35,0.05,0.4,0.05,zipf,0.8,2,2000,2,6.8983,145.5,145186,623416
B,2,30,0.3,reshaping,0.05,0.1,0.35,0.05,0.4,0.05,uniform,0,0,2000,2,1.62428,16.25,615784,228463
B,2,30,0.3,reshaping,0.05,0.1,0.35,0.05,0.4,0.05,zipf,0.3,1.5,2000,2,2.6747,73.521,374119,217375
B,2,30,0.3,reshaping,0.05,0.1,0.35,0.05,0.4,0.05,zipf,0.8,2,2000,2,4.48739,155.25,222848,222344
B,2,30,0.6,reshaping,0.05,0.1,0.35,0.05,0.4,0.05,uniform,0,0,2000,2,0.832457,6.146,1.20129e+06,288757
B,2,30,0.6,reshaping,0.05,0.1,0.35,0.05,0.4,0.05,zipf,0.3,1.5,2000,2,4.99268,164.145,200460,267800
B,2,30,0.6,reshaping,0.05,0.1,0.35,0.05,0.4,0.05,zipf,0.8,2,2000,2,5.43184,239.603,190000,260384
B,2,30,0.95,reshaping,0.05,0.1,0.35,0.05,0.4,0.05,uniform,0,0,2000,2,0.772778,6.4795,1.29405e+06,280365
B,2,30,0.95,reshaping,0.05,0.1,0.35,0.05,0.4,0.05,zipf,0.3,1.5,2000,2,4.79045,135.666,210906,265546
B,2,30,0.95,reshaping,0.05,0.1,0.35,0.05,0.4,0.05,zipf,0.8,2,2000,2,4.50837,162.812,221875,271509
B,2,50,0.3,reshaping,0.05,0.1,0.35,0.05,0.4,0.05,uniform,0,0,2000,2,0.675407,4.333,1.48107e+06,337272
B,2,50,0.3,reshaping,0.05,0.1,0.35,0.05,0.4,0.05,zipf,0.3,1.5,2000,2,2.97762,80.271,337150,324804
B,2,50,0.3,reshaping,0.05,0.1,0.35,0.05,0.4,0.05,zipf,0.8,2,2000,2,5.74339,169.167,175758,308267
B,2,50,0.6,reshaping,0.05,0.1,0.35,0.05,0.4,0.05,uniform,0,0,2000,2,0.619607,3.312,1.63969e+06,445975
B,2,50,0.6,reshaping,0.05,0.1,0.35,0.05,0.4,0.05,zipf,0.3,1.5,2000,2,2.69973,85.8955,370418,429143
B,2,50,0.6,reshaping,0.05,0.1,0.35,0.05,0.4,0.05,zipf,0.8,2,2000,2,4.66138,147.855,224160,417949
B,2,50,0.95,reshaping,0.05,0.1,0.35,0.05,0.4,0.05,uniform,0,0,2000,2,0.544401,2.979,1.83697e+06,458766
B,2,50,0.95,reshaping,0.05,0.1,0.35,0.05,0.4,0.05,zipf,0.3,1.5,2000,2,2.94877,93.333,339125,424168
B,2,50,0.95,reshaping,0.05,0.1,0.35,0.05,0.4,0.05,zipf,0.8,2,2000,2,3.47951,124.563,287397,419785
B,3,30,0.3,reshaping,0.05,0.1,0.35,0.05,0.4,0.05,uniform,0,0,2000,2,0.895807,3.021,1.14222e+06,1359606
B,3,30,0.3,reshaping,0.05,0.1,0.35,0.05,0.4,0.05,zipf,0.3,1.5,2000,2,3.76522,94.8335,267108,1334097
B,3,30,0.3,reshaping,0.05,0.1,0.35,0.05,0.4,0.05,zipf,0.8,2,2000,2,6.4459,234.541,155236,1337314
B,3,30,0.6,reshaping,0.05,0.1,0.35,0.05,0.4,0.05,uniform,0,0,2000,2,1.50028,3.7915,666554,1355760
B,3,30,0.6,reshaping,0.05,0.1,0.35,0.05,0.4,0.05,zipf,0.3,1.5,2000,2,2.9069,75.562,344009,1333822
B,3,30,0.6,reshaping,0.05,0.1,0.35,0.05,0.4,0.05,zipf,0.8,2,2000,2,5.64372,173,177311,1329598
B,3,30,0.95,reshaping,0.05,0.1,0.35,0.05,0.4,0.05,uniform,0,0,2000,2,0.953791,2.2085,1.04961e+06,1365376
B,3,30,0.95,reshaping,0.05,0.1,0.35,0.05,0.4,0.05,zipf,0.3,1.5,2000,2,4.08291,110.979,244954,1339560
B,3,30,0.95,reshaping,0.05,0.1,0.35,0.05,0.4,0.05,zipf,0.8,2,2000,2,4.72416,165.333,212765,1329369
B,3,50,0.3,reshaping,0.05,0.1,0.35,0.05,0.4,0.05,uniform,0,0,2000,2,0.971754,2.0835,1.03009e+06,6458769
B,3,50,0.3,reshaping,0.05,0.1,0.35,0.05,0.4,0.05,zipf,0.3,1.5,2000,2,3.41062,89.3125,294217,6441374
B,3,50,0.3,reshaping,0.05,0.1,0.35,0.05,0.4,0.05,zipf,0.8,2,2000,2,6.70386,176.625,149616,6430160
B,3,50,0.6,reshaping,0.05,0.1,0.35,0.05,0.4,0.05,uniform,0,0,2000,2,1.03376,2.521,967509,6458364
B,3,50,0.6,reshaping,0.05,0.1,0.35,0.05,0.4,0.05,zipf,0.3,1.5,2000,2,3.27523,92.25,306065,6428759
B,3,50,0.6,reshaping,0.05,0.1,0.35,0.05,0.4,0.05,zipf,0.8,2,2000,2,5.1301,181.604,195300,6429353
B,3,50,0.95,reshaping,0.05,0.1,0.35,0.05,0.4,0.05,uniform,0,0,2000,2,1.03222,2.8545,982544,6462600
B,3,50,0.95,reshaping,0.05,0.1,0.35,0.05,0.4,0.05,zipf,0.3,1.5,2000,2,5.10671,95.1665,218161,6435877
B,3,50,0.95,reshaping,0.05,0.1,0.35,0.05,0.4,0.05,zipf,0.8,2,2000,2,5.36279,161.104,189732,6431005
B,2,5,0.3,web_server,0.8,0.1,0,0.1,0,0,uniform,0,0,2000,2,0.15213,0.3745,6.61815e+06,1876
B,2,5,0.3,web_server,0.8,0.1,0,0.1,0,0,zipf,0.3,1.5,2000,2,0.12713,0.2915,7.8661e+06,1876
B,2,5,0.3,web_server,0.8,0.1,0,0.1,0,0,zipf,0.8,2,2000,2,0.123329,0.167,8.10948e+06,1876
B,2,5,0.6,web_server,0.8,0.1,0,0.1,0,0,uniform,0,0,2000,2,0.143982,0.5005,6.94868e+06,3872
B,2,5,0.6,web_server,0.8,0.1,0,0.1,0,0,zipf,0.3,1.5,2000,2,0.150591,0.5205,6.64051e+06,3872
B,2,5,0.6,web_server,0.8,0.1,0,0.1,0,0,zipf,0.8,2,2000,2,0.131053,0.5,7.63935e+06,3872
B,2,5,0.95,web_server,0.8,0.1,0,0.1,0,0,uniform,0,0,2000,2,0.150866,0.5625,6.62973e+06,6704
B,2,5,0.95,web_server,0.8,0.1,0,0.1,0,0,zipf,0.3,1.5,2000,2,0.138545,0.3545,7.21839e+06,6704
B,2,5,0.95,web_server,0.8,0.1,0,0.1,0,0,zipf,0.8,2,2000,2,0.124216,0.209,8.05053e+06,6611
B,2,10,0.3,web_server,0.8,0.1,0,0.1,0,0,uniform,0,0,2000,2,0.15057,0.6045,6.64255e+06,7612
B,2,10,0.3,web_server,0.8,0.1,0,0.1,0,0,zipf,0.3,1.5,2000,2,0.143985,0.542,6.94577e+06,7612
B,2,10,0.3,web_server,0.8,0.1,0,0.1,0,0,zipf,0.8,2,2000,2,0.128807,0.291,7.7644e+06,7612
B,2,10,0.6,web_server,0.8,0.1,0,0.1,0,0,uniform,0,0,2000,2,0.166228,0.812,6.01665e+06,15568
B,2,10,0.6,web_server,0.8,0.1,0,0.1,0,0,zipf,0.3,1.5,2000,2,0.164926,0.771,6.06378e+06,15382
B,2,10,0.6,web_server,0.8,0.1,0,0.1,0,0,zipf,0.8,2,2000,2,0.146763,0.7085,6.81419e+06,14545
B,2,10,0.95,web_server,0.8,0.1,0,0.1,0,0,uniform,0,0,2000,2,0.173203,0.875,5.80124e+06,19112
B,2,10,0.95,web_server,0.8,0.1,0,0.1,0,0,zipf,0.3,1.5,2000,2,0.177027,0.854,5.65037e+06,18647
B,2,10,0.95,web_server,0.8,0.1,0,0.1,0,0,zipf,0.8,2,2000,2,0.160761,0.7915,6.22064e+06,17996
B,2,15,0.3,web_server,0.8,0.1,0,0.1,0,0,uniform,0,0,2000,2,0.170565,0.7915,5.86385e+06,16976
B,2,15,0.3,web_server,0.8,0.1,0,0.1,0,0,zipf,0.3,1.5,2000,2,0.160305,0.8335,6.23857e+06,16325
B,2,15,0.3,web_server,0.8,0.1,0,0.1,0,0,zipf,0.8,2,2000,2,0.184805,0.416,5.56134e+06,16325
B,2,15,0.6,web_server,0.8,0.1,0,0.1,0,0,uniform,0,0,2000,2,0.171413,0.917,5.83454e+06,33873
B,2,15,0.6,web_server,0.8,0.1,0,0.1,0,0,zipf,0.3,1.5,2000,2,0.180644,0.959,5.53596e+06,31176
B,2,15,0.6,web_server,0.8,0.1,0,0.1,0,0,zipf,0.8,2,2000,2,0.167129,0.958,5.98341e+06,31176
B,2,15,0.95,web_server,0.8,0.1,0,0.1,0,0,uniform,0,0,2000,2,0.1721,0.9795,5.81089e+06,34963
B,2,15,0.95,web_server,0.8,0.1,0,0.1,0,0,zipf,0.3,1.5,2000,2,0.22149,0.9795,4.6298e+06,32266
B,2,15,0.95,web_server,0.8,0.1,0,0.1,0,0,zipf,0.8,2,2000,2,0.178425,0.9585,5.60557e+06,31615
B,5,5,0.3,web_server,0.8,0.1,0,0.1,0,0,uniform,0,0,2000,2,0.303892,1.271,3.29099e+06,65145
B,5,5,0.3,web_server,0.8,0.1,0,0.1,0,0,zipf,0.3,1.5,2000,2,0.31891,1.2085,3.13576e+06,60123
B,5,5,0.3,web_server,0.8,0.1,0,0.1,0,0,zipf,0.8,2,2000,2,0.322302,1.25,3.10269e+06,58542
B,5,5,0.6,web_server,0.8,0.1,0,0.1,0,0,uniform,0,0,2000,2,0.318686,1.4375,3.1412e+06,64122
B,5,5,0.6,web_server,0.8,0.1,0,0.1,0,0,zipf,0.3,1.5,2000,2,0.281734,1.208,3.56187e+06,60588
B,5,5,0.6,web_server,0.8,0.1,0,0.1,0,0,zipf,0.8,2,2000,2,0.270223,1,3.70084e+06,58635
B,5,5,0.95,web_server,0.8,0.1,0,0.1,0,0,uniform,0,0,2000,2,0.279896,1.1045,3.57331e+06,65331
B,5,5,0.95,web_server,0.8,0.1,0,0.1,0,0,zipf,0.3,1.5,2000,2,0.269181,1.312,3.7157e+06,59472
B,5,5,0.95,web_server,0.8,0.1,0,0.1,0,0,zipf,0.8,2,2000,2,0.277763,0.9795,3.60031e+06,58449
B,5,10,0.3,web_server,0.8,0.1,0,0.1,0,0,uniform,0,0,2000,2,0.84654,3.5625,1.20316e+06,1497810
B,5,10,0.3,web_server,0.8,0.1,0,0.1,0,0,zipf,0.3,1.5,2000,2,0.411438,2.333,2.4385e+06,1486278
B,5,10,0.3,web_server,0.8,0.1,0,0.1,0,0,zipf,0.8,2,2000,2,0.335019,2.0415,2.98504e+06,1485348
B,5,10,0.6,web_server,0.8,0.1,0,0.1,0,0,uniform,0,0,2000,2,0.662907,2.9375,1.5093e+06,1496229
B,5,10,0.6,web_server,0.8,0.1,0,0.1,0,0,zipf,0.3,1.5,2000,2,0.419923,2.563,2.41868e+06,1484790
B,5,10,0.6,web_server,0.8,0.1,0,0.1,0,0,zipf,0.8,2,2000,2,0.355534,2.5835,2.83392e+06,1484604
B,5,10,0.95,web_server,0.8,0.1,0,0.1,0,0,uniform,0,0,2000,2,0.478437,2.8545,2.10389e+06,1498740
B,5,10,0.95,web_server,0.8,0.1,0,0.1,0,0,zipf,0.3,1.5,2000,2,0.376768,2.2085,2.66625e+06,1486278
B,5,10,0.95,web_server,0.8,0.1,0,0.1,0,0,zipf,0.8,2,2000,2,0.323194,2.291,3.09438e+06,1484046
B,5,15,0.3,web_server,0.8,0.1,0,0.1,0,0,uniform,0,0,2000,2,1.06316,5.063,998602,13655367
B,5,15,0.3,web_server,0.8,0.1,0,0.1,0,0,zipf,0.3,1.5,2000,2,0.51701,2.2295,2.12037e+06,13644021
B,5,15,0.3,web_server,0.8,0.1,0,0.1,0,0,zipf,0.8,2,2000,2,0.395865,2.5835,2.53331e+06,13640952
B,5,15,0.6,web_server,0.8,0.1,0,0.1,0,0,uniform,0,0,2000,2,1.27314,4.604,787380,19567302
B,5,15,0.6,web_server,0.8,0.1,0,0.1,0,0,zipf,0.3,1.5,2000,2,0.448011,2.8125,2.23331e+06,19554654
B,5,15,0.6,web_server,0.8,0.1,0,0.1,0,0,zipf,0.8,2,2000,2,0.47132,3.229,2.1496e+06,19553445
B,5,15,0.95,web_server,0.8,0.1,0,0.1,0,0,uniform,0,0,2000,2,0.989419,4.1875,1.02609e+06,13057856
B,5,15,0.95,web_server,0.8,0.1,0,0.1,0,0,zipf,0.3,1.5,2000,2,0.504231,2.354,2.06452e+06,13047161
B,5,15,0.95,web_server,0.8,0.1,0,0.1,0,0,zipf,0.8,2,2000,2,0.329922,1.2915,3.0314e+06,13043999
B,10,5,0.3,web_server,0.8,0.1,0,0.1,0,0,uniform,0,0,2000,2,1.13285,2.8335,897012,12380369
B,10,5,0.3,web_server,0.8,0.1,0,0.1,0,0,zipf,0.3,1.5,2000,2,0.528692,2.2915,1.89262e+06,12368372
B,10,5,0.3,web_server,0.8,0.1,0,0.1,0,0,zipf,0.8,2,2000,2,0.430083,1.834,2.32751e+06,12365582
B,10,5,0.6,web_server,0.8,0.1,0,0.1,0,0,uniform,0,0,2000,2,0.956526,2.396,1.04794e+06,6119535
B,10,5,0.6,web_server,0.8,0.1,0,0.1,0,0,zipf,0.3,1.5,2000,2,0.5028,2.1665,1.9893e+06,6106608
B,10,5,0.6,web_server,0.8,0.1,0,0.1,0,0,zipf,0.8,2,2000,2,0.469431,1.6045,2.1318e+06,6104469
B,10,5,0.95,web_server,0.8,0.1,0,0.1,0,0,uniform,0,0,2000,2,1.02267,2.75,982360,6117210
B,10,5,0.95,web_server,0.8,0.1,0,0.1,0,0,zipf,0.3,1.5,2000,2,0.490872,1.9375,2.03805e+06,6106050
B,10,5,0.95,web_server,0.8,0.1,0,0.1,0,0,zipf,0.8,2,2000,2,0.450424,1.771,2.22042e+06,6104190
B,10,10,0.3,web_server,0.8,0.1,0,0.1,0,0,uniform,0,0,2000,2,11.1854,116.146,89612.9,826815089
B,10,10,0.3,web_server,0.8,0.1,0,0.1,0,0,zipf,0.3,1.5,2000,2,1.5021,21.75,672679,826801232
B,10,10,0.3,web_server,0.8,0.1,0,0.1,0,0,zipf,0.8,2,2000,2,0.54617,9.3545,1.90216e+06,826798349
B,10,10,0.6,web_server,0.8,0.1,0,0.1,0,0,uniform,0,0,2000,2,14.6576,87.417,81123.7,830777424
B,10,10,0.6,web_server,0.8,0.1,0,0.1,0,0,zipf,0.3,1.5,2000,2,2.55933,40.917,442521,830764497
B,10,10,0.6,web_server,0.8,0.1,0,0.1,0,0,zipf,0.8,2,2000,2,0.340639,3.542,2.95786e+06,830762265
B,10,10,0.95,web_server,0.8,0.1,0,0.1,0,0,uniform,0,0,2000,2,1.84979,10.396,615875,820541187
B,10,10,0.95,web_server,0.8,0.1,0,0.1,0,0,zipf,0.3,1.5,2000,2,0.429962,4.4585,2.32675e+06,820526865
B,10,10,0.95,web_server,0.8,0.1,0,0.1,0,0,zipf,0.8,2,2000,2,0.324534,3.3125,3.28263e+06,820523610
B,10,15,0.3,web_server,0.8,0.1,0,0.1,0,0,uniform,0,0,2000,2,4.64592,28.4375,222049,812775760
B,10,15,0.3,web_server,0.8,0.1,0,0.1,0,0,zipf,0.3,1.5,2000,2,0.794479,7.75,1.27154e+06,812762368
B,10,15,0.3,web_server,0.8,0.1,0,0.1,0,0,zipf,0.8,2,2000,2,0.812713,17.8545,1.71547e+06,812758834
B,10,15,0.6,web_server,0.8,0.1,0,0.1,0,0,uniform,0,0,2000,2,11.644,66.2915,130667,816856305
B,10,15,0.6,web_server,0.8,0.1,0,0.1,0,0,zipf,0.3,1.5,2000,2,3.00837,43.4795,378955,816845145
B,10,15,0.6,web_server,0.8,0.1,0,0.1,0,0,zipf,0.8,2,2000,2,0.539284,7.937,1.87489e+06,816841890
B,10,15,0.95,web_server,0.8,0.1,0,0.1,0,0,uniform,0,0,2000,2,2.09648,5.9585,481631,812489469
B,10,15,0.95,web_server,0.8,0.1,0,0.1,0,0,zipf,0.3,1.5,2000,2,0.650609,5.9795,1.54123e+06,812478123
B,10,15,0.95,web_server,0.8,0.1,0,0.1,0,0,zipf,0.8,2,2000,2,0.353886,2.729,2.92352e+06,812476449
B,10,2,0.3,web_server,0.8,0.1,0,0.1,0,0,uniform,0,0,2000,2,0.203298,0.4795,4.92487e+06,29695
B,10,2,0.3,web_server,0.8,0.1,0,0.1,0,0,zipf,0.3,1.5,2000,2,0.19518,0.396,5.12361e+06,27928
B,10,2,0.3,web_server,0.8,0.1,0,0.1,0,0,zipf,0.8,2,2000,2,0.191574,0.375,5.21991e+06,27184
B,10,2,0.6,web_server,0.8,0.1,0,0.1,0,0,uniform,0,0,2000,2,0.19783,0.417,5.05497e+06,29788
B,10,2,0.6,web_server,0.8,0.1,0,0.1,0,0,zipf,0.3,1.5,2000,2,0.205983,0.396,4.86564e+06,27463
B,10,2,0.6,web_server,0.8,0.1,0,0.1,0,0,zipf,0.8,2,2000,2,0.21037,0.4165,4.75358e+06,27556
B,10,2,0.95,web_server,0.8,0.1,0,0.1,0,0,uniform,0,0,2000,2,0.213058,0.459,4.69355e+06,29695
B,10,2,0.95,web_server,0.8,0.1,0,0.1,0,0,zipf,0.3,1.5,2000,2,0.20913,0.417,4.78176e+06,27556
B,10,2,0.95,web_server,0.8,0.1,0,0.1,0,0,zipf,0.8,2,2000,2,0.209947,0.375,4.7631e+06,27184
B,15,2,0.3,web_server,0.8,0.1,0,0.1,0,0,uniform,0,0,2000,2,0.259075,0.5625,3.86091e+06,30252
B,15,2,0.3,web_server,0.8,0.1,0,0.1,0,0,zipf,0.3,1.5,2000,2,0.266989,0.5205,3.74548e+06,28578
B,15,2,0.3,web_server,0.8,0.1,0,0.1,0,0,zipf,0.8,2,2000,2,0.265399,0.5,3.76791e+06,27834
B,15,2,0.6,web_server,0.8,0.1,0,0.1,0,0,uniform,0,0,2000,2,0.253204,0.5,3.94939e+06,30252
B,15,2,0.6,web_server,0.8,0.1,0,0.1,0,0,zipf,0.3,1.5,2000,2,0.312775,0.646,3.1974e+06,28857
B,15,2,0.6,web_server,0.8,0.1,0,0.1,0,0,zipf,0.8,2,2000,2,0.325266,0.625,3.0747e+06,27927
B,15,2,0.95,web_server,0.8,0.1,0,0.1,0,0,uniform,0,0,2000,2,0.308027,0.6665,3.24868e+06,30252
B,15,2,0.95,web_server,0.8,0.1,0,0.1,0,0,zipf,0.3,1.5,2000,2,0.281763,0.6035,3.55169e+06,28857
B,15,2,0.95,web_server,0.8,0.1,0,0.1,0,0,zipf,0.8,2,2000,2,0.252972,0.4795,3.98688e+06,27648
B,20,2,0.3,web_server,0.8,0.1,0,0.1,0,0,uniform,0,0,2000,2,0.355326,0.8545,2.81449e+06,64513
B,20,2,0.3,web_server,0.8,0.1,0,0.1,0,0,zipf,0.3,1.5,2000,2,0.312179,0.7085,3.2033e+06,60142
B,20,2,0.3,web_server,0.8,0.1,0,0.1,0,0,zipf,0.8,2,2000,2,0.272363,0.646,3.7512e+06,59491
B,20,2,0.6,web_server,0.8,0.1,0,0.1,0,0,uniform,0,0,2000,2,0.310052,0.6665,3.22821e+06,65071
B,20,2,0.6,web_server,0.8,0.1,0,0.1,0,0,zipf,0.3,1.5,2000,2,0.316332,0.7295,3.16151e+06,60235
B,20,2,0.6,web_server,0.8,0.1,0,0.1,0,0,zipf,0.8,2,2000,2,0.244573,0.5625,4.08898e+06,58933
B,20,2,0.95,web_server,0.8,0.1,0,0.1,0,0,uniform,0,0,2000,2,0.27847,0.6455,3.5917e+06,64606
B,20,2,0.95,web_server,0.8,0.1,0,0.1,0,0,zipf,0.3,1.5,2000,2,0.24946,0.542,4.00867e+06,60979
B,20,2,0.95,web_server,0.8,0.1,0,0.1,0,0,zipf,0.8,2,2000,2,0.238734,0.542,4.18878e+06,59026
B,15,3,0.3,web_server,0.8,0.1,0,0.1,0,0,uniform,0,0,2000,2,0.327452,0.792,3.06337e+06,455325
B,15,3,0.3,web_server,0.8,0.1,0,0.1,0,0,zipf,0.3,1.5,2000,2,0.288596,0.667,3.46579e+06,443979
B,15,3,0.3,web_server,0.8,0.1,0,0.1,0,0,zipf,0.8,2,2000,2,0.33142,0.7915,3.06776e+06,441189
B,15,3,0.6,web_server,0.8,0.1,0,0.1,0,0,uniform,0,0,2000,2,0.422138,1.0205,2.36968e+06,1095769
B,15,3,0.6,web_server,0.8,0.1,0,0.1,0,0,zipf,0.3,1.5,2000,2,0.426707,1.271,2.3436e+06,1083307
B,15,3,0.6,web_server,0.8,0.1,0,0.1,0,0,zipf,0.8,2,2000,2,0.302756,0.688,3.30349e+06,1079587
B,15,3,0.95,web_server,0.8,0.1,0,0.1,0,0,uniform,0,0,2000,2,0.34439,0.771,2.90457e+06,1094002
B,15,3,0.95,web_server,0.8,0.1,0,0.1,0,0,zipf,0.3,1.5,2000,2,0.443764,1.354,2.34747e+06,1082284
B,15,3,0.95,web_server,0.8,0.1,0,0.1,0,0,zipf,0.8,2,2000,2,0.361655,0.833,2.76574e+06,1079029
B,2,30,0.3,web_server,0.8,0.1,0,0.1,0,0,uniform,0,0,2000,2,0.120739,0.2505,8.28237e+06,63511
B,2,30,0.3,web_server,0.8,0.1,0,0.1,0,0,zipf,0.3,1.5,2000,2,0.11591,0.208,8.62937e+06,58582
B,2,30,0.3,web_server,0.8,0.1,0,0.1,0,0,zipf,0.8,2,2000,2,0.112767,0.1875,8.86815e+06,57559
B,2,30,0.6,web_server,0.8,0.1,0,0.1,0,0,uniform,0,0,2000,2,0.101741,0.188,9.83377e+06,105514
B,2,30,0.6,web_server,0.8,0.1,0,0.1,0,0,zipf,0.3,1.5,2000,2,0.0859032,0.146,1.16599e+07,99283
B,2,30,0.6,web_server,0.8,0.1,0,0.1,0,0,zipf,0.8,2,2000,2,0.0770332,0.125,1.29815e+07,97888
B,2,30,0.95,web_server,0.8,0.1,0,0.1,0,0,uniform,0,0,2000,2,0.086085,0.166,1.16181e+07,105235
B,2,30,0.95,web_server,0.8,0.1,0,0.1,0,0,zipf,0.3,1.5,2000,2,0.0821087,0.1665,1.2179e+07,98353
B,2,30,0.95,web_server,0.8,0.1,0,0.1,0,0,zipf,0.8,2,2000,2,0.0750095,0.125,1.33345e+07,97144
B,2,50,0.3,web_server,0.8,0.1,0,0.1,0,0,uniform,0,0,2000,2,0.0986347,0.229,1.01402e+07,161168
B,2,50,0.3,web_server,0.8,0.1,0,0.1,0,0,zipf,0.3,1.5,2000,2,0.102402,1.5,9.76561e+06,152147
B,2,50,0.3,web_server,0.8,0.1,0,0.1,0,0,zipf,0.8,2,2000,2,0.091275,0.167,1.09562e+07,150380
B,2,50,0.6,web_server,0.8,0.1,0,0.1,0,0,uniform,0,0,2000,2,0.101363,0.1875,9.86578e+06,265632
B,2,50,0.6,web_server,0.8,0.1,0,0.1,0,0,zipf,0.3,1.5,2000,2,0.0851752,0.167,1.17413e+07,256332
B,2,50,0.6,web_server,0.8,0.1,0,0.1,0,0,zipf,0.8,2,2000,2,0.0896628,0.167,1.11548e+07,254193
B,2,50,0.95,web_server,0.8,0.1,0,0.1,0,0,uniform,0,0,2000,2,0.106959,0.208,9.35004e+06,264516
B,2,50,0.95,web_server,0.8,0.1,0,0.1,0,0,zipf,0.3,1.5,2000,2,0.0959742,0.167,1.04196e+07,255867
B,2,50,0.95,web_server,0.8,0.1,0,0.1,0,0,zipf,0.8,2,2000,2,0.0905955,0.167,1.10385e+07,254193
B,3,30,0.3,web_server,0.8,0.1,0,0.1,0,0,uniform,0,0,2000,2,0.191774,0.4375,5.24314e+06,1215308
B,3,30,0.3,web_server,0.8,0.1,0,0.1,0,0,zipf,0.3,1.5,2000,2,0.204905,1.9795,4.88101e+06,1204334
B,3,30,0.3,web_server,0.8,0.1,0,0.1,0,0,zipf,0.8,2,2000,2,0.181121,2.146,5.5644e+06,1202288
B,3,30,0.6,web_server,0.8,0.1,0,0.1,0,0,uniform,0,0,2000,2,0.236463,1.542,4.30073e+06,1213820
B,3,30,0.6,web_server,0.8,0.1,0,0.1,0,0,zipf,0.3,1.5,2000,2,0.197797,2.0415,5.05738e+06,1204334
B,3,30,0.6,web_server,0.8,0.1,0,0.1,0,0,zipf,0.8,2,2000,2,0.171916,2.0415,5.81683e+06,1202567
B,3,30,0.95,web_server,0.8,0.1,0,0.1,0,0,uniform,0,0,2000,2,0.166774,0.3335,5.99936e+06,1215866
B,3,30,0.95,web_server,0.8,0.1,0,0.1,0,0,zipf,0.3,1.5,2000,2,0.211429,2.0835,4.73041e+06,1205357
B,3,30,0.95,web_server,0.8,0.1,0,0.1,0,0,zipf,0.8,2,2000,2,0.194245,2.2495,5.25865e+06,1202753
B,3,50,0.3,web_server,0.8,0.1,0,0.1,0,0,uniform,0,0,2000,2,0.249681,0.479,4.02695e+06,6080580
B,3,50,0.3,web_server,0.8,0.1,0,0.1,0,0,zipf,0.3,1.5,2000,2,0.261829,2.646,3.8542e+06,6069234
B,3,50,0.3,web_server,0.8,0.1,0,0.1,0,0,zipf,0.8,2,2000,2,0.184356,0.479,5.48353e+06,6065979
B,3,50,0.6,web_server,0.8,0.1,0,0.1,0,0,uniform,0,0,2000,2,0.34203,0.9375,3.0955e+06,6079743
B,3,50,0.6,web_server,0.8,0.1,0,0.1,0,0,zipf,0.3,1.5,2000,2,0.246153,0.688,4.21555e+06,6068955
B,3,50,0.6,web_server,0.8,0.1,0,0.1,0,0,zipf,0.8,2,2000,2,0.168116,0.5215,5.94862e+06,6066258
B,3,50,0.95,web_server,0.8,0.1,0,0.1,0,0,uniform,0,0,2000,2,0.3083,0.583,3.24379e+06,6079836
B,3,50,0.95,web_server,0.8,0.1,0,0.1,0,0,zipf,0.3,1.5,2000,2,0.227211,0.7495,4.43511e+06,6069420
B,3,50,0.95,web_server,0.8,0.1,0,0.1,0,0,zipf,0.8,2,2000,2,0.158963,0.4165,6.29257e+06,6066723